episode,reward_episode,loss_total,loss_actor,loss_critic,loss_entropy,stats_approx_kl,stats_clip_fraction,gradients_norm_action_layer.0.weight,gradients_norm_action_layer.0.bias,gradients_norm_action_layer.2.weight,gradients_norm_action_layer.2.bias,gradients_norm_action_layer.4.weight,gradients_norm_action_layer.4.bias,gradients_norm_value_layer.0.weight,gradients_norm_value_layer.0.bias,gradients_norm_value_layer.2.weight,gradients_norm_value_layer.2.bias,gradients_norm_value_layer.4.weight,gradients_norm_value_layer.4.bias
6,-39.0,0.3894859254360199,-0.08708275854587555,0.4988479018211365,2.227924346923828,0.027564702555537224,0.3070000112056732,0.04473721235990524,0.0004960098885931075,0.07607042789459229,0.01148088090121746,0.12821964919567108,0.03341982141137123,0.07301323860883713,0.0003669981088023633,0.12379620969295502,0.01711634173989296,0.287150502204895,0.06752955168485641
8,-26.0,0.40711021423339844,-0.06919828802347183,0.4976860582828522,2.1377575397491455,0.028553709387779236,0.3830000162124634,0.11865317821502686,0.00050942855887115,0.08991415798664093,0.012194470502436161,0.1464315503835678,0.03330143913626671,0.15915198624134064,0.0006477238493971527,0.09651953727006912,0.013597475364804268,0.2325054556131363,0.05535504221916199
16,-49.0,0.49148261547088623,0.012482667341828346,0.498354434967041,1.9354478120803833,0.010594073683023453,0.19450001418590546,0.05284271016716957,0.0002905362634919584,0.04438507556915283,0.005867449101060629,0.09035976976156235,0.017861319705843925,0.040250811725854874,0.00012447948392946273,0.035147521644830704,0.005698571912944317,0.11154574900865555,0.02891327068209648
17,-46.0,0.5223843455314636,0.04097971320152283,0.50002521276474,1.8620567321777344,0.012065458111464977,0.24250000715255737,0.2153579145669937,0.0009190046694129705,0.06670798361301422,0.010446366854012012,0.15875568985939026,0.036598265171051025,0.08836765587329865,0.00022376618289854378,0.0735243409872055,0.01053429115563631,0.24691465497016907,0.057303763926029205
22,-29.0,0.5314619541168213,0.047445666044950485,0.5001622438430786,1.6145987510681152,0.0203163530677557,0.19100001454353333,0.029617393389344215,0.0003090926620643586,0.05590253323316574,0.006034079939126968,0.10201502591371536,0.019258353859186172,0.06513725966215134,0.00023000739747658372,0.06019122526049614,0.009809463284909725,0.24657735228538513,0.06283631920814514
23,-21.0,0.4718553125858307,-0.011371573433279991,0.4988225996494293,1.5595747232437134,0.012517841532826424,0.13300000131130219,0.06545212119817734,0.00040441795135848224,0.05246498063206673,0.005103990435600281,0.10389181971549988,0.00816783681511879,0.01380026526749134,3.0255479941843078e-05,0.00802975706756115,0.0005566367181017995,0.031005611643195152,0.004078645259141922
24,-16.0,0.529838502407074,0.045178987085819244,0.4997876286506653,1.5128121376037598,0.008830768056213856,0.21450001001358032,0.08058151602745056,0.0006799486582167447,0.06726754456758499,0.008726723492145538,0.12254057079553604,0.020687079057097435,0.06619446724653244,0.00038482763920910656,0.055957481265068054,0.008473691530525684,0.25820356607437134,0.06160402297973633
29,-24.0,0.45688149333000183,-0.027802394703030586,0.4982151389122009,1.3531270027160645,0.009414727799594402,0.16850000619888306,0.016739515587687492,0.00015630022971890867,0.05660583823919296,0.006535351742058992,0.13233639299869537,0.023418664932250977,0.0369994156062603,0.000178354763193056,0.01367912720888853,0.002473382279276848,0.06338335573673248,0.018142543733119965
31,-39.0,0.42503127455711365,-0.06143121048808098,0.49913325905799866,1.2670809030532837,0.009754127822816372,0.13950000703334808,0.029847582802176476,0.0003416036197450012,0.04131331294775009,0.004748967010527849,0.11550674587488174,0.01993141509592533,0.07349993288516998,0.0006081532337702811,0.04048963636159897,0.005906275473535061,0.20216292142868042,0.048260629177093506
38,-48.0,0.48106396198272705,-0.006282360292971134,0.4980487525463104,1.0702458620071411,0.007221685256808996,0.09800000488758087,0.03454352915287018,0.0003342499549034983,0.05511531978845596,0.006540599744766951,0.13735398650169373,0.0232941173017025,0.018758499994874,0.00012384516594465822,0.0040659671649336815,0.0004054746823385358,0.012084031477570534,0.0015926174819469452
40,-21.0,0.4803827702999115,-0.00934492889791727,0.4986869692802429,0.8959271907806396,0.02225278504192829,0.26200002431869507,0.23574073612689972,0.0019535778556019068,0.08352384716272354,0.010122804902493954,0.20250579714775085,0.02888135425746441,0.008256145752966404,6.450997898355126e-05,0.018651137128472328,0.0018037999980151653,0.06293649226427078,0.005630526691675186
43,-25.0,0.4563678205013275,-0.03241436183452606,0.4979265630245209,0.9144384264945984,0.010862690396606922,0.12200000882148743,0.007435317616909742,7.136943168006837e-05,0.027920003980398178,0.002616317244246602,0.06241854652762413,0.007871326059103012,0.01335201133042574,0.0001036655594361946,0.015427431091666222,0.001857637893408537,0.10520464926958084,0.021954162046313286
50,-22.0,0.4656655788421631,-0.0236970167607069,0.49714288115501404,0.7780308127403259,0.006892855744808912,0.03400000184774399,0.05401434004306793,0.00038933477480895817,0.018863657489418983,0.001835283008404076,0.06121300905942917,0.009621004574000835,0.032110877335071564,0.00018272455781698227,0.017414886504411697,0.0013407893711701035,0.11564402282238007,0.018105637282133102
52,-48.0,0.5013713836669922,0.010991375893354416,0.4980526268482208,0.7672646045684814,0.006784286815673113,0.11600000411272049,0.005921784322708845,2.907136149588041e-05,0.0231403186917305,0.0035497997887432575,0.07894012331962585,0.012500088661909103,0.007172327022999525,4.104605977772735e-05,0.011819770559668541,0.0014104960719123483,0.0953611508011818,0.0199526846408844
53,-39.0,0.5076435804367065,0.016951963305473328,0.49813106656074524,0.7439453601837158,0.006767995189875364,0.1145000085234642,0.009342954494059086,2.0582794604706578e-05,0.03293542563915253,0.003530662739649415,0.10973197966814041,0.014802036806941032,0.01764502190053463,0.000183675714652054,0.01102706603705883,0.0021343431435525417,0.0709228515625,0.023381724953651428
57,-23.0,0.4845661520957947,-0.0070684608072042465,0.4980165660381317,0.6381968259811401,0.01559026725590229,0.23650000989437103,0.008054479956626892,1.7847520211944357e-05,0.049526460468769073,0.005255967378616333,0.14971941709518433,0.021010199561715126,0.005909600295126438,2.8076974558643997e-05,0.0012613678118214011,0.00016815387061797082,0.004612855147570372,0.00037019792944192886
67,-45.0,0.5004398226737976,0.00640775915235281,0.4985530376434326,0.4520983397960663,0.004368175752460957,0.04800000041723251,0.002339291153475642,1.967390016943682e-05,0.01376572996377945,0.0013739238493144512,0.04706627503037453,0.006488208658993244,0.0021174149587750435,8.75189925864106e-06,0.003845448140054941,0.0004032803699374199,0.05395447835326195,0.010350840166211128
68,-28.0,0.5255769491195679,0.031442806124687195,0.49873611330986023,0.46019962430000305,0.0004936029436066747,0.023500001057982445,0.0043260483071208,3.056740024476312e-05,0.011536790989339352,0.0015731197781860828,0.051536835730075836,0.00782404001802206,0.057790398597717285,0.000271551834885031,0.00966142863035202,0.0016853092238307,0.13713867962360382,0.03532476723194122
70,-47.0,0.4930662214756012,-0.0012271995656192303,0.49833035469055176,0.40369483828544617,0.002221104223281145,0.06650000065565109,0.005143679678440094,7.601893594255671e-05,0.015616564080119133,0.001946185831911862,0.051043957471847534,0.005104403477162123,0.005518537014722824,4.004786751465872e-05,0.0013856932055205107,0.00018151784024666995,0.01128779724240303,0.0022069942206144333
73,-43.0,0.5083099007606506,0.0130038782954216,0.49862855672836304,0.3322572112083435,0.004122521728277206,0.06050000339746475,0.0004967727581970394,5.529025656869635e-06,0.009356417693197727,0.0010529975406825542,0.05716116726398468,0.008211028762161732,0.01872907765209675,0.00013506672985386103,0.004740359261631966,0.0008143256418406963,0.0606040433049202,0.016283275559544563
79,-28.0,0.5237551331520081,0.02901816926896572,0.4986989498138428,0.3961992859840393,0.005565811414271593,0.03150000050663948,0.005693431012332439,4.9758353270590305e-05,0.007466081064194441,0.0008553800289519131,0.05734771862626076,0.007895102724432945,0.06683468818664551,0.00023305646027438343,0.00845014862716198,0.001199136720970273,0.1332063376903534,0.030680596828460693
82,-43.0,0.4919416010379791,-0.002797264140099287,0.4981784224510193,0.34395843744277954,0.00791613943874836,0.08350000530481339,0.000626405468210578,4.917820660921279e-06,0.014035440050065517,0.0020482183899730444,0.06352080404758453,0.008952551521360874,0.0032608837354928255,2.050989496638067e-05,0.0012196002062410116,0.00015748399891890585,0.007348441984504461,0.0002497229725122452
83,-45.0,0.4933483600616455,-0.001278804847970605,0.4984050393104553,0.37779176235198975,0.005707157775759697,0.01850000023841858,0.001632246421650052,5.854711616848363e-06,0.0077513731084764,0.0010689037153497338,0.028386438265442848,0.003745740745216608,0.004190715495496988,2.0098068489460275e-05,0.00021636002929881215,2.429253981972579e-05,0.0037771451752632856,0.0006368523463606834
86,-33.0,0.50345379114151,0.008655322715640068,0.49823588132858276,0.3437400758266449,0.003261436242610216,0.05100000277161598,0.0006635549361817539,9.047137609741185e-06,0.004565809853374958,0.0005524359294213355,0.04054567962884903,0.005928921513259411,0.07573024183511734,0.0001814001880120486,0.002840976696461439,0.0004612355260178447,0.04328705742955208,0.010601301677525043
90,-27.0,0.51572585105896,0.019957980141043663,0.498934805393219,0.31669068336486816,0.004226486198604107,0.058500003069639206,0.0017029769951477647,1.871686617960222e-05,0.004790071398019791,0.000596961472183466,0.04706711322069168,0.006608111318200827,0.02140568196773529,0.00015065113257151097,0.006712726317346096,0.0008346414542756975,0.11309362202882767,0.024362698197364807
95,-33.0,0.5222993493080139,0.025983866304159164,0.49901100993156433,0.26955464482307434,0.0025060437619686127,0.01900000125169754,0.000925352331250906,1.2712053830910008e-05,0.003895397763699293,0.00044706958578899503,0.06770303845405579,0.00966095831245184,0.012200205586850643,6.284044502535835e-05,0.006970678456127644,0.0009334743372164667,0.1252405196428299,0.028300046920776367
96,-59.0,0.5188341736793518,0.023211995139718056,0.49873077869415283,0.31086310744285583,0.005968111101537943,0.03550000116229057,0.000402375211706385,8.575423635193147e-06,0.0030037355609238148,0.00043149638804607093,0.02380026876926422,0.0027826749719679356,0.033747199922800064,0.00022057820751797408,0.006253313273191452,0.000866167014464736,0.10879803448915482,0.025651544332504272
105,-49.0,0.5187185406684875,0.023381901904940605,0.4985671043395996,0.3230460286140442,0.002797418273985386,0.0650000050663948,0.00021157032460905612,5.084041276859352e-06,0.007427595090121031,0.0009029145003296435,0.10740788280963898,0.013561585918068886,0.056603893637657166,0.00045573737588711083,0.007257282733917236,0.0010307399788871408,0.10243413597345352,0.02498793974518776
107,-57.0,0.5064532160758972,0.011875740252435207,0.49790158867836,0.33241257071495056,0.0006359135149978101,0.05100000277161598,0.00022121923393569887,5.005569164495682e-06,0.003304101526737213,0.0004372693656478077,0.04372982680797577,0.0068824863992631435,0.09319634735584259,0.0007643670542165637,0.007443052716553211,0.0010210324544459581,0.06269079446792603,0.014962092973291874
108,-42.0,0.5169519782066345,0.021315278485417366,0.49866166710853577,0.30249735713005066,0.004010542295873165,0.07150000333786011,0.00012509046064224094,3.0043377137189964e-06,0.005704081617295742,0.0006100985337980092,0.05973498523235321,0.008001101203262806,0.08918063342571259,0.0007279266137629747,0.011762062087655067,0.0015866415342316031,0.11057223379611969,0.02481267601251602
112,-30.0,0.5124136209487915,0.016982441768050194,0.4986305236816406,0.3199343979358673,0.005455590318888426,0.023000001907348633,0.00029776213341392577,7.215255209302995e-06,0.007691416423767805,0.0009712535538710654,0.05529756098985672,0.007868653163313866,0.029454322531819344,0.00022809965594206005,0.006102261133491993,0.000880183361005038,0.08227705955505371,0.019603151828050613
117,-37.0,0.4612145721912384,-0.03381351754069328,0.4979960024356842,0.29679569602012634,0.0009785328293219209,0.04100000113248825,0.00015812244964763522,2.894766339522903e-06,0.007795839104801416,0.001038981950841844,0.050825465470552444,0.008910736069083214,0.07091173529624939,0.0006108325906097889,0.008335942402482033,0.0011987007455900311,0.1243753582239151,0.032228343188762665
122,-50.0,0.5216484665870667,0.026056066155433655,0.49840596318244934,0.28135883808135986,0.0046586231328547,0.008500000461935997,0.0005369060090743005,1.302410692005651e-05,0.005759354680776596,0.0006664335960522294,0.06671787053346634,0.008591532707214355,0.02616048790514469,0.00023176860122475773,0.006878319662064314,0.0012060581939294934,0.09079161286354065,0.028168823570013046
123,-49.0,0.5219504237174988,0.026638461276888847,0.49829840660095215,0.29864609241485596,0.0015012669609859586,0.007500000298023224,0.00034942731144838035,8.47297087602783e-06,0.004789243917912245,0.0005973855149932206,0.09003161638975143,0.012635613791644573,0.05681952089071274,0.0003822793660219759,0.007224817294627428,0.0011432752944529057,0.10979581624269485,0.029487553983926773
128,-58.0,,,,,,,,,,,,,,,,,,
135,-36.0,,,,,,,,,,,,,,,,,,
137,-30.0,,,,,,,,,,,,,,,,,,
139,-52.0,,,,,,,,,,,,,,,,,,
143,-42.0,,,,,,,,,,,,,,,,,,
146,-48.0,,,,,,,,,,,,,,,,,,
147,-49.0,,,,,,,,,,,,,,,,,,
152,-35.0,,,,,,,,,,,,,,,,,,
157,-14.0,,,,,,,,,,,,,,,,,,
161,-24.0,,,,,,,,,,,,,,,,,,
162,-47.0,,,,,,,,,,,,,,,,,,
168,-17.0,,,,,,,,,,,,,,,,,,
172,-58.0,,,,,,,,,,,,,,,,,,
176,-46.0,,,,,,,,,,,,,,,,,,
189,-39.0,,,,,,,,,,,,,,,,,,
191,-33.0,,,,,,,,,,,,,,,,,,
195,-60.0,,,,,,,,,,,,,,,,,,
202,-46.0,,,,,,,,,,,,,,,,,,
203,-57.0,,,,,,,,,,,,,,,,,,
204,-43.0,,,,,,,,,,,,,,,,,,
212,-20.0,,,,,,,,,,,,,,,,,,
213,-40.0,,,,,,,,,,,,,,,,,,
214,-44.0,,,,,,,,,,,,,,,,,,
215,-40.0,,,,,,,,,,,,,,,,,,
217,-27.0,,,,,,,,,,,,,,,,,,
220,-55.0,,,,,,,,,,,,,,,,,,
221,-40.0,,,,,,,,,,,,,,,,,,
222,-63.0,,,,,,,,,,,,,,,,,,
224,-35.0,,,,,,,,,,,,,,,,,,
226,-42.0,,,,,,,,,,,,,,,,,,
228,-26.0,,,,,,,,,,,,,,,,,,
233,-41.0,,,,,,,,,,,,,,,,,,
240,-40.0,,,,,,,,,,,,,,,,,,
251,-43.0,,,,,,,,,,,,,,,,,,
253,-49.0,,,,,,,,,,,,,,,,,,
256,-12.0,,,,,,,,,,,,,,,,,,
258,-36.0,,,,,,,,,,,,,,,,,,
261,-31.0,,,,,,,,,,,,,,,,,,
276,-42.0,,,,,,,,,,,,,,,,,,
278,-28.0,,,,,,,,,,,,,,,,,,
281,-42.0,,,,,,,,,,,,,,,,,,
287,-55.0,,,,,,,,,,,,,,,,,,
298,-26.0,,,,,,,,,,,,,,,,,,
300,-45.0,,,,,,,,,,,,,,,,,,
306,-42.0,,,,,,,,,,,,,,,,,,
308,-58.0,,,,,,,,,,,,,,,,,,
314,-64.0,,,,,,,,,,,,,,,,,,
325,-38.0,,,,,,,,,,,,,,,,,,
327,-40.0,,,,,,,,,,,,,,,,,,
328,-47.0,,,,,,,,,,,,,,,,,,
333,-52.0,,,,,,,,,,,,,,,,,,
334,-28.0,,,,,,,,,,,,,,,,,,
339,-48.0,,,,,,,,,,,,,,,,,,
341,-40.0,,,,,,,,,,,,,,,,,,
342,-50.0,,,,,,,,,,,,,,,,,,
354,-43.0,,,,,,,,,,,,,,,,,,
364,-46.0,,,,,,,,,,,,,,,,,,
371,-26.0,,,,,,,,,,,,,,,,,,
373,-31.0,,,,,,,,,,,,,,,,,,
375,-34.0,,,,,,,,,,,,,,,,,,
377,-54.0,,,,,,,,,,,,,,,,,,
379,-40.0,,,,,,,,,,,,,,,,,,
383,-35.0,,,,,,,,,,,,,,,,,,
389,-24.0,,,,,,,,,,,,,,,,,,
392,-56.0,,,,,,,,,,,,,,,,,,
396,-21.0,,,,,,,,,,,,,,,,,,
405,-41.0,,,,,,,,,,,,,,,,,,
406,-17.0,,,,,,,,,,,,,,,,,,
412,-45.0,,,,,,,,,,,,,,,,,,
413,-48.0,,,,,,,,,,,,,,,,,,
415,-61.0,,,,,,,,,,,,,,,,,,
420,-64.0,,,,,,,,,,,,,,,,,,
421,-40.0,,,,,,,,,,,,,,,,,,
425,-41.0,,,,,,,,,,,,,,,,,,
430,-57.0,,,,,,,,,,,,,,,,,,
437,-36.0,,,,,,,,,,,,,,,,,,
444,-41.0,,,,,,,,,,,,,,,,,,
445,-29.0,,,,,,,,,,,,,,,,,,
447,-50.0,,,,,,,,,,,,,,,,,,
451,-43.0,,,,,,,,,,,,,,,,,,
455,-19.0,,,,,,,,,,,,,,,,,,
457,-31.0,,,,,,,,,,,,,,,,,,
466,-56.0,,,,,,,,,,,,,,,,,,
470,-27.0,,,,,,,,,,,,,,,,,,
477,-52.0,,,,,,,,,,,,,,,,,,
486,-33.0,,,,,,,,,,,,,,,,,,
493,-26.0,,,,,,,,,,,,,,,,,,
497,-33.0,,,,,,,,,,,,,,,,,,
500,-37.0,,,,,,,,,,,,,,,,,,
505,-32.0,,,,,,,,,,,,,,,,,,
506,-46.0,,,,,,,,,,,,,,,,,,
514,-35.0,,,,,,,,,,,,,,,,,,
523,-42.0,,,,,,,,,,,,,,,,,,
527,-58.0,,,,,,,,,,,,,,,,,,
531,-20.0,,,,,,,,,,,,,,,,,,
533,-24.0,,,,,,,,,,,,,,,,,,
539,-38.0,,,,,,,,,,,,,,,,,,
544,-41.0,,,,,,,,,,,,,,,,,,
545,-29.0,,,,,,,,,,,,,,,,,,
546,-65.0,,,,,,,,,,,,,,,,,,
551,-43.0,,,,,,,,,,,,,,,,,,
552,-58.0,,,,,,,,,,,,,,,,,,
553,-58.0,,,,,,,,,,,,,,,,,,
561,-47.0,,,,,,,,,,,,,,,,,,
565,-14.0,,,,,,,,,,,,,,,,,,
572,-29.0,,,,,,,,,,,,,,,,,,
578,-41.0,,,,,,,,,,,,,,,,,,
579,-28.0,,,,,,,,,,,,,,,,,,
581,-42.0,,,,,,,,,,,,,,,,,,
591,-42.0,,,,,,,,,,,,,,,,,,
597,-44.0,,,,,,,,,,,,,,,,,,
598,-41.0,,,,,,,,,,,,,,,,,,
601,-38.0,,,,,,,,,,,,,,,,,,
607,-33.0,,,,,,,,,,,,,,,,,,
608,-28.0,,,,,,,,,,,,,,,,,,
609,-19.0,,,,,,,,,,,,,,,,,,
616,-35.0,,,,,,,,,,,,,,,,,,
623,-26.0,,,,,,,,,,,,,,,,,,
632,-31.0,,,,,,,,,,,,,,,,,,
634,-61.0,,,,,,,,,,,,,,,,,,
639,-31.0,,,,,,,,,,,,,,,,,,
644,-34.0,,,,,,,,,,,,,,,,,,
651,-25.0,,,,,,,,,,,,,,,,,,
653,-42.0,,,,,,,,,,,,,,,,,,
654,-37.0,,,,,,,,,,,,,,,,,,
656,-34.0,,,,,,,,,,,,,,,,,,
658,-63.0,,,,,,,,,,,,,,,,,,
665,-25.0,,,,,,,,,,,,,,,,,,
667,-15.0,,,,,,,,,,,,,,,,,,
669,-35.0,,,,,,,,,,,,,,,,,,
679,-41.0,,,,,,,,,,,,,,,,,,
686,-32.0,,,,,,,,,,,,,,,,,,
692,-24.0,,,,,,,,,,,,,,,,,,
705,-40.0,,,,,,,,,,,,,,,,,,
707,-47.0,,,,,,,,,,,,,,,,,,
708,-38.0,,,,,,,,,,,,,,,,,,
710,-45.0,,,,,,,,,,,,,,,,,,
711,-9.0,,,,,,,,,,,,,,,,,,
714,-62.0,,,,,,,,,,,,,,,,,,
728,-38.0,,,,,,,,,,,,,,,,,,
729,-37.0,,,,,,,,,,,,,,,,,,
734,-40.0,,,,,,,,,,,,,,,,,,
736,-38.0,,,,,,,,,,,,,,,,,,
741,-59.0,,,,,,,,,,,,,,,,,,
753,-33.0,,,,,,,,,,,,,,,,,,
755,-36.0,,,,,,,,,,,,,,,,,,
758,-36.0,,,,,,,,,,,,,,,,,,
760,-41.0,,,,,,,,,,,,,,,,,,
766,-38.0,,,,,,,,,,,,,,,,,,
769,-28.0,,,,,,,,,,,,,,,,,,
772,-55.0,,,,,,,,,,,,,,,,,,
774,-57.0,,,,,,,,,,,,,,,,,,
779,-34.0,,,,,,,,,,,,,,,,,,
782,-28.0,,,,,,,,,,,,,,,,,,
783,-28.0,,,,,,,,,,,,,,,,,,
786,-29.0,,,,,,,,,,,,,,,,,,
794,-33.0,,,,,,,,,,,,,,,,,,
800,-61.0,,,,,,,,,,,,,,,,,,
804,-55.0,,,,,,,,,,,,,,,,,,
812,-17.0,,,,,,,,,,,,,,,,,,
813,-37.0,,,,,,,,,,,,,,,,,,
816,-47.0,,,,,,,,,,,,,,,,,,
818,-45.0,,,,,,,,,,,,,,,,,,
827,-34.0,,,,,,,,,,,,,,,,,,
830,-44.0,,,,,,,,,,,,,,,,,,
840,-43.0,,,,,,,,,,,,,,,,,,
844,-34.0,,,,,,,,,,,,,,,,,,
848,-16.0,,,,,,,,,,,,,,,,,,
850,-40.0,,,,,,,,,,,,,,,,,,
852,-42.0,,,,,,,,,,,,,,,,,,
853,-37.0,,,,,,,,,,,,,,,,,,
855,-38.0,,,,,,,,,,,,,,,,,,
866,-32.0,,,,,,,,,,,,,,,,,,
867,-49.0,,,,,,,,,,,,,,,,,,
868,-21.0,,,,,,,,,,,,,,,,,,
870,-43.0,,,,,,,,,,,,,,,,,,
872,-20.0,,,,,,,,,,,,,,,,,,
876,-33.0,,,,,,,,,,,,,,,,,,
878,-36.0,,,,,,,,,,,,,,,,,,
883,-34.0,,,,,,,,,,,,,,,,,,
885,-18.0,,,,,,,,,,,,,,,,,,
886,-30.0,,,,,,,,,,,,,,,,,,
888,-22.0,,,,,,,,,,,,,,,,,,
890,-29.0,,,,,,,,,,,,,,,,,,
895,-24.0,,,,,,,,,,,,,,,,,,
898,-12.0,,,,,,,,,,,,,,,,,,
901,-30.0,,,,,,,,,,,,,,,,,,
903,-55.0,,,,,,,,,,,,,,,,,,
906,-64.0,,,,,,,,,,,,,,,,,,
910,-58.0,,,,,,,,,,,,,,,,,,
915,-24.0,,,,,,,,,,,,,,,,,,
922,-41.0,,,,,,,,,,,,,,,,,,
927,-37.0,,,,,,,,,,,,,,,,,,
928,-46.0,,,,,,,,,,,,,,,,,,
933,-31.0,,,,,,,,,,,,,,,,,,
936,-40.0,,,,,,,,,,,,,,,,,,
942,-19.0,,,,,,,,,,,,,,,,,,
946,-20.0,,,,,,,,,,,,,,,,,,
950,-35.0,,,,,,,,,,,,,,,,,,
952,-53.0,,,,,,,,,,,,,,,,,,
958,-35.0,,,,,,,,,,,,,,,,,,
973,-14.0,,,,,,,,,,,,,,,,,,
976,-33.0,,,,,,,,,,,,,,,,,,
984,-32.0,,,,,,,,,,,,,,,,,,
991,-30.0,,,,,,,,,,,,,,,,,,
994,-26.0,,,,,,,,,,,,,,,,,,
997,-10.0,,,,,,,,,,,,,,,,,,
1000,-47.0,,,,,,,,,,,,,,,,,,
1001,-29.0,,,,,,,,,,,,,,,,,,
1008,-54.0,,,,,,,,,,,,,,,,,,
1012,-17.0,,,,,,,,,,,,,,,,,,
1014,-43.0,,,,,,,,,,,,,,,,,,
1018,-16.0,,,,,,,,,,,,,,,,,,
1027,-47.0,,,,,,,,,,,,,,,,,,
1035,-33.0,,,,,,,,,,,,,,,,,,
1041,-16.0,,,,,,,,,,,,,,,,,,
1044,-43.0,,,,,,,,,,,,,,,,,,
1057,-34.0,,,,,,,,,,,,,,,,,,
1058,-18.0,,,,,,,,,,,,,,,,,,
1063,-54.0,,,,,,,,,,,,,,,,,,
1065,-34.0,,,,,,,,,,,,,,,,,,
1070,-25.0,,,,,,,,,,,,,,,,,,
1076,-21.0,,,,,,,,,,,,,,,,,,
1081,-47.0,,,,,,,,,,,,,,,,,,
1082,-29.0,,,,,,,,,,,,,,,,,,
1085,-39.0,,,,,,,,,,,,,,,,,,
1086,-38.0,,,,,,,,,,,,,,,,,,
1088,-60.0,,,,,,,,,,,,,,,,,,
1093,-42.0,,,,,,,,,,,,,,,,,,
1095,-44.0,,,,,,,,,,,,,,,,,,
1096,-42.0,,,,,,,,,,,,,,,,,,
1097,-48.0,,,,,,,,,,,,,,,,,,
1099,-39.0,,,,,,,,,,,,,,,,,,
1102,-49.0,,,,,,,,,,,,,,,,,,
1107,-39.0,,,,,,,,,,,,,,,,,,
1111,-41.0,,,,,,,,,,,,,,,,,,
1117,-34.0,,,,,,,,,,,,,,,,,,
1118,-22.0,,,,,,,,,,,,,,,,,,
1119,-37.0,,,,,,,,,,,,,,,,,,
1130,-42.0,,,,,,,,,,,,,,,,,,
1134,-25.0,,,,,,,,,,,,,,,,,,
1144,-25.0,,,,,,,,,,,,,,,,,,
1149,-38.0,,,,,,,,,,,,,,,,,,
1155,-41.0,,,,,,,,,,,,,,,,,,
1156,-46.0,,,,,,,,,,,,,,,,,,
1158,-36.0,,,,,,,,,,,,,,,,,,
1169,-39.0,,,,,,,,,,,,,,,,,,
1177,-14.0,,,,,,,,,,,,,,,,,,
1179,-38.0,,,,,,,,,,,,,,,,,,
1192,-46.0,,,,,,,,,,,,,,,,,,
1196,-22.0,,,,,,,,,,,,,,,,,,
1204,-45.0,,,,,,,,,,,,,,,,,,
1208,-53.0,,,,,,,,,,,,,,,,,,
1214,-66.0,,,,,,,,,,,,,,,,,,
1219,-37.0,,,,,,,,,,,,,,,,,,
1223,-27.0,,,,,,,,,,,,,,,,,,
1231,-35.0,,,,,,,,,,,,,,,,,,
1238,-60.0,,,,,,,,,,,,,,,,,,
1247,-43.0,,,,,,,,,,,,,,,,,,
1249,-32.0,,,,,,,,,,,,,,,,,,
1251,-38.0,,,,,,,,,,,,,,,,,,
1256,-17.0,,,,,,,,,,,,,,,,,,
1263,-20.0,,,,,,,,,,,,,,,,,,
1267,-47.0,,,,,,,,,,,,,,,,,,
1268,-35.0,,,,,,,,,,,,,,,,,,
1270,-37.0,,,,,,,,,,,,,,,,,,
1275,-41.0,,,,,,,,,,,,,,,,,,
1279,-42.0,,,,,,,,,,,,,,,,,,
1281,-33.0,,,,,,,,,,,,,,,,,,
1292,-50.0,,,,,,,,,,,,,,,,,,
1293,-41.0,,,,,,,,,,,,,,,,,,
1300,-36.0,,,,,,,,,,,,,,,,,,
1304,-55.0,,,,,,,,,,,,,,,,,,
1326,-48.0,,,,,,,,,,,,,,,,,,
1328,-36.0,,,,,,,,,,,,,,,,,,
1329,-34.0,,,,,,,,,,,,,,,,,,
1330,-20.0,,,,,,,,,,,,,,,,,,
1331,-36.0,,,,,,,,,,,,,,,,,,
1332,-36.0,,,,,,,,,,,,,,,,,,
1333,-53.0,,,,,,,,,,,,,,,,,,
1335,-23.0,,,,,,,,,,,,,,,,,,
1336,-49.0,,,,,,,,,,,,,,,,,,
1339,-13.0,,,,,,,,,,,,,,,,,,
1341,-43.0,,,,,,,,,,,,,,,,,,
1351,-16.0,,,,,,,,,,,,,,,,,,
1354,-50.0,,,,,,,,,,,,,,,,,,
1358,-42.0,,,,,,,,,,,,,,,,,,
1362,-32.0,,,,,,,,,,,,,,,,,,
1364,-27.0,,,,,,,,,,,,,,,,,,
1372,-27.0,,,,,,,,,,,,,,,,,,
1381,-60.0,,,,,,,,,,,,,,,,,,
1390,-39.0,,,,,,,,,,,,,,,,,,
1392,-30.0,,,,,,,,,,,,,,,,,,
1393,-54.0,,,,,,,,,,,,,,,,,,
1397,-30.0,,,,,,,,,,,,,,,,,,
1401,-28.0,,,,,,,,,,,,,,,,,,
1402,-27.0,,,,,,,,,,,,,,,,,,
1407,-43.0,,,,,,,,,,,,,,,,,,
1410,-30.0,,,,,,,,,,,,,,,,,,
1411,-43.0,,,,,,,,,,,,,,,,,,
1413,-61.0,,,,,,,,,,,,,,,,,,
1416,-66.0,,,,,,,,,,,,,,,,,,
1422,-43.0,,,,,,,,,,,,,,,,,,
1425,-45.0,,,,,,,,,,,,,,,,,,
1428,-20.0,,,,,,,,,,,,,,,,,,
1433,-40.0,,,,,,,,,,,,,,,,,,
1438,-28.0,,,,,,,,,,,,,,,,,,
1440,-45.0,,,,,,,,,,,,,,,,,,
1442,-39.0,,,,,,,,,,,,,,,,,,
1458,-14.0,,,,,,,,,,,,,,,,,,
1461,-26.0,,,,,,,,,,,,,,,,,,
1464,-13.0,,,,,,,,,,,,,,,,,,
1468,-24.0,,,,,,,,,,,,,,,,,,
1473,-48.0,,,,,,,,,,,,,,,,,,
1476,-42.0,,,,,,,,,,,,,,,,,,
1477,-9.0,,,,,,,,,,,,,,,,,,
1478,-30.0,,,,,,,,,,,,,,,,,,
1484,-54.0,,,,,,,,,,,,,,,,,,
1486,-46.0,,,,,,,,,,,,,,,,,,
1489,-56.0,,,,,,,,,,,,,,,,,,
1494,-36.0,,,,,,,,,,,,,,,,,,
1500,-25.0,,,,,,,,,,,,,,,,,,
1504,-40.0,,,,,,,,,,,,,,,,,,
1515,-52.0,,,,,,,,,,,,,,,,,,
1519,-42.0,,,,,,,,,,,,,,,,,,
1521,-33.0,,,,,,,,,,,,,,,,,,
1522,-26.0,,,,,,,,,,,,,,,,,,
1538,-51.0,,,,,,,,,,,,,,,,,,
1543,-26.0,,,,,,,,,,,,,,,,,,
1560,-26.0,,,,,,,,,,,,,,,,,,
1564,-39.0,,,,,,,,,,,,,,,,,,
1569,-45.0,,,,,,,,,,,,,,,,,,
1574,-41.0,,,,,,,,,,,,,,,,,,
1578,-44.0,,,,,,,,,,,,,,,,,,
1579,-40.0,,,,,,,,,,,,,,,,,,
1580,-26.0,,,,,,,,,,,,,,,,,,
1590,-37.0,,,,,,,,,,,,,,,,,,
1591,-31.0,,,,,,,,,,,,,,,,,,
1595,-33.0,,,,,,,,,,,,,,,,,,
1602,-37.0,,,,,,,,,,,,,,,,,,
1605,-52.0,,,,,,,,,,,,,,,,,,
1608,-32.0,,,,,,,,,,,,,,,,,,
1611,-35.0,,,,,,,,,,,,,,,,,,
1613,-21.0,,,,,,,,,,,,,,,,,,
1614,-26.0,,,,,,,,,,,,,,,,,,
1615,-52.0,,,,,,,,,,,,,,,,,,
1616,-56.0,,,,,,,,,,,,,,,,,,
1620,-46.0,,,,,,,,,,,,,,,,,,
1622,-34.0,,,,,,,,,,,,,,,,,,
1626,-31.0,,,,,,,,,,,,,,,,,,
1628,-31.0,,,,,,,,,,,,,,,,,,
1629,-21.0,,,,,,,,,,,,,,,,,,
1631,-22.0,,,,,,,,,,,,,,,,,,
1635,-23.0,,,,,,,,,,,,,,,,,,
1636,-24.0,,,,,,,,,,,,,,,,,,
1637,-45.0,,,,,,,,,,,,,,,,,,
1639,-10.0,,,,,,,,,,,,,,,,,,
1641,-48.0,,,,,,,,,,,,,,,,,,
1644,-42.0,,,,,,,,,,,,,,,,,,
1646,-31.0,,,,,,,,,,,,,,,,,,
1650,-27.0,,,,,,,,,,,,,,,,,,
1656,-51.0,,,,,,,,,,,,,,,,,,
1665,-51.0,,,,,,,,,,,,,,,,,,
1669,-17.0,,,,,,,,,,,,,,,,,,
1674,-39.0,,,,,,,,,,,,,,,,,,
1675,-36.0,,,,,,,,,,,,,,,,,,
1677,-32.0,,,,,,,,,,,,,,,,,,
1681,-27.0,,,,,,,,,,,,,,,,,,
1684,-59.0,,,,,,,,,,,,,,,,,,
1685,-38.0,,,,,,,,,,,,,,,,,,
1691,-42.0,,,,,,,,,,,,,,,,,,
1695,-32.0,,,,,,,,,,,,,,,,,,
1698,-38.0,,,,,,,,,,,,,,,,,,
1700,-62.0,,,,,,,,,,,,,,,,,,
1702,-38.0,,,,,,,,,,,,,,,,,,
1704,-54.0,,,,,,,,,,,,,,,,,,
1705,-30.0,,,,,,,,,,,,,,,,,,
1707,-30.0,,,,,,,,,,,,,,,,,,
1718,-34.0,,,,,,,,,,,,,,,,,,
1724,-27.0,,,,,,,,,,,,,,,,,,
1732,-43.0,,,,,,,,,,,,,,,,,,
1735,-19.0,,,,,,,,,,,,,,,,,,
1740,-12.0,,,,,,,,,,,,,,,,,,
1748,-47.0,,,,,,,,,,,,,,,,,,
1749,-41.0,,,,,,,,,,,,,,,,,,
1752,-19.0,,,,,,,,,,,,,,,,,,
1753,-35.0,,,,,,,,,,,,,,,,,,
1758,-33.0,,,,,,,,,,,,,,,,,,
1759,-25.0,,,,,,,,,,,,,,,,,,
1760,-34.0,,,,,,,,,,,,,,,,,,
1764,-43.0,,,,,,,,,,,,,,,,,,
1766,-16.0,,,,,,,,,,,,,,,,,,
1768,-27.0,,,,,,,,,,,,,,,,,,
1771,-52.0,,,,,,,,,,,,,,,,,,
1779,-58.0,,,,,,,,,,,,,,,,,,
1781,-27.0,,,,,,,,,,,,,,,,,,
1783,-20.0,,,,,,,,,,,,,,,,,,
1785,-41.0,,,,,,,,,,,,,,,,,,
1789,-15.0,,,,,,,,,,,,,,,,,,
1790,-41.0,,,,,,,,,,,,,,,,,,
1792,-41.0,,,,,,,,,,,,,,,,,,
1797,-37.0,,,,,,,,,,,,,,,,,,
1800,-20.0,,,,,,,,,,,,,,,,,,
1802,-20.0,,,,,,,,,,,,,,,,,,
1804,-37.0,,,,,,,,,,,,,,,,,,
1808,-19.0,,,,,,,,,,,,,,,,,,
1814,-16.0,,,,,,,,,,,,,,,,,,
1818,-45.0,,,,,,,,,,,,,,,,,,
1828,-37.0,,,,,,,,,,,,,,,,,,
1830,-23.0,,,,,,,,,,,,,,,,,,
1836,-35.0,,,,,,,,,,,,,,,,,,
1845,-56.0,,,,,,,,,,,,,,,,,,
1858,-37.0,,,,,,,,,,,,,,,,,,
1859,-34.0,,,,,,,,,,,,,,,,,,
1860,-19.0,,,,,,,,,,,,,,,,,,
1865,-37.0,,,,,,,,,,,,,,,,,,
1868,-42.0,,,,,,,,,,,,,,,,,,
1880,-49.0,,,,,,,,,,,,,,,,,,
1881,-11.0,,,,,,,,,,,,,,,,,,
1882,-38.0,,,,,,,,,,,,,,,,,,
1883,-33.0,,,,,,,,,,,,,,,,,,
1891,-31.0,,,,,,,,,,,,,,,,,,
1895,-32.0,,,,,,,,,,,,,,,,,,
1901,-23.0,,,,,,,,,,,,,,,,,,
1902,-24.0,,,,,,,,,,,,,,,,,,
1906,-25.0,,,,,,,,,,,,,,,,,,
1908,-41.0,,,,,,,,,,,,,,,,,,
1918,-42.0,,,,,,,,,,,,,,,,,,
1919,-39.0,,,,,,,,,,,,,,,,,,
1924,-23.0,,,,,,,,,,,,,,,,,,
1927,-61.0,,,,,,,,,,,,,,,,,,
1929,-45.0,,,,,,,,,,,,,,,,,,
1935,-35.0,,,,,,,,,,,,,,,,,,
1937,-18.0,,,,,,,,,,,,,,,,,,
1941,-34.0,,,,,,,,,,,,,,,,,,
1944,-38.0,,,,,,,,,,,,,,,,,,
1950,-50.0,,,,,,,,,,,,,,,,,,
1955,-33.0,,,,,,,,,,,,,,,,,,
1958,-26.0,,,,,,,,,,,,,,,,,,
1963,-23.0,,,,,,,,,,,,,,,,,,
1964,-35.0,,,,,,,,,,,,,,,,,,
1969,-33.0,,,,,,,,,,,,,,,,,,
1973,-22.0,,,,,,,,,,,,,,,,,,
1976,-21.0,,,,,,,,,,,,,,,,,,
1987,-43.0,,,,,,,,,,,,,,,,,,
1995,-54.0,,,,,,,,,,,,,,,,,,
1998,-41.0,,,,,,,,,,,,,,,,,,
1999,-33.0,,,,,,,,,,,,,,,,,,
2002,-25.0,,,,,,,,,,,,,,,,,,
2003,-27.0,,,,,,,,,,,,,,,,,,
2005,-16.0,,,,,,,,,,,,,,,,,,
2006,-38.0,,,,,,,,,,,,,,,,,,
2011,-34.0,,,,,,,,,,,,,,,,,,
2013,-42.0,,,,,,,,,,,,,,,,,,
2016,-30.0,,,,,,,,,,,,,,,,,,
2020,-44.0,,,,,,,,,,,,,,,,,,
2021,-47.0,,,,,,,,,,,,,,,,,,
2024,-34.0,,,,,,,,,,,,,,,,,,
2030,-35.0,,,,,,,,,,,,,,,,,,
2032,-15.0,,,,,,,,,,,,,,,,,,
2037,-52.0,,,,,,,,,,,,,,,,,,
2039,-22.0,,,,,,,,,,,,,,,,,,
2040,-14.0,,,,,,,,,,,,,,,,,,
2048,-18.0,,,,,,,,,,,,,,,,,,
2051,-17.0,,,,,,,,,,,,,,,,,,
2052,-25.0,,,,,,,,,,,,,,,,,,
2054,-33.0,,,,,,,,,,,,,,,,,,
2056,-44.0,,,,,,,,,,,,,,,,,,
2061,-31.0,,,,,,,,,,,,,,,,,,
2065,-34.0,,,,,,,,,,,,,,,,,,
2078,-62.0,,,,,,,,,,,,,,,,,,
2083,-27.0,,,,,,,,,,,,,,,,,,
2088,-46.0,,,,,,,,,,,,,,,,,,
2091,-35.0,,,,,,,,,,,,,,,,,,
2092,-18.0,,,,,,,,,,,,,,,,,,
2097,-31.0,,,,,,,,,,,,,,,,,,
2098,-19.0,,,,,,,,,,,,,,,,,,
2105,-30.0,,,,,,,,,,,,,,,,,,
2112,-40.0,,,,,,,,,,,,,,,,,,
2118,-32.0,,,,,,,,,,,,,,,,,,
2121,-37.0,,,,,,,,,,,,,,,,,,
2124,-14.0,,,,,,,,,,,,,,,,,,
2133,-49.0,,,,,,,,,,,,,,,,,,
2150,-37.0,,,,,,,,,,,,,,,,,,
2154,-53.0,,,,,,,,,,,,,,,,,,
2159,-32.0,,,,,,,,,,,,,,,,,,
2170,-45.0,,,,,,,,,,,,,,,,,,
2178,-27.0,,,,,,,,,,,,,,,,,,
2179,-50.0,,,,,,,,,,,,,,,,,,
2184,-43.0,,,,,,,,,,,,,,,,,,
2186,-29.0,,,,,,,,,,,,,,,,,,
2190,-31.0,,,,,,,,,,,,,,,,,,
2215,-43.0,,,,,,,,,,,,,,,,,,
2218,-43.0,,,,,,,,,,,,,,,,,,
2221,-34.0,,,,,,,,,,,,,,,,,,
2228,-27.0,,,,,,,,,,,,,,,,,,
2233,-37.0,,,,,,,,,,,,,,,,,,
2235,-12.0,,,,,,,,,,,,,,,,,,
2238,-34.0,,,,,,,,,,,,,,,,,,
2242,-44.0,,,,,,,,,,,,,,,,,,
2244,-43.0,,,,,,,,,,,,,,,,,,
2248,-23.0,,,,,,,,,,,,,,,,,,
2259,-20.0,,,,,,,,,,,,,,,,,,
2270,-31.0,,,,,,,,,,,,,,,,,,
2276,-16.0,,,,,,,,,,,,,,,,,,
2284,-42.0,,,,,,,,,,,,,,,,,,
2287,-29.0,,,,,,,,,,,,,,,,,,
2288,-35.0,,,,,,,,,,,,,,,,,,
2289,-47.0,,,,,,,,,,,,,,,,,,
2303,-45.0,,,,,,,,,,,,,,,,,,
2307,-16.0,,,,,,,,,,,,,,,,,,
2312,-24.0,,,,,,,,,,,,,,,,,,
2314,-56.0,,,,,,,,,,,,,,,,,,
2332,-31.0,,,,,,,,,,,,,,,,,,
2333,-40.0,,,,,,,,,,,,,,,,,,
2334,-27.0,,,,,,,,,,,,,,,,,,
2336,-37.0,,,,,,,,,,,,,,,,,,
2345,-21.0,,,,,,,,,,,,,,,,,,
2349,-23.0,,,,,,,,,,,,,,,,,,
2356,-30.0,,,,,,,,,,,,,,,,,,
2367,-37.0,,,,,,,,,,,,,,,,,,
2379,-36.0,,,,,,,,,,,,,,,,,,
2381,-33.0,,,,,,,,,,,,,,,,,,
2384,-15.0,,,,,,,,,,,,,,,,,,
2389,-39.0,,,,,,,,,,,,,,,,,,
2391,-19.0,,,,,,,,,,,,,,,,,,
2392,-15.0,,,,,,,,,,,,,,,,,,
2402,-31.0,,,,,,,,,,,,,,,,,,
2405,-22.0,,,,,,,,,,,,,,,,,,
2407,-33.0,,,,,,,,,,,,,,,,,,
2410,-43.0,,,,,,,,,,,,,,,,,,
2413,-15.0,,,,,,,,,,,,,,,,,,
2416,-38.0,,,,,,,,,,,,,,,,,,
2419,-41.0,,,,,,,,,,,,,,,,,,
2423,-36.0,,,,,,,,,,,,,,,,,,
2425,-30.0,,,,,,,,,,,,,,,,,,
2426,-27.0,,,,,,,,,,,,,,,,,,
2432,-48.0,,,,,,,,,,,,,,,,,,
2434,-49.0,,,,,,,,,,,,,,,,,,
2437,-44.0,,,,,,,,,,,,,,,,,,
2449,-46.0,,,,,,,,,,,,,,,,,,
2451,-30.0,,,,,,,,,,,,,,,,,,
2452,-24.0,,,,,,,,,,,,,,,,,,
2454,-41.0,,,,,,,,,,,,,,,,,,
2455,-41.0,,,,,,,,,,,,,,,,,,
2460,-29.0,,,,,,,,,,,,,,,,,,
2465,-18.0,,,,,,,,,,,,,,,,,,
2468,-16.0,,,,,,,,,,,,,,,,,,
2471,-16.0,,,,,,,,,,,,,,,,,,
2475,-21.0,,,,,,,,,,,,,,,,,,
2476,-23.0,,,,,,,,,,,,,,,,,,
2479,-32.0,,,,,,,,,,,,,,,,,,
2487,-40.0,,,,,,,,,,,,,,,,,,
2488,-24.0,,,,,,,,,,,,,,,,,,
2489,-42.0,,,,,,,,,,,,,,,,,,
2493,-30.0,,,,,,,,,,,,,,,,,,
2496,-10.0,,,,,,,,,,,,,,,,,,
2497,-34.0,,,,,,,,,,,,,,,,,,
2503,-47.0,,,,,,,,,,,,,,,,,,
2513,-34.0,,,,,,,,,,,,,,,,,,
2515,-44.0,,,,,,,,,,,,,,,,,,
2517,-30.0,,,,,,,,,,,,,,,,,,
2520,-22.0,,,,,,,,,,,,,,,,,,
2522,-32.0,,,,,,,,,,,,,,,,,,
2530,-18.0,,,,,,,,,,,,,,,,,,
2534,-33.0,,,,,,,,,,,,,,,,,,
2543,-38.0,,,,,,,,,,,,,,,,,,
2548,-29.0,,,,,,,,,,,,,,,,,,
2550,-29.0,,,,,,,,,,,,,,,,,,
2556,-31.0,,,,,,,,,,,,,,,,,,
2557,-30.0,,,,,,,,,,,,,,,,,,
2560,-29.0,,,,,,,,,,,,,,,,,,
2565,-20.0,,,,,,,,,,,,,,,,,,
2571,-14.0,,,,,,,,,,,,,,,,,,
2574,-35.0,,,,,,,,,,,,,,,,,,
2577,-35.0,,,,,,,,,,,,,,,,,,
2581,-14.0,,,,,,,,,,,,,,,,,,
2585,-23.0,,,,,,,,,,,,,,,,,,
2586,-41.0,,,,,,,,,,,,,,,,,,
2589,-35.0,,,,,,,,,,,,,,,,,,
2591,-28.0,,,,,,,,,,,,,,,,,,
2593,-35.0,,,,,,,,,,,,,,,,,,
2599,-56.0,,,,,,,,,,,,,,,,,,
2602,-20.0,,,,,,,,,,,,,,,,,,
2604,-41.0,,,,,,,,,,,,,,,,,,
2614,-58.0,,,,,,,,,,,,,,,,,,
2625,-26.0,,,,,,,,,,,,,,,,,,
2626,-31.0,,,,,,,,,,,,,,,,,,
2629,-26.0,,,,,,,,,,,,,,,,,,
2631,-27.0,,,,,,,,,,,,,,,,,,
2635,-17.0,,,,,,,,,,,,,,,,,,
2647,-18.0,,,,,,,,,,,,,,,,,,
2651,-44.0,,,,,,,,,,,,,,,,,,
2652,-38.0,,,,,,,,,,,,,,,,,,
2655,-37.0,,,,,,,,,,,,,,,,,,
2665,-51.0,,,,,,,,,,,,,,,,,,
2682,-38.0,,,,,,,,,,,,,,,,,,
2684,-36.0,,,,,,,,,,,,,,,,,,
2685,-41.0,,,,,,,,,,,,,,,,,,
2690,-33.0,,,,,,,,,,,,,,,,,,
2696,-33.0,,,,,,,,,,,,,,,,,,
2698,-18.0,,,,,,,,,,,,,,,,,,
2701,-38.0,,,,,,,,,,,,,,,,,,
2704,-31.0,,,,,,,,,,,,,,,,,,
2716,-27.0,,,,,,,,,,,,,,,,,,
2718,-33.0,,,,,,,,,,,,,,,,,,
2724,-27.0,,,,,,,,,,,,,,,,,,
2751,-44.0,,,,,,,,,,,,,,,,,,
2757,-32.0,,,,,,,,,,,,,,,,,,
2762,-32.0,,,,,,,,,,,,,,,,,,
2764,-31.0,,,,,,,,,,,,,,,,,,
2766,-21.0,,,,,,,,,,,,,,,,,,
2770,-26.0,,,,,,,,,,,,,,,,,,
2781,-36.0,,,,,,,,,,,,,,,,,,
2792,-26.0,,,,,,,,,,,,,,,,,,
2801,-39.0,,,,,,,,,,,,,,,,,,
2802,-36.0,,,,,,,,,,,,,,,,,,
2811,-28.0,,,,,,,,,,,,,,,,,,
2813,-48.0,,,,,,,,,,,,,,,,,,
2814,-33.0,,,,,,,,,,,,,,,,,,
2816,-44.0,,,,,,,,,,,,,,,,,,
2819,-63.0,,,,,,,,,,,,,,,,,,
2829,-39.0,,,,,,,,,,,,,,,,,,
2830,-23.0,,,,,,,,,,,,,,,,,,
2834,-42.0,,,,,,,,,,,,,,,,,,
2839,-27.0,,,,,,,,,,,,,,,,,,
2848,-33.0,,,,,,,,,,,,,,,,,,
2849,-27.0,,,,,,,,,,,,,,,,,,
2851,-18.0,,,,,,,,,,,,,,,,,,
2853,-32.0,,,,,,,,,,,,,,,,,,
2854,-41.0,,,,,,,,,,,,,,,,,,
2855,-43.0,,,,,,,,,,,,,,,,,,
2860,-57.0,,,,,,,,,,,,,,,,,,
2861,-19.0,,,,,,,,,,,,,,,,,,
2863,-37.0,,,,,,,,,,,,,,,,,,
2864,-26.0,,,,,,,,,,,,,,,,,,
2871,-49.0,,,,,,,,,,,,,,,,,,
2874,-53.0,,,,,,,,,,,,,,,,,,
2886,-26.0,,,,,,,,,,,,,,,,,,
2890,-27.0,,,,,,,,,,,,,,,,,,
2897,-21.0,,,,,,,,,,,,,,,,,,
2904,-50.0,,,,,,,,,,,,,,,,,,
2907,-21.0,,,,,,,,,,,,,,,,,,
2912,-19.0,,,,,,,,,,,,,,,,,,
2914,-26.0,,,,,,,,,,,,,,,,,,
2921,-43.0,,,,,,,,,,,,,,,,,,
2923,-51.0,,,,,,,,,,,,,,,,,,
2924,-28.0,,,,,,,,,,,,,,,,,,
2935,-36.0,,,,,,,,,,,,,,,,,,
2936,-42.0,,,,,,,,,,,,,,,,,,
2937,-24.0,,,,,,,,,,,,,,,,,,
2938,-22.0,,,,,,,,,,,,,,,,,,
2939,-35.0,,,,,,,,,,,,,,,,,,
2948,-44.0,,,,,,,,,,,,,,,,,,
2950,-31.0,,,,,,,,,,,,,,,,,,
2954,-40.0,,,,,,,,,,,,,,,,,,
2956,-39.0,,,,,,,,,,,,,,,,,,
2958,-48.0,,,,,,,,,,,,,,,,,,
2960,-18.0,,,,,,,,,,,,,,,,,,
2966,-29.0,,,,,,,,,,,,,,,,,,
2970,-29.0,,,,,,,,,,,,,,,,,,
2976,-41.0,,,,,,,,,,,,,,,,,,
2992,-43.0,,,,,,,,,,,,,,,,,,
2993,-45.0,,,,,,,,,,,,,,,,,,
2994,-41.0,,,,,,,,,,,,,,,,,,
2996,-45.0,,,,,,,,,,,,,,,,,,
3000,-20.0,,,,,,,,,,,,,,,,,,
3006,-23.0,,,,,,,,,,,,,,,,,,
3007,-47.0,,,,,,,,,,,,,,,,,,
3009,-29.0,,,,,,,,,,,,,,,,,,
3010,-52.0,,,,,,,,,,,,,,,,,,
3012,-21.0,,,,,,,,,,,,,,,,,,
3016,-21.0,,,,,,,,,,,,,,,,,,
3037,-58.0,,,,,,,,,,,,,,,,,,
3038,-20.0,,,,,,,,,,,,,,,,,,
3040,-32.0,,,,,,,,,,,,,,,,,,
3046,-31.0,,,,,,,,,,,,,,,,,,
3053,-12.0,,,,,,,,,,,,,,,,,,
3055,-18.0,,,,,,,,,,,,,,,,,,
3058,-15.0,,,,,,,,,,,,,,,,,,
3060,-41.0,,,,,,,,,,,,,,,,,,
3061,-56.0,,,,,,,,,,,,,,,,,,
3065,-35.0,,,,,,,,,,,,,,,,,,
3070,-32.0,,,,,,,,,,,,,,,,,,
3083,-25.0,,,,,,,,,,,,,,,,,,
3090,-30.0,,,,,,,,,,,,,,,,,,
3097,-21.0,,,,,,,,,,,,,,,,,,
3103,-29.0,,,,,,,,,,,,,,,,,,
3108,-19.0,,,,,,,,,,,,,,,,,,
3110,-35.0,,,,,,,,,,,,,,,,,,
3119,-17.0,,,,,,,,,,,,,,,,,,
3128,-23.0,,,,,,,,,,,,,,,,,,
3133,-27.0,,,,,,,,,,,,,,,,,,
3134,-24.0,,,,,,,,,,,,,,,,,,
3136,-31.0,,,,,,,,,,,,,,,,,,
3145,-10.0,,,,,,,,,,,,,,,,,,
3146,-20.0,,,,,,,,,,,,,,,,,,
3161,-16.0,,,,,,,,,,,,,,,,,,
3164,-16.0,,,,,,,,,,,,,,,,,,
3167,-27.0,,,,,,,,,,,,,,,,,,
3168,-16.0,,,,,,,,,,,,,,,,,,
3182,-32.0,,,,,,,,,,,,,,,,,,
3186,-24.0,,,,,,,,,,,,,,,,,,
3187,-34.0,,,,,,,,,,,,,,,,,,
3188,-20.0,,,,,,,,,,,,,,,,,,
3189,-37.0,,,,,,,,,,,,,,,,,,
3190,-21.0,,,,,,,,,,,,,,,,,,
3193,-37.0,,,,,,,,,,,,,,,,,,
3197,-54.0,,,,,,,,,,,,,,,,,,
3203,-36.0,,,,,,,,,,,,,,,,,,
3204,-26.0,,,,,,,,,,,,,,,,,,
3211,-18.0,,,,,,,,,,,,,,,,,,
3223,-49.0,,,,,,,,,,,,,,,,,,
3225,-34.0,,,,,,,,,,,,,,,,,,
3229,-27.0,,,,,,,,,,,,,,,,,,
3230,-23.0,,,,,,,,,,,,,,,,,,
3249,-12.0,,,,,,,,,,,,,,,,,,
3250,-30.0,,,,,,,,,,,,,,,,,,
3272,-27.0,,,,,,,,,,,,,,,,,,
3281,-24.0,,,,,,,,,,,,,,,,,,
3296,-22.0,,,,,,,,,,,,,,,,,,
3298,-40.0,,,,,,,,,,,,,,,,,,
3309,-25.0,,,,,,,,,,,,,,,,,,
3326,-30.0,,,,,,,,,,,,,,,,,,
3329,-17.0,,,,,,,,,,,,,,,,,,
3334,-32.0,,,,,,,,,,,,,,,,,,
3335,-34.0,,,,,,,,,,,,,,,,,,
3343,-47.0,,,,,,,,,,,,,,,,,,
3344,-37.0,,,,,,,,,,,,,,,,,,
3345,-21.0,,,,,,,,,,,,,,,,,,
3348,-32.0,,,,,,,,,,,,,,,,,,
3352,-33.0,,,,,,,,,,,,,,,,,,
3355,-33.0,,,,,,,,,,,,,,,,,,
3364,-21.0,,,,,,,,,,,,,,,,,,
3366,-28.0,,,,,,,,,,,,,,,,,,
3369,-42.0,,,,,,,,,,,,,,,,,,
3370,-39.0,,,,,,,,,,,,,,,,,,
3371,-41.0,,,,,,,,,,,,,,,,,,
3373,-36.0,,,,,,,,,,,,,,,,,,
3379,-29.0,,,,,,,,,,,,,,,,,,
3382,-31.0,,,,,,,,,,,,,,,,,,
3392,-21.0,,,,,,,,,,,,,,,,,,
3399,-35.0,,,,,,,,,,,,,,,,,,
3401,-27.0,,,,,,,,,,,,,,,,,,
3402,-25.0,,,,,,,,,,,,,,,,,,
3406,-18.0,,,,,,,,,,,,,,,,,,
3412,-23.0,,,,,,,,,,,,,,,,,,
3417,-32.0,,,,,,,,,,,,,,,,,,
3418,-21.0,,,,,,,,,,,,,,,,,,
3426,-29.0,,,,,,,,,,,,,,,,,,
3428,-24.0,,,,,,,,,,,,,,,,,,
3429,-25.0,,,,,,,,,,,,,,,,,,
3430,-8.0,,,,,,,,,,,,,,,,,,
3432,-44.0,,,,,,,,,,,,,,,,,,
3436,-43.0,,,,,,,,,,,,,,,,,,
3443,-28.0,,,,,,,,,,,,,,,,,,
3444,-21.0,,,,,,,,,,,,,,,,,,
3447,-35.0,,,,,,,,,,,,,,,,,,
3457,-22.0,,,,,,,,,,,,,,,,,,
3460,-17.0,,,,,,,,,,,,,,,,,,
3463,-21.0,,,,,,,,,,,,,,,,,,
3464,-26.0,,,,,,,,,,,,,,,,,,
3470,-22.0,,,,,,,,,,,,,,,,,,
3475,-18.0,,,,,,,,,,,,,,,,,,
3478,-47.0,,,,,,,,,,,,,,,,,,
3484,-20.0,,,,,,,,,,,,,,,,,,
3485,-23.0,,,,,,,,,,,,,,,,,,
3489,-14.0,,,,,,,,,,,,,,,,,,
3490,-42.0,,,,,,,,,,,,,,,,,,
3491,-21.0,,,,,,,,,,,,,,,,,,
3492,-7.0,,,,,,,,,,,,,,,,,,
3495,-33.0,,,,,,,,,,,,,,,,,,
3496,-10.0,,,,,,,,,,,,,,,,,,
3507,-22.0,,,,,,,,,,,,,,,,,,
3509,-50.0,,,,,,,,,,,,,,,,,,
3510,-37.0,,,,,,,,,,,,,,,,,,
3515,-25.0,,,,,,,,,,,,,,,,,,
3526,-23.0,,,,,,,,,,,,,,,,,,
3532,-18.0,,,,,,,,,,,,,,,,,,
3534,-27.0,,,,,,,,,,,,,,,,,,
3535,-42.0,,,,,,,,,,,,,,,,,,
3536,-25.0,,,,,,,,,,,,,,,,,,
3539,-25.0,,,,,,,,,,,,,,,,,,
3540,-41.0,,,,,,,,,,,,,,,,,,
3541,-40.0,,,,,,,,,,,,,,,,,,
3544,-24.0,,,,,,,,,,,,,,,,,,
3546,-16.0,,,,,,,,,,,,,,,,,,
3547,-47.0,,,,,,,,,,,,,,,,,,
3563,-30.0,,,,,,,,,,,,,,,,,,
3576,-26.0,,,,,,,,,,,,,,,,,,
3583,-29.0,,,,,,,,,,,,,,,,,,
3587,-33.0,,,,,,,,,,,,,,,,,,
3589,-20.0,,,,,,,,,,,,,,,,,,
3598,-35.0,,,,,,,,,,,,,,,,,,
3601,-16.0,,,,,,,,,,,,,,,,,,
3604,-12.0,,,,,,,,,,,,,,,,,,
3614,-22.0,,,,,,,,,,,,,,,,,,
3618,-27.0,,,,,,,,,,,,,,,,,,
3627,-31.0,,,,,,,,,,,,,,,,,,
3633,-47.0,,,,,,,,,,,,,,,,,,
3634,-24.0,,,,,,,,,,,,,,,,,,
3640,-33.0,,,,,,,,,,,,,,,,,,
3642,-46.0,,,,,,,,,,,,,,,,,,
3643,-29.0,,,,,,,,,,,,,,,,,,
3646,-27.0,,,,,,,,,,,,,,,,,,
3648,-33.0,,,,,,,,,,,,,,,,,,
3651,-25.0,,,,,,,,,,,,,,,,,,
3655,-38.0,,,,,,,,,,,,,,,,,,
3661,-38.0,,,,,,,,,,,,,,,,,,
3664,-37.0,,,,,,,,,,,,,,,,,,
3665,-26.0,,,,,,,,,,,,,,,,,,
3667,-33.0,,,,,,,,,,,,,,,,,,
3668,-49.0,,,,,,,,,,,,,,,,,,
3670,-16.0,,,,,,,,,,,,,,,,,,
3671,-23.0,,,,,,,,,,,,,,,,,,
3674,-25.0,,,,,,,,,,,,,,,,,,
3678,-22.0,,,,,,,,,,,,,,,,,,
3685,-14.0,,,,,,,,,,,,,,,,,,
3692,-20.0,,,,,,,,,,,,,,,,,,
3695,-9.0,,,,,,,,,,,,,,,,,,
3698,-38.0,,,,,,,,,,,,,,,,,,
3701,-17.0,,,,,,,,,,,,,,,,,,
3702,-24.0,,,,,,,,,,,,,,,,,,
3704,-28.0,,,,,,,,,,,,,,,,,,
3707,-39.0,,,,,,,,,,,,,,,,,,
3709,-35.0,,,,,,,,,,,,,,,,,,
3710,-20.0,,,,,,,,,,,,,,,,,,
3712,-25.0,,,,,,,,,,,,,,,,,,
3716,-16.0,,,,,,,,,,,,,,,,,,
3717,-44.0,,,,,,,,,,,,,,,,,,
3719,-20.0,,,,,,,,,,,,,,,,,,
3720,-11.0,,,,,,,,,,,,,,,,,,
3721,-18.0,,,,,,,,,,,,,,,,,,
3722,-19.0,,,,,,,,,,,,,,,,,,
3723,-24.0,,,,,,,,,,,,,,,,,,
3724,-19.0,,,,,,,,,,,,,,,,,,
3727,-26.0,,,,,,,,,,,,,,,,,,
3728,-21.0,,,,,,,,,,,,,,,,,,
3740,-27.0,,,,,,,,,,,,,,,,,,
3743,-23.0,,,,,,,,,,,,,,,,,,
3747,-44.0,,,,,,,,,,,,,,,,,,
3750,-30.0,,,,,,,,,,,,,,,,,,
3754,-22.0,,,,,,,,,,,,,,,,,,
3760,-18.0,,,,,,,,,,,,,,,,,,
3775,-28.0,,,,,,,,,,,,,,,,,,
3777,-11.0,,,,,,,,,,,,,,,,,,
3779,-16.0,,,,,,,,,,,,,,,,,,
3780,-32.0,,,,,,,,,,,,,,,,,,
3784,-30.0,,,,,,,,,,,,,,,,,,
3790,-26.0,,,,,,,,,,,,,,,,,,
3791,-24.0,,,,,,,,,,,,,,,,,,
3795,-8.0,,,,,,,,,,,,,,,,,,
3796,-21.0,,,,,,,,,,,,,,,,,,
3798,-42.0,,,,,,,,,,,,,,,,,,
3807,-23.0,,,,,,,,,,,,,,,,,,
3810,-26.0,,,,,,,,,,,,,,,,,,
3813,-18.0,,,,,,,,,,,,,,,,,,
3817,-50.0,,,,,,,,,,,,,,,,,,
3818,-29.0,,,,,,,,,,,,,,,,,,
3822,-21.0,,,,,,,,,,,,,,,,,,
3826,-43.0,,,,,,,,,,,,,,,,,,
3833,-22.0,,,,,,,,,,,,,,,,,,
3852,-18.0,,,,,,,,,,,,,,,,,,
3853,-11.0,,,,,,,,,,,,,,,,,,
3857,-22.0,,,,,,,,,,,,,,,,,,
3861,-21.0,,,,,,,,,,,,,,,,,,
3862,-19.0,,,,,,,,,,,,,,,,,,
3865,-38.0,,,,,,,,,,,,,,,,,,
3873,-18.0,,,,,,,,,,,,,,,,,,
3884,-45.0,,,,,,,,,,,,,,,,,,
3887,-30.0,,,,,,,,,,,,,,,,,,
3890,-28.0,,,,,,,,,,,,,,,,,,
3891,-13.0,,,,,,,,,,,,,,,,,,
3894,-29.0,,,,,,,,,,,,,,,,,,
3898,-44.0,,,,,,,,,,,,,,,,,,
3900,-24.0,,,,,,,,,,,,,,,,,,
3909,-37.0,,,,,,,,,,,,,,,,,,
3913,-18.0,,,,,,,,,,,,,,,,,,
3919,-13.0,,,,,,,,,,,,,,,,,,
3922,-18.0,,,,,,,,,,,,,,,,,,
3923,-31.0,,,,,,,,,,,,,,,,,,
3924,-22.0,,,,,,,,,,,,,,,,,,
3930,-15.0,,,,,,,,,,,,,,,,,,
3931,-10.0,,,,,,,,,,,,,,,,,,
3932,-22.0,,,,,,,,,,,,,,,,,,
3933,-28.0,,,,,,,,,,,,,,,,,,
3934,-53.0,,,,,,,,,,,,,,,,,,
3936,-31.0,,,,,,,,,,,,,,,,,,
3946,-32.0,,,,,,,,,,,,,,,,,,
3947,-32.0,,,,,,,,,,,,,,,,,,
3950,-23.0,,,,,,,,,,,,,,,,,,
3952,-32.0,,,,,,,,,,,,,,,,,,
3953,-44.0,,,,,,,,,,,,,,,,,,
3961,-29.0,,,,,,,,,,,,,,,,,,
3963,-18.0,,,,,,,,,,,,,,,,,,
3966,-29.0,,,,,,,,,,,,,,,,,,
3968,-38.0,,,,,,,,,,,,,,,,,,
3969,-24.0,,,,,,,,,,,,,,,,,,
3970,-21.0,,,,,,,,,,,,,,,,,,
3978,-32.0,,,,,,,,,,,,,,,,,,
3981,-34.0,,,,,,,,,,,,,,,,,,
3990,-10.0,,,,,,,,,,,,,,,,,,
3993,-28.0,,,,,,,,,,,,,,,,,,
3998,-44.0,,,,,,,,,,,,,,,,,,
3999,-21.0,,,,,,,,,,,,,,,,,,
4002,-14.0,,,,,,,,,,,,,,,,,,
4004,-28.0,,,,,,,,,,,,,,,,,,
4006,-48.0,,,,,,,,,,,,,,,,,,
4008,-19.0,,,,,,,,,,,,,,,,,,
4010,-13.0,,,,,,,,,,,,,,,,,,
4012,-21.0,,,,,,,,,,,,,,,,,,
4019,-20.0,,,,,,,,,,,,,,,,,,
4031,-22.0,,,,,,,,,,,,,,,,,,
4034,-27.0,,,,,,,,,,,,,,,,,,
4035,-24.0,,,,,,,,,,,,,,,,,,
4038,-26.0,,,,,,,,,,,,,,,,,,
4039,-14.0,,,,,,,,,,,,,,,,,,
4047,-26.0,,,,,,,,,,,,,,,,,,
4048,-27.0,,,,,,,,,,,,,,,,,,
4050,-31.0,,,,,,,,,,,,,,,,,,
4052,-18.0,,,,,,,,,,,,,,,,,,
4053,-26.0,,,,,,,,,,,,,,,,,,
4054,-23.0,,,,,,,,,,,,,,,,,,
4056,-26.0,,,,,,,,,,,,,,,,,,
4059,-47.0,,,,,,,,,,,,,,,,,,
4061,-11.0,,,,,,,,,,,,,,,,,,
4064,-27.0,,,,,,,,,,,,,,,,,,
4065,-33.0,,,,,,,,,,,,,,,,,,
4067,-26.0,,,,,,,,,,,,,,,,,,
4073,-13.0,,,,,,,,,,,,,,,,,,
4080,-37.0,,,,,,,,,,,,,,,,,,
4085,-27.0,,,,,,,,,,,,,,,,,,
4087,-27.0,,,,,,,,,,,,,,,,,,
4095,-28.0,,,,,,,,,,,,,,,,,,
4096,-18.0,,,,,,,,,,,,,,,,,,
4105,-26.0,,,,,,,,,,,,,,,,,,
4107,-26.0,,,,,,,,,,,,,,,,,,
4114,-19.0,,,,,,,,,,,,,,,,,,
4115,-19.0,,,,,,,,,,,,,,,,,,
4116,-37.0,,,,,,,,,,,,,,,,,,
4118,-30.0,,,,,,,,,,,,,,,,,,
4120,-15.0,,,,,,,,,,,,,,,,,,
4122,-39.0,,,,,,,,,,,,,,,,,,
4132,-41.0,,,,,,,,,,,,,,,,,,
4138,-41.0,,,,,,,,,,,,,,,,,,
4149,-45.0,,,,,,,,,,,,,,,,,,
4154,-20.0,,,,,,,,,,,,,,,,,,
4160,-23.0,,,,,,,,,,,,,,,,,,
4163,-15.0,,,,,,,,,,,,,,,,,,
4164,-35.0,,,,,,,,,,,,,,,,,,
4171,-24.0,,,,,,,,,,,,,,,,,,
4172,-35.0,,,,,,,,,,,,,,,,,,
4173,-26.0,,,,,,,,,,,,,,,,,,
4174,-41.0,,,,,,,,,,,,,,,,,,
4176,-22.0,,,,,,,,,,,,,,,,,,
4177,-28.0,,,,,,,,,,,,,,,,,,
4180,-46.0,,,,,,,,,,,,,,,,,,
4187,-33.0,,,,,,,,,,,,,,,,,,
4188,-29.0,,,,,,,,,,,,,,,,,,
4192,-30.0,,,,,,,,,,,,,,,,,,
4202,-34.0,,,,,,,,,,,,,,,,,,
4204,-11.0,,,,,,,,,,,,,,,,,,
4206,-31.0,,,,,,,,,,,,,,,,,,
4207,-18.0,,,,,,,,,,,,,,,,,,
4208,-28.0,,,,,,,,,,,,,,,,,,
4209,-21.0,,,,,,,,,,,,,,,,,,
4213,-50.0,,,,,,,,,,,,,,,,,,
4216,-24.0,,,,,,,,,,,,,,,,,,
4223,-23.0,,,,,,,,,,,,,,,,,,
4225,-35.0,,,,,,,,,,,,,,,,,,
4231,-29.0,,,,,,,,,,,,,,,,,,
4233,-12.0,,,,,,,,,,,,,,,,,,
4237,-33.0,,,,,,,,,,,,,,,,,,
4241,-49.0,,,,,,,,,,,,,,,,,,
4242,-23.0,,,,,,,,,,,,,,,,,,
4250,-32.0,,,,,,,,,,,,,,,,,,
4252,-29.0,,,,,,,,,,,,,,,,,,
4253,-25.0,,,,,,,,,,,,,,,,,,
4257,-30.0,,,,,,,,,,,,,,,,,,
4258,-32.0,,,,,,,,,,,,,,,,,,
4267,-28.0,,,,,,,,,,,,,,,,,,
4268,-28.0,,,,,,,,,,,,,,,,,,
4269,-34.0,,,,,,,,,,,,,,,,,,
4274,-33.0,,,,,,,,,,,,,,,,,,
4283,-40.0,,,,,,,,,,,,,,,,,,
4286,-28.0,,,,,,,,,,,,,,,,,,
4293,-20.0,,,,,,,,,,,,,,,,,,
4297,-33.0,,,,,,,,,,,,,,,,,,
4304,-37.0,,,,,,,,,,,,,,,,,,
4308,-17.0,,,,,,,,,,,,,,,,,,
4315,-27.0,,,,,,,,,,,,,,,,,,
4317,-40.0,,,,,,,,,,,,,,,,,,
4318,-37.0,,,,,,,,,,,,,,,,,,
4328,-43.0,,,,,,,,,,,,,,,,,,
4329,-19.0,,,,,,,,,,,,,,,,,,
4336,-18.0,,,,,,,,,,,,,,,,,,
4348,-26.0,,,,,,,,,,,,,,,,,,
4363,-31.0,,,,,,,,,,,,,,,,,,
4364,-27.0,,,,,,,,,,,,,,,,,,
4366,-31.0,,,,,,,,,,,,,,,,,,
4367,-15.0,,,,,,,,,,,,,,,,,,
4368,-38.0,,,,,,,,,,,,,,,,,,
4374,-15.0,,,,,,,,,,,,,,,,,,
4375,-22.0,,,,,,,,,,,,,,,,,,
4377,-17.0,,,,,,,,,,,,,,,,,,
4378,-62.0,,,,,,,,,,,,,,,,,,
4386,-11.0,,,,,,,,,,,,,,,,,,
4393,-39.0,,,,,,,,,,,,,,,,,,
4396,-20.0,,,,,,,,,,,,,,,,,,
4404,-33.0,,,,,,,,,,,,,,,,,,
4405,-28.0,,,,,,,,,,,,,,,,,,
4418,-18.0,,,,,,,,,,,,,,,,,,
4426,-22.0,,,,,,,,,,,,,,,,,,
4435,-32.0,,,,,,,,,,,,,,,,,,
4436,-8.0,,,,,,,,,,,,,,,,,,
4438,-38.0,,,,,,,,,,,,,,,,,,
4442,-50.0,,,,,,,,,,,,,,,,,,
4446,-22.0,,,,,,,,,,,,,,,,,,
4453,-25.0,,,,,,,,,,,,,,,,,,
4464,-30.0,,,,,,,,,,,,,,,,,,
4465,-33.0,,,,,,,,,,,,,,,,,,
4475,-18.0,,,,,,,,,,,,,,,,,,
4477,-29.0,,,,,,,,,,,,,,,,,,
4480,-26.0,,,,,,,,,,,,,,,,,,
4481,-24.0,,,,,,,,,,,,,,,,,,
4482,-13.0,,,,,,,,,,,,,,,,,,
4483,-38.0,,,,,,,,,,,,,,,,,,
4490,-21.0,,,,,,,,,,,,,,,,,,
4491,-14.0,,,,,,,,,,,,,,,,,,
4502,-24.0,,,,,,,,,,,,,,,,,,
4504,-25.0,,,,,,,,,,,,,,,,,,
4517,-30.0,,,,,,,,,,,,,,,,,,
4527,-53.0,,,,,,,,,,,,,,,,,,
4528,-12.0,,,,,,,,,,,,,,,,,,
4529,-28.0,,,,,,,,,,,,,,,,,,
4530,-25.0,,,,,,,,,,,,,,,,,,
4532,-22.0,,,,,,,,,,,,,,,,,,
4535,-17.0,,,,,,,,,,,,,,,,,,
4538,-37.0,,,,,,,,,,,,,,,,,,
4542,-45.0,,,,,,,,,,,,,,,,,,
4543,-32.0,,,,,,,,,,,,,,,,,,
4550,-47.0,,,,,,,,,,,,,,,,,,
4563,-26.0,,,,,,,,,,,,,,,,,,
4575,-37.0,,,,,,,,,,,,,,,,,,
4576,-21.0,,,,,,,,,,,,,,,,,,
4583,-36.0,,,,,,,,,,,,,,,,,,
4585,-15.0,,,,,,,,,,,,,,,,,,
4589,-23.0,,,,,,,,,,,,,,,,,,
4592,-45.0,,,,,,,,,,,,,,,,,,
4594,-17.0,,,,,,,,,,,,,,,,,,
4597,-30.0,,,,,,,,,,,,,,,,,,
4599,-45.0,,,,,,,,,,,,,,,,,,
4603,-27.0,,,,,,,,,,,,,,,,,,
4608,-28.0,,,,,,,,,,,,,,,,,,
4612,-27.0,,,,,,,,,,,,,,,,,,
4614,-31.0,,,,,,,,,,,,,,,,,,
4618,-18.0,,,,,,,,,,,,,,,,,,
4620,-16.0,,,,,,,,,,,,,,,,,,
4621,-48.0,,,,,,,,,,,,,,,,,,
4623,-18.0,,,,,,,,,,,,,,,,,,
4630,-41.0,,,,,,,,,,,,,,,,,,
4636,-22.0,,,,,,,,,,,,,,,,,,
4638,-34.0,,,,,,,,,,,,,,,,,,
4646,-15.0,,,,,,,,,,,,,,,,,,
4651,-15.0,,,,,,,,,,,,,,,,,,
4653,-32.0,,,,,,,,,,,,,,,,,,
4661,-49.0,,,,,,,,,,,,,,,,,,
4669,-22.0,,,,,,,,,,,,,,,,,,
4675,-21.0,,,,,,,,,,,,,,,,,,
4676,-40.0,,,,,,,,,,,,,,,,,,
4683,-11.0,,,,,,,,,,,,,,,,,,
4689,-18.0,,,,,,,,,,,,,,,,,,
4690,-31.0,,,,,,,,,,,,,,,,,,
4695,-11.0,,,,,,,,,,,,,,,,,,
4699,-19.0,,,,,,,,,,,,,,,,,,
4704,-28.0,,,,,,,,,,,,,,,,,,
4705,-13.0,,,,,,,,,,,,,,,,,,
4712,-24.0,,,,,,,,,,,,,,,,,,
4716,-24.0,,,,,,,,,,,,,,,,,,
4718,-22.0,,,,,,,,,,,,,,,,,,
4731,-31.0,,,,,,,,,,,,,,,,,,
4740,-22.0,,,,,,,,,,,,,,,,,,
4741,-20.0,,,,,,,,,,,,,,,,,,
4745,-23.0,,,,,,,,,,,,,,,,,,
4746,-35.0,,,,,,,,,,,,,,,,,,
4751,-22.0,,,,,,,,,,,,,,,,,,
4762,-17.0,,,,,,,,,,,,,,,,,,
4763,-35.0,,,,,,,,,,,,,,,,,,
4767,-23.0,,,,,,,,,,,,,,,,,,
4769,-19.0,,,,,,,,,,,,,,,,,,
4770,-27.0,,,,,,,,,,,,,,,,,,
4772,-9.0,,,,,,,,,,,,,,,,,,
4773,-24.0,,,,,,,,,,,,,,,,,,
4775,-31.0,,,,,,,,,,,,,,,,,,
4776,-40.0,,,,,,,,,,,,,,,,,,
4779,-40.0,,,,,,,,,,,,,,,,,,
4781,-39.0,,,,,,,,,,,,,,,,,,
4784,-20.0,,,,,,,,,,,,,,,,,,
4796,-11.0,,,,,,,,,,,,,,,,,,
4799,-6.0,,,,,,,,,,,,,,,,,,
4805,-18.0,,,,,,,,,,,,,,,,,,
4812,-27.0,,,,,,,,,,,,,,,,,,
4816,-25.0,,,,,,,,,,,,,,,,,,
4819,-25.0,,,,,,,,,,,,,,,,,,
4824,-18.0,,,,,,,,,,,,,,,,,,
4825,-13.0,,,,,,,,,,,,,,,,,,
4827,-18.0,,,,,,,,,,,,,,,,,,
4828,-38.0,,,,,,,,,,,,,,,,,,
4830,-27.0,,,,,,,,,,,,,,,,,,
4833,-39.0,,,,,,,,,,,,,,,,,,
4835,-16.0,,,,,,,,,,,,,,,,,,
4836,-18.0,,,,,,,,,,,,,,,,,,
4852,-35.0,,,,,,,,,,,,,,,,,,
4855,-34.0,,,,,,,,,,,,,,,,,,
4869,-15.0,,,,,,,,,,,,,,,,,,
4877,-40.0,,,,,,,,,,,,,,,,,,
4878,-34.0,,,,,,,,,,,,,,,,,,
4880,-39.0,,,,,,,,,,,,,,,,,,
4884,-15.0,,,,,,,,,,,,,,,,,,
4888,-37.0,,,,,,,,,,,,,,,,,,
4889,-31.0,,,,,,,,,,,,,,,,,,
4893,-29.0,,,,,,,,,,,,,,,,,,
4895,-33.0,,,,,,,,,,,,,,,,,,
4902,-31.0,,,,,,,,,,,,,,,,,,
4904,-37.0,,,,,,,,,,,,,,,,,,
4905,-21.0,,,,,,,,,,,,,,,,,,
4911,-30.0,,,,,,,,,,,,,,,,,,
4912,-50.0,,,,,,,,,,,,,,,,,,
4917,-17.0,,,,,,,,,,,,,,,,,,
4920,-21.0,,,,,,,,,,,,,,,,,,
4922,-13.0,,,,,,,,,,,,,,,,,,
4927,-21.0,,,,,,,,,,,,,,,,,,
4933,-20.0,,,,,,,,,,,,,,,,,,
4941,-22.0,,,,,,,,,,,,,,,,,,
4942,-6.0,,,,,,,,,,,,,,,,,,
4943,-29.0,,,,,,,,,,,,,,,,,,
4949,-34.0,,,,,,,,,,,,,,,,,,
4951,-14.0,,,,,,,,,,,,,,,,,,
4956,-36.0,,,,,,,,,,,,,,,,,,
4959,-31.0,,,,,,,,,,,,,,,,,,
4960,-34.0,,,,,,,,,,,,,,,,,,
4961,-28.0,,,,,,,,,,,,,,,,,,
4971,-39.0,,,,,,,,,,,,,,,,,,
4981,-23.0,,,,,,,,,,,,,,,,,,
4988,-22.0,,,,,,,,,,,,,,,,,,
4990,-21.0,,,,,,,,,,,,,,,,,,
4993,-28.0,,,,,,,,,,,,,,,,,,
4995,-26.0,,,,,,,,,,,,,,,,,,
4999,-15.0,,,,,,,,,,,,,,,,,,
5003,-33.0,,,,,,,,,,,,,,,,,,
5013,-30.0,,,,,,,,,,,,,,,,,,
5015,-20.0,,,,,,,,,,,,,,,,,,
5019,-17.0,,,,,,,,,,,,,,,,,,
5024,-34.0,,,,,,,,,,,,,,,,,,
5037,-27.0,,,,,,,,,,,,,,,,,,
5040,-40.0,,,,,,,,,,,,,,,,,,
5044,-24.0,,,,,,,,,,,,,,,,,,
5046,-21.0,,,,,,,,,,,,,,,,,,
5050,-23.0,,,,,,,,,,,,,,,,,,
5055,-20.0,,,,,,,,,,,,,,,,,,
5057,-24.0,,,,,,,,,,,,,,,,,,
5063,-24.0,,,,,,,,,,,,,,,,,,
5071,-16.0,,,,,,,,,,,,,,,,,,
5083,-18.0,,,,,,,,,,,,,,,,,,
5085,-25.0,,,,,,,,,,,,,,,,,,
5090,-29.0,,,,,,,,,,,,,,,,,,
5102,-22.0,,,,,,,,,,,,,,,,,,
5105,-22.0,,,,,,,,,,,,,,,,,,
5107,-20.0,,,,,,,,,,,,,,,,,,
5116,-29.0,,,,,,,,,,,,,,,,,,
5117,-52.0,,,,,,,,,,,,,,,,,,
5118,-18.0,,,,,,,,,,,,,,,,,,
5119,-26.0,,,,,,,,,,,,,,,,,,
5124,-37.0,,,,,,,,,,,,,,,,,,
5136,-9.0,,,,,,,,,,,,,,,,,,
5139,-8.0,,,,,,,,,,,,,,,,,,
5142,-17.0,,,,,,,,,,,,,,,,,,
5149,-36.0,,,,,,,,,,,,,,,,,,
5160,-16.0,,,,,,,,,,,,,,,,,,
5169,-18.0,,,,,,,,,,,,,,,,,,
5171,-28.0,,,,,,,,,,,,,,,,,,
5176,-31.0,,,,,,,,,,,,,,,,,,
5179,-15.0,,,,,,,,,,,,,,,,,,
5185,-18.0,,,,,,,,,,,,,,,,,,
5186,-23.0,,,,,,,,,,,,,,,,,,
5187,-30.0,,,,,,,,,,,,,,,,,,
5190,-22.0,,,,,,,,,,,,,,,,,,
5199,-47.0,,,,,,,,,,,,,,,,,,
5200,-26.0,,,,,,,,,,,,,,,,,,
5208,-15.0,,,,,,,,,,,,,,,,,,
5211,-18.0,,,,,,,,,,,,,,,,,,
5218,-10.0,,,,,,,,,,,,,,,,,,
5223,-29.0,,,,,,,,,,,,,,,,,,
5226,-32.0,,,,,,,,,,,,,,,,,,
5229,-55.0,,,,,,,,,,,,,,,,,,
5233,-48.0,,,,,,,,,,,,,,,,,,
5238,-34.0,,,,,,,,,,,,,,,,,,
5240,-19.0,,,,,,,,,,,,,,,,,,
5244,-24.0,,,,,,,,,,,,,,,,,,
5245,-12.0,,,,,,,,,,,,,,,,,,
5247,-16.0,,,,,,,,,,,,,,,,,,
5249,-37.0,,,,,,,,,,,,,,,,,,
5251,-27.0,,,,,,,,,,,,,,,,,,
5252,-18.0,,,,,,,,,,,,,,,,,,
5253,-17.0,,,,,,,,,,,,,,,,,,
5260,-31.0,,,,,,,,,,,,,,,,,,
5261,-39.0,,,,,,,,,,,,,,,,,,
5263,-12.0,,,,,,,,,,,,,,,,,,
5270,-30.0,,,,,,,,,,,,,,,,,,
5271,-38.0,,,,,,,,,,,,,,,,,,
5274,-43.0,,,,,,,,,,,,,,,,,,
5276,-26.0,,,,,,,,,,,,,,,,,,
5279,-26.0,,,,,,,,,,,,,,,,,,
5281,-24.0,,,,,,,,,,,,,,,,,,
5283,-24.0,,,,,,,,,,,,,,,,,,
5291,-33.0,,,,,,,,,,,,,,,,,,
5298,-8.0,,,,,,,,,,,,,,,,,,
5307,-38.0,,,,,,,,,,,,,,,,,,
5309,-19.0,,,,,,,,,,,,,,,,,,
5311,-46.0,,,,,,,,,,,,,,,,,,
5313,-23.0,,,,,,,,,,,,,,,,,,
5320,-19.0,,,,,,,,,,,,,,,,,,
5326,-45.0,,,,,,,,,,,,,,,,,,
5330,-23.0,,,,,,,,,,,,,,,,,,
5335,-18.0,,,,,,,,,,,,,,,,,,
5339,-9.0,,,,,,,,,,,,,,,,,,
5341,-26.0,,,,,,,,,,,,,,,,,,
5346,-11.0,,,,,,,,,,,,,,,,,,
5349,-22.0,,,,,,,,,,,,,,,,,,
5350,-13.0,,,,,,,,,,,,,,,,,,
5353,-33.0,,,,,,,,,,,,,,,,,,
5362,-30.0,,,,,,,,,,,,,,,,,,
5372,-22.0,,,,,,,,,,,,,,,,,,
5376,-18.0,,,,,,,,,,,,,,,,,,
5377,-20.0,,,,,,,,,,,,,,,,,,
5378,-11.0,,,,,,,,,,,,,,,,,,
5379,-15.0,,,,,,,,,,,,,,,,,,
5381,-14.0,,,,,,,,,,,,,,,,,,
5384,-36.0,,,,,,,,,,,,,,,,,,
5386,-10.0,,,,,,,,,,,,,,,,,,
5387,-17.0,,,,,,,,,,,,,,,,,,
5392,-37.0,,,,,,,,,,,,,,,,,,
5399,-35.0,,,,,,,,,,,,,,,,,,
5413,-21.0,,,,,,,,,,,,,,,,,,
5419,-20.0,,,,,,,,,,,,,,,,,,
5428,-22.0,,,,,,,,,,,,,,,,,,
5439,-13.0,,,,,,,,,,,,,,,,,,
5441,-15.0,,,,,,,,,,,,,,,,,,
5444,-37.0,,,,,,,,,,,,,,,,,,
5451,-17.0,,,,,,,,,,,,,,,,,,
5456,-27.0,,,,,,,,,,,,,,,,,,
5463,-44.0,,,,,,,,,,,,,,,,,,
5480,-22.0,,,,,,,,,,,,,,,,,,
5486,-48.0,,,,,,,,,,,,,,,,,,
5487,-17.0,,,,,,,,,,,,,,,,,,
5495,-27.0,,,,,,,,,,,,,,,,,,
5497,-21.0,,,,,,,,,,,,,,,,,,
5500,-16.0,,,,,,,,,,,,,,,,,,
5509,-26.0,,,,,,,,,,,,,,,,,,
5521,-27.0,,,,,,,,,,,,,,,,,,
5523,-23.0,,,,,,,,,,,,,,,,,,
5525,-35.0,,,,,,,,,,,,,,,,,,
5531,-31.0,,,,,,,,,,,,,,,,,,
5536,-16.0,,,,,,,,,,,,,,,,,,
5540,-27.0,,,,,,,,,,,,,,,,,,
5543,-11.0,,,,,,,,,,,,,,,,,,
5544,-8.0,,,,,,,,,,,,,,,,,,
5545,-37.0,,,,,,,,,,,,,,,,,,
5550,-34.0,,,,,,,,,,,,,,,,,,
5555,-9.0,,,,,,,,,,,,,,,,,,
5559,-29.0,,,,,,,,,,,,,,,,,,
5564,-20.0,,,,,,,,,,,,,,,,,,
5565,-47.0,,,,,,,,,,,,,,,,,,
5566,-16.0,,,,,,,,,,,,,,,,,,
5568,-20.0,,,,,,,,,,,,,,,,,,
5569,-21.0,,,,,,,,,,,,,,,,,,
5572,-24.0,,,,,,,,,,,,,,,,,,
5576,-31.0,,,,,,,,,,,,,,,,,,
5582,-27.0,,,,,,,,,,,,,,,,,,
5594,-19.0,,,,,,,,,,,,,,,,,,
5595,-20.0,,,,,,,,,,,,,,,,,,
5598,-12.0,,,,,,,,,,,,,,,,,,
5599,-14.0,,,,,,,,,,,,,,,,,,
5602,-43.0,,,,,,,,,,,,,,,,,,
5612,-24.0,,,,,,,,,,,,,,,,,,
5614,-19.0,,,,,,,,,,,,,,,,,,
5618,-30.0,,,,,,,,,,,,,,,,,,
5632,-20.0,,,,,,,,,,,,,,,,,,
5633,-22.0,,,,,,,,,,,,,,,,,,
5636,-17.0,,,,,,,,,,,,,,,,,,
5638,-27.0,,,,,,,,,,,,,,,,,,
5642,-56.0,,,,,,,,,,,,,,,,,,
5645,-11.0,,,,,,,,,,,,,,,,,,
5647,-43.0,,,,,,,,,,,,,,,,,,
5651,-22.0,,,,,,,,,,,,,,,,,,
5656,-23.0,,,,,,,,,,,,,,,,,,
5658,-40.0,,,,,,,,,,,,,,,,,,
5662,-26.0,,,,,,,,,,,,,,,,,,
5665,-26.0,,,,,,,,,,,,,,,,,,
5667,-22.0,,,,,,,,,,,,,,,,,,
5668,-22.0,,,,,,,,,,,,,,,,,,
5676,-28.0,,,,,,,,,,,,,,,,,,
5681,-31.0,,,,,,,,,,,,,,,,,,
5682,-20.0,,,,,,,,,,,,,,,,,,
5695,-19.0,,,,,,,,,,,,,,,,,,
5697,-22.0,,,,,,,,,,,,,,,,,,
5700,-29.0,,,,,,,,,,,,,,,,,,
5702,-24.0,,,,,,,,,,,,,,,,,,
5706,-31.0,,,,,,,,,,,,,,,,,,
5710,-19.0,,,,,,,,,,,,,,,,,,
5715,-16.0,,,,,,,,,,,,,,,,,,
5720,-14.0,,,,,,,,,,,,,,,,,,
5733,-22.0,,,,,,,,,,,,,,,,,,
5741,-63.0,,,,,,,,,,,,,,,,,,
5743,-16.0,,,,,,,,,,,,,,,,,,
5745,-24.0,,,,,,,,,,,,,,,,,,
5755,-16.0,,,,,,,,,,,,,,,,,,
5757,-8.0,,,,,,,,,,,,,,,,,,
5766,-22.0,,,,,,,,,,,,,,,,,,
5771,-34.0,,,,,,,,,,,,,,,,,,
5781,-13.0,,,,,,,,,,,,,,,,,,
5782,-25.0,,,,,,,,,,,,,,,,,,
5785,-13.0,,,,,,,,,,,,,,,,,,
5786,-21.0,,,,,,,,,,,,,,,,,,
5788,-30.0,,,,,,,,,,,,,,,,,,
5789,-52.0,,,,,,,,,,,,,,,,,,
5793,-17.0,,,,,,,,,,,,,,,,,,
5800,-14.0,,,,,,,,,,,,,,,,,,
5801,-55.0,,,,,,,,,,,,,,,,,,
5804,-21.0,,,,,,,,,,,,,,,,,,
5806,-18.0,,,,,,,,,,,,,,,,,,
5811,-29.0,,,,,,,,,,,,,,,,,,
5814,-15.0,,,,,,,,,,,,,,,,,,
5818,-18.0,,,,,,,,,,,,,,,,,,
5819,-27.0,,,,,,,,,,,,,,,,,,
5820,-22.0,,,,,,,,,,,,,,,,,,
5821,-11.0,,,,,,,,,,,,,,,,,,
5828,-23.0,,,,,,,,,,,,,,,,,,
5831,-36.0,,,,,,,,,,,,,,,,,,
5832,-26.0,,,,,,,,,,,,,,,,,,
5834,-29.0,,,,,,,,,,,,,,,,,,
5837,-12.0,,,,,,,,,,,,,,,,,,
5845,-15.0,,,,,,,,,,,,,,,,,,
5848,-20.0,,,,,,,,,,,,,,,,,,
5849,-23.0,,,,,,,,,,,,,,,,,,
5850,-20.0,,,,,,,,,,,,,,,,,,
5855,-18.0,,,,,,,,,,,,,,,,,,
5861,-18.0,,,,,,,,,,,,,,,,,,
5867,-20.0,,,,,,,,,,,,,,,,,,
5871,-14.0,,,,,,,,,,,,,,,,,,
5881,-35.0,,,,,,,,,,,,,,,,,,
5883,-19.0,,,,,,,,,,,,,,,,,,
5886,-17.0,,,,,,,,,,,,,,,,,,
5888,-28.0,,,,,,,,,,,,,,,,,,
5892,-24.0,,,,,,,,,,,,,,,,,,
5893,-37.0,,,,,,,,,,,,,,,,,,
5901,-24.0,,,,,,,,,,,,,,,,,,
5905,-24.0,,,,,,,,,,,,,,,,,,
5909,-43.0,,,,,,,,,,,,,,,,,,
5913,-23.0,,,,,,,,,,,,,,,,,,
5919,-23.0,,,,,,,,,,,,,,,,,,
5922,-20.0,,,,,,,,,,,,,,,,,,
5926,-18.0,,,,,,,,,,,,,,,,,,
5928,-15.0,,,,,,,,,,,,,,,,,,
5931,-7.0,,,,,,,,,,,,,,,,,,
5934,-10.0,,,,,,,,,,,,,,,,,,
5936,-33.0,,,,,,,,,,,,,,,,,,
5938,-21.0,,,,,,,,,,,,,,,,,,
5940,-44.0,,,,,,,,,,,,,,,,,,
5941,-14.0,,,,,,,,,,,,,,,,,,
5950,-43.0,,,,,,,,,,,,,,,,,,
5952,-19.0,,,,,,,,,,,,,,,,,,
5960,-28.0,,,,,,,,,,,,,,,,,,
5961,-30.0,,,,,,,,,,,,,,,,,,
5965,-13.0,,,,,,,,,,,,,,,,,,
5972,-37.0,,,,,,,,,,,,,,,,,,
5974,-10.0,,,,,,,,,,,,,,,,,,
5975,-26.0,,,,,,,,,,,,,,,,,,
5981,-14.0,,,,,,,,,,,,,,,,,,
5984,-30.0,,,,,,,,,,,,,,,,,,
5991,-8.0,,,,,,,,,,,,,,,,,,
5992,-18.0,,,,,,,,,,,,,,,,,,
5995,-14.0,,,,,,,,,,,,,,,,,,
5996,-9.0,,,,,,,,,,,,,,,,,,
5997,-20.0,,,,,,,,,,,,,,,,,,
6004,-36.0,,,,,,,,,,,,,,,,,,
6007,-22.0,,,,,,,,,,,,,,,,,,
6019,-24.0,,,,,,,,,,,,,,,,,,
6023,-20.0,,,,,,,,,,,,,,,,,,
6032,-34.0,,,,,,,,,,,,,,,,,,
6033,-23.0,,,,,,,,,,,,,,,,,,
6041,-44.0,,,,,,,,,,,,,,,,,,
6042,-34.0,,,,,,,,,,,,,,,,,,
6047,-17.0,,,,,,,,,,,,,,,,,,
6054,-13.0,,,,,,,,,,,,,,,,,,
6055,-6.0,,,,,,,,,,,,,,,,,,
6057,-35.0,,,,,,,,,,,,,,,,,,
6059,-13.0,,,,,,,,,,,,,,,,,,
6061,-13.0,,,,,,,,,,,,,,,,,,
6062,-34.0,,,,,,,,,,,,,,,,,,
6063,-36.0,,,,,,,,,,,,,,,,,,
6079,-23.0,,,,,,,,,,,,,,,,,,
6083,-11.0,,,,,,,,,,,,,,,,,,
6086,-9.0,,,,,,,,,,,,,,,,,,
6091,-36.0,,,,,,,,,,,,,,,,,,
6093,-18.0,,,,,,,,,,,,,,,,,,
6094,-29.0,,,,,,,,,,,,,,,,,,
6096,-28.0,,,,,,,,,,,,,,,,,,
6097,-21.0,,,,,,,,,,,,,,,,,,
6099,-21.0,,,,,,,,,,,,,,,,,,
6105,-37.0,,,,,,,,,,,,,,,,,,
6122,-29.0,,,,,,,,,,,,,,,,,,
6123,-21.0,,,,,,,,,,,,,,,,,,
6129,-24.0,,,,,,,,,,,,,,,,,,
6136,-11.0,,,,,,,,,,,,,,,,,,
6137,-22.0,,,,,,,,,,,,,,,,,,
6139,-24.0,,,,,,,,,,,,,,,,,,
6140,-27.0,,,,,,,,,,,,,,,,,,
6142,-23.0,,,,,,,,,,,,,,,,,,
6144,-11.0,,,,,,,,,,,,,,,,,,
6145,-14.0,,,,,,,,,,,,,,,,,,
6152,-16.0,,,,,,,,,,,,,,,,,,
6164,-16.0,,,,,,,,,,,,,,,,,,
6170,-25.0,,,,,,,,,,,,,,,,,,
6187,-19.0,,,,,,,,,,,,,,,,,,
6190,-10.0,,,,,,,,,,,,,,,,,,
6191,-14.0,,,,,,,,,,,,,,,,,,
6192,-15.0,,,,,,,,,,,,,,,,,,
6198,-22.0,,,,,,,,,,,,,,,,,,
6204,-42.0,,,,,,,,,,,,,,,,,,
6210,-18.0,,,,,,,,,,,,,,,,,,
6211,-21.0,,,,,,,,,,,,,,,,,,
6214,-13.0,,,,,,,,,,,,,,,,,,
6216,-18.0,,,,,,,,,,,,,,,,,,
6224,-17.0,,,,,,,,,,,,,,,,,,
6228,-29.0,,,,,,,,,,,,,,,,,,
6229,-20.0,,,,,,,,,,,,,,,,,,
6233,-32.0,,,,,,,,,,,,,,,,,,
6236,-26.0,,,,,,,,,,,,,,,,,,
6241,-23.0,,,,,,,,,,,,,,,,,,
6242,-21.0,,,,,,,,,,,,,,,,,,
6251,-12.0,,,,,,,,,,,,,,,,,,
6259,-21.0,,,,,,,,,,,,,,,,,,
6270,-13.0,,,,,,,,,,,,,,,,,,
6271,-19.0,,,,,,,,,,,,,,,,,,
6283,-12.0,,,,,,,,,,,,,,,,,,
6284,-21.0,,,,,,,,,,,,,,,,,,
6295,-18.0,,,,,,,,,,,,,,,,,,
6296,-27.0,,,,,,,,,,,,,,,,,,
6297,-31.0,,,,,,,,,,,,,,,,,,
6301,-23.0,,,,,,,,,,,,,,,,,,
6302,-21.0,,,,,,,,,,,,,,,,,,
6306,-22.0,,,,,,,,,,,,,,,,,,
6308,-13.0,,,,,,,,,,,,,,,,,,
6309,-30.0,,,,,,,,,,,,,,,,,,
6316,-45.0,,,,,,,,,,,,,,,,,,
6321,-33.0,,,,,,,,,,,,,,,,,,
6324,-17.0,,,,,,,,,,,,,,,,,,
6326,-21.0,,,,,,,,,,,,,,,,,,
6332,-21.0,,,,,,,,,,,,,,,,,,
6333,-10.0,,,,,,,,,,,,,,,,,,
6334,-28.0,,,,,,,,,,,,,,,,,,
6335,-17.0,,,,,,,,,,,,,,,,,,
6349,-15.0,,,,,,,,,,,,,,,,,,
6354,-12.0,,,,,,,,,,,,,,,,,,
6356,-20.0,,,,,,,,,,,,,,,,,,
6357,-21.0,,,,,,,,,,,,,,,,,,
6362,-23.0,,,,,,,,,,,,,,,,,,
6363,-19.0,,,,,,,,,,,,,,,,,,
6375,-7.0,,,,,,,,,,,,,,,,,,
6377,-20.0,,,,,,,,,,,,,,,,,,
6380,-17.0,,,,,,,,,,,,,,,,,,
6383,-17.0,,,,,,,,,,,,,,,,,,
6388,-8.0,,,,,,,,,,,,,,,,,,
6394,-31.0,,,,,,,,,,,,,,,,,,
6395,-13.0,,,,,,,,,,,,,,,,,,
6398,-22.0,,,,,,,,,,,,,,,,,,
6409,-19.0,,,,,,,,,,,,,,,,,,
6410,-10.0,,,,,,,,,,,,,,,,,,
6411,-10.0,,,,,,,,,,,,,,,,,,
6414,-20.0,,,,,,,,,,,,,,,,,,
6415,-10.0,,,,,,,,,,,,,,,,,,
6420,-26.0,,,,,,,,,,,,,,,,,,
6424,-20.0,,,,,,,,,,,,,,,,,,
6427,-23.0,,,,,,,,,,,,,,,,,,
6432,-10.0,,,,,,,,,,,,,,,,,,
6440,-19.0,,,,,,,,,,,,,,,,,,
6441,-14.0,,,,,,,,,,,,,,,,,,
6444,-12.0,,,,,,,,,,,,,,,,,,
6445,-22.0,,,,,,,,,,,,,,,,,,
6450,-41.0,,,,,,,,,,,,,,,,,,
6456,-13.0,,,,,,,,,,,,,,,,,,
6457,-11.0,,,,,,,,,,,,,,,,,,
6458,-22.0,,,,,,,,,,,,,,,,,,
6461,-21.0,,,,,,,,,,,,,,,,,,
6469,-21.0,,,,,,,,,,,,,,,,,,
6474,-15.0,,,,,,,,,,,,,,,,,,
6477,-26.0,,,,,,,,,,,,,,,,,,
6489,-22.0,,,,,,,,,,,,,,,,,,
6503,-12.0,,,,,,,,,,,,,,,,,,
6505,-15.0,,,,,,,,,,,,,,,,,,
6510,-20.0,,,,,,,,,,,,,,,,,,
6512,-16.0,,,,,,,,,,,,,,,,,,
6513,-26.0,,,,,,,,,,,,,,,,,,
6519,-10.0,,,,,,,,,,,,,,,,,,
6520,-19.0,,,,,,,,,,,,,,,,,,
6523,-16.0,,,,,,,,,,,,,,,,,,
6525,-34.0,,,,,,,,,,,,,,,,,,
6530,-18.0,,,,,,,,,,,,,,,,,,
6536,-20.0,,,,,,,,,,,,,,,,,,
6538,-19.0,,,,,,,,,,,,,,,,,,
6541,-20.0,,,,,,,,,,,,,,,,,,
6543,-20.0,,,,,,,,,,,,,,,,,,
6545,-35.0,,,,,,,,,,,,,,,,,,
6549,-15.0,,,,,,,,,,,,,,,,,,
6558,-22.0,,,,,,,,,,,,,,,,,,
6568,-19.0,,,,,,,,,,,,,,,,,,
6573,-13.0,,,,,,,,,,,,,,,,,,
6574,-26.0,,,,,,,,,,,,,,,,,,
6578,-18.0,,,,,,,,,,,,,,,,,,
6581,-28.0,,,,,,,,,,,,,,,,,,
6582,-15.0,,,,,,,,,,,,,,,,,,
6588,-16.0,,,,,,,,,,,,,,,,,,
6589,-30.0,,,,,,,,,,,,,,,,,,
6591,-21.0,,,,,,,,,,,,,,,,,,
6595,-18.0,,,,,,,,,,,,,,,,,,
6596,-22.0,,,,,,,,,,,,,,,,,,
6597,-15.0,,,,,,,,,,,,,,,,,,
6601,-27.0,,,,,,,,,,,,,,,,,,
6603,-33.0,,,,,,,,,,,,,,,,,,
6604,-13.0,,,,,,,,,,,,,,,,,,
6607,-9.0,,,,,,,,,,,,,,,,,,
6610,-20.0,,,,,,,,,,,,,,,,,,
6617,-38.0,,,,,,,,,,,,,,,,,,
6623,-28.0,,,,,,,,,,,,,,,,,,
6628,-20.0,,,,,,,,,,,,,,,,,,
6634,-17.0,,,,,,,,,,,,,,,,,,
6635,-29.0,,,,,,,,,,,,,,,,,,
6636,-38.0,,,,,,,,,,,,,,,,,,
6639,-15.0,,,,,,,,,,,,,,,,,,
6644,-12.0,,,,,,,,,,,,,,,,,,
6655,-12.0,,,,,,,,,,,,,,,,,,
6669,-26.0,,,,,,,,,,,,,,,,,,
6673,-15.0,,,,,,,,,,,,,,,,,,
6674,-32.0,,,,,,,,,,,,,,,,,,
6683,-10.0,,,,,,,,,,,,,,,,,,
6684,-16.0,,,,,,,,,,,,,,,,,,
6686,-11.0,,,,,,,,,,,,,,,,,,
6693,-28.0,,,,,,,,,,,,,,,,,,
6694,-10.0,,,,,,,,,,,,,,,,,,
6695,-26.0,,,,,,,,,,,,,,,,,,
6701,-10.0,,,,,,,,,,,,,,,,,,
6703,-12.0,,,,,,,,,,,,,,,,,,
6710,-17.0,,,,,,,,,,,,,,,,,,
6713,-18.0,,,,,,,,,,,,,,,,,,
6715,-10.0,,,,,,,,,,,,,,,,,,
6716,-15.0,,,,,,,,,,,,,,,,,,
6717,-25.0,,,,,,,,,,,,,,,,,,
6718,-15.0,,,,,,,,,,,,,,,,,,
6720,-20.0,,,,,,,,,,,,,,,,,,
6721,-28.0,,,,,,,,,,,,,,,,,,
6722,-15.0,,,,,,,,,,,,,,,,,,
6723,-21.0,,,,,,,,,,,,,,,,,,
6732,-15.0,,,,,,,,,,,,,,,,,,
6738,-18.0,,,,,,,,,,,,,,,,,,
6742,-7.0,,,,,,,,,,,,,,,,,,
6747,-8.0,,,,,,,,,,,,,,,,,,
6748,-22.0,,,,,,,,,,,,,,,,,,
6752,-23.0,,,,,,,,,,,,,,,,,,
6755,-11.0,,,,,,,,,,,,,,,,,,
6764,-11.0,,,,,,,,,,,,,,,,,,
6767,-11.0,,,,,,,,,,,,,,,,,,
6773,-21.0,,,,,,,,,,,,,,,,,,
6778,-12.0,,,,,,,,,,,,,,,,,,
6786,-13.0,,,,,,,,,,,,,,,,,,
6789,-24.0,,,,,,,,,,,,,,,,,,
6800,-14.0,,,,,,,,,,,,,,,,,,
6801,-23.0,,,,,,,,,,,,,,,,,,
6802,-20.0,,,,,,,,,,,,,,,,,,
6814,-22.0,,,,,,,,,,,,,,,,,,
6816,-12.0,,,,,,,,,,,,,,,,,,
6818,-8.0,,,,,,,,,,,,,,,,,,
6825,-33.0,,,,,,,,,,,,,,,,,,
6830,-37.0,,,,,,,,,,,,,,,,,,
6833,-11.0,,,,,,,,,,,,,,,,,,
6834,-24.0,,,,,,,,,,,,,,,,,,
6845,-26.0,,,,,,,,,,,,,,,,,,
6846,-30.0,,,,,,,,,,,,,,,,,,
6849,-22.0,,,,,,,,,,,,,,,,,,
6853,-51.0,,,,,,,,,,,,,,,,,,
6860,-15.0,,,,,,,,,,,,,,,,,,
6862,-36.0,,,,,,,,,,,,,,,,,,
6865,-27.0,,,,,,,,,,,,,,,,,,
6866,-18.0,,,,,,,,,,,,,,,,,,
6868,-19.0,,,,,,,,,,,,,,,,,,
6869,-11.0,,,,,,,,,,,,,,,,,,
6871,-22.0,,,,,,,,,,,,,,,,,,
6872,-11.0,,,,,,,,,,,,,,,,,,
6876,-20.0,,,,,,,,,,,,,,,,,,
6878,-29.0,,,,,,,,,,,,,,,,,,
6881,-11.0,,,,,,,,,,,,,,,,,,
6883,-20.0,,,,,,,,,,,,,,,,,,
6897,-35.0,,,,,,,,,,,,,,,,,,
6901,-19.0,,,,,,,,,,,,,,,,,,
6902,-15.0,,,,,,,,,,,,,,,,,,
6909,-18.0,,,,,,,,,,,,,,,,,,
6910,-10.0,,,,,,,,,,,,,,,,,,
6911,-22.0,,,,,,,,,,,,,,,,,,
6914,-10.0,,,,,,,,,,,,,,,,,,
6919,-22.0,,,,,,,,,,,,,,,,,,
6921,-24.0,,,,,,,,,,,,,,,,,,
6922,-20.0,,,,,,,,,,,,,,,,,,
6943,-13.0,,,,,,,,,,,,,,,,,,
6955,-16.0,,,,,,,,,,,,,,,,,,
6956,-26.0,,,,,,,,,,,,,,,,,,
6961,-11.0,,,,,,,,,,,,,,,,,,
6964,-22.0,,,,,,,,,,,,,,,,,,
6974,-16.0,,,,,,,,,,,,,,,,,,
6975,-17.0,,,,,,,,,,,,,,,,,,
6976,-30.0,,,,,,,,,,,,,,,,,,
6980,-19.0,,,,,,,,,,,,,,,,,,
6984,-14.0,,,,,,,,,,,,,,,,,,
6986,-15.0,,,,,,,,,,,,,,,,,,
6993,-20.0,,,,,,,,,,,,,,,,,,
6994,-31.0,,,,,,,,,,,,,,,,,,
7014,-10.0,,,,,,,,,,,,,,,,,,
7025,-20.0,,,,,,,,,,,,,,,,,,
7027,-27.0,,,,,,,,,,,,,,,,,,
7030,-4.0,,,,,,,,,,,,,,,,,,
7031,-24.0,,,,,,,,,,,,,,,,,,
7034,-21.0,,,,,,,,,,,,,,,,,,
7037,-33.0,,,,,,,,,,,,,,,,,,
7046,-15.0,,,,,,,,,,,,,,,,,,
7054,-25.0,,,,,,,,,,,,,,,,,,
7057,-17.0,,,,,,,,,,,,,,,,,,
7063,-24.0,,,,,,,,,,,,,,,,,,
7070,-20.0,,,,,,,,,,,,,,,,,,
7073,-14.0,,,,,,,,,,,,,,,,,,
7076,-8.0,,,,,,,,,,,,,,,,,,
7080,-29.0,,,,,,,,,,,,,,,,,,
7082,-21.0,,,,,,,,,,,,,,,,,,
7083,-18.0,,,,,,,,,,,,,,,,,,
7087,-21.0,,,,,,,,,,,,,,,,,,
7103,-16.0,,,,,,,,,,,,,,,,,,
7116,-11.0,,,,,,,,,,,,,,,,,,
7118,-18.0,,,,,,,,,,,,,,,,,,
7119,-17.0,,,,,,,,,,,,,,,,,,
7120,-15.0,,,,,,,,,,,,,,,,,,
7122,-38.0,,,,,,,,,,,,,,,,,,
7124,-23.0,,,,,,,,,,,,,,,,,,
7125,-13.0,,,,,,,,,,,,,,,,,,
7128,-9.0,,,,,,,,,,,,,,,,,,
7130,-34.0,,,,,,,,,,,,,,,,,,
7140,-17.0,,,,,,,,,,,,,,,,,,
7145,-25.0,,,,,,,,,,,,,,,,,,
7148,-26.0,,,,,,,,,,,,,,,,,,
7151,-17.0,,,,,,,,,,,,,,,,,,
7159,-20.0,,,,,,,,,,,,,,,,,,
7161,-7.0,,,,,,,,,,,,,,,,,,
7166,-16.0,,,,,,,,,,,,,,,,,,
7169,-13.0,,,,,,,,,,,,,,,,,,
7180,-18.0,,,,,,,,,,,,,,,,,,
7181,-33.0,,,,,,,,,,,,,,,,,,
7182,-16.0,,,,,,,,,,,,,,,,,,
7186,-20.0,,,,,,,,,,,,,,,,,,
7195,-17.0,,,,,,,,,,,,,,,,,,
7205,-15.0,,,,,,,,,,,,,,,,,,
7207,-16.0,,,,,,,,,,,,,,,,,,
7210,-32.0,,,,,,,,,,,,,,,,,,
7214,-17.0,,,,,,,,,,,,,,,,,,
7215,-16.0,,,,,,,,,,,,,,,,,,
7221,-19.0,,,,,,,,,,,,,,,,,,
7230,-27.0,,,,,,,,,,,,,,,,,,
7235,-16.0,,,,,,,,,,,,,,,,,,
7238,-20.0,,,,,,,,,,,,,,,,,,
7240,-21.0,,,,,,,,,,,,,,,,,,
7244,-20.0,,,,,,,,,,,,,,,,,,
7245,-16.0,,,,,,,,,,,,,,,,,,
7249,-18.0,,,,,,,,,,,,,,,,,,
7250,-6.0,,,,,,,,,,,,,,,,,,
7253,-10.0,,,,,,,,,,,,,,,,,,
7254,-10.0,,,,,,,,,,,,,,,,,,
7255,-19.0,,,,,,,,,,,,,,,,,,
7258,-22.0,,,,,,,,,,,,,,,,,,
7260,-19.0,,,,,,,,,,,,,,,,,,
7274,-18.0,,,,,,,,,,,,,,,,,,
7278,-20.0,,,,,,,,,,,,,,,,,,
7286,-9.0,,,,,,,,,,,,,,,,,,
7288,-14.0,,,,,,,,,,,,,,,,,,
7305,-7.0,,,,,,,,,,,,,,,,,,
7307,-13.0,,,,,,,,,,,,,,,,,,
7314,-24.0,,,,,,,,,,,,,,,,,,
7316,-23.0,,,,,,,,,,,,,,,,,,
7321,-6.0,,,,,,,,,,,,,,,,,,
7323,-15.0,,,,,,,,,,,,,,,,,,
7326,-6.0,,,,,,,,,,,,,,,,,,
7330,-20.0,,,,,,,,,,,,,,,,,,
7333,-18.0,,,,,,,,,,,,,,,,,,
7336,-18.0,,,,,,,,,,,,,,,,,,
7347,-18.0,,,,,,,,,,,,,,,,,,
7350,-16.0,,,,,,,,,,,,,,,,,,
7352,-12.0,,,,,,,,,,,,,,,,,,
7354,-9.0,,,,,,,,,,,,,,,,,,
7359,-19.0,,,,,,,,,,,,,,,,,,
7360,-9.0,,,,,,,,,,,,,,,,,,
7368,-9.0,,,,,,,,,,,,,,,,,,
7375,-10.0,,,,,,,,,,,,,,,,,,
7376,-6.0,,,,,,,,,,,,,,,,,,
7379,-23.0,,,,,,,,,,,,,,,,,,
7384,-11.0,,,,,,,,,,,,,,,,,,
7395,-13.0,,,,,,,,,,,,,,,,,,
7396,-7.0,,,,,,,,,,,,,,,,,,
7400,-26.0,,,,,,,,,,,,,,,,,,
7401,-34.0,,,,,,,,,,,,,,,,,,
7402,-27.0,,,,,,,,,,,,,,,,,,
7404,-26.0,,,,,,,,,,,,,,,,,,
7410,-20.0,,,,,,,,,,,,,,,,,,
7412,-31.0,,,,,,,,,,,,,,,,,,
7413,-5.0,,,,,,,,,,,,,,,,,,
7423,-18.0,,,,,,,,,,,,,,,,,,
7426,-30.0,,,,,,,,,,,,,,,,,,
7436,-10.0,,,,,,,,,,,,,,,,,,
7439,-15.0,,,,,,,,,,,,,,,,,,
7440,-17.0,,,,,,,,,,,,,,,,,,
7441,-23.0,,,,,,,,,,,,,,,,,,
7445,-17.0,,,,,,,,,,,,,,,,,,
7446,-8.0,,,,,,,,,,,,,,,,,,
7452,-20.0,,,,,,,,,,,,,,,,,,
7454,-15.0,,,,,,,,,,,,,,,,,,
7457,-7.0,,,,,,,,,,,,,,,,,,
7473,-17.0,,,,,,,,,,,,,,,,,,
7475,-9.0,,,,,,,,,,,,,,,,,,
7478,-8.0,,,,,,,,,,,,,,,,,,
7483,-12.0,,,,,,,,,,,,,,,,,,
7484,-8.0,,,,,,,,,,,,,,,,,,
7486,-26.0,,,,,,,,,,,,,,,,,,
7488,-22.0,,,,,,,,,,,,,,,,,,
7489,-18.0,,,,,,,,,,,,,,,,,,
7493,-19.0,,,,,,,,,,,,,,,,,,
7513,-12.0,,,,,,,,,,,,,,,,,,
7519,-28.0,,,,,,,,,,,,,,,,,,
7527,-9.0,,,,,,,,,,,,,,,,,,
7529,-22.0,,,,,,,,,,,,,,,,,,
7533,-17.0,,,,,,,,,,,,,,,,,,
7537,-19.0,,,,,,,,,,,,,,,,,,
7541,-25.0,,,,,,,,,,,,,,,,,,
7548,-10.0,,,,,,,,,,,,,,,,,,
7564,-20.0,,,,,,,,,,,,,,,,,,
7567,-12.0,,,,,,,,,,,,,,,,,,
7580,-16.0,,,,,,,,,,,,,,,,,,
7583,-15.0,,,,,,,,,,,,,,,,,,
7588,-10.0,,,,,,,,,,,,,,,,,,
7607,-10.0,,,,,,,,,,,,,,,,,,
7611,-10.0,,,,,,,,,,,,,,,,,,
7615,-15.0,,,,,,,,,,,,,,,,,,
7619,-15.0,,,,,,,,,,,,,,,,,,
7620,-9.0,,,,,,,,,,,,,,,,,,
7623,-23.0,,,,,,,,,,,,,,,,,,
7630,-22.0,,,,,,,,,,,,,,,,,,
7634,-14.0,,,,,,,,,,,,,,,,,,
7637,-9.0,,,,,,,,,,,,,,,,,,
7638,-33.0,,,,,,,,,,,,,,,,,,
7640,-15.0,,,,,,,,,,,,,,,,,,
7644,-18.0,,,,,,,,,,,,,,,,,,
7646,-16.0,,,,,,,,,,,,,,,,,,
7647,-6.0,,,,,,,,,,,,,,,,,,
7652,-37.0,,,,,,,,,,,,,,,,,,
7660,-15.0,,,,,,,,,,,,,,,,,,
7663,-22.0,,,,,,,,,,,,,,,,,,
7675,-19.0,,,,,,,,,,,,,,,,,,
7676,-9.0,,,,,,,,,,,,,,,,,,
7677,-20.0,,,,,,,,,,,,,,,,,,
7678,-14.0,,,,,,,,,,,,,,,,,,
7682,-8.0,,,,,,,,,,,,,,,,,,
7684,-12.0,,,,,,,,,,,,,,,,,,
7685,-12.0,,,,,,,,,,,,,,,,,,
7691,-12.0,,,,,,,,,,,,,,,,,,
7695,-10.0,,,,,,,,,,,,,,,,,,
7706,-31.0,,,,,,,,,,,,,,,,,,
7708,-18.0,,,,,,,,,,,,,,,,,,
7718,-23.0,,,,,,,,,,,,,,,,,,
7719,-11.0,,,,,,,,,,,,,,,,,,
7720,-21.0,,,,,,,,,,,,,,,,,,
7722,-24.0,,,,,,,,,,,,,,,,,,
7723,-18.0,,,,,,,,,,,,,,,,,,
7725,-22.0,,,,,,,,,,,,,,,,,,
7727,-12.0,,,,,,,,,,,,,,,,,,
7729,-13.0,,,,,,,,,,,,,,,,,,
7732,-21.0,,,,,,,,,,,,,,,,,,
7735,-6.0,,,,,,,,,,,,,,,,,,
7737,-21.0,,,,,,,,,,,,,,,,,,
7740,-31.0,,,,,,,,,,,,,,,,,,
7741,-25.0,,,,,,,,,,,,,,,,,,
7745,-22.0,,,,,,,,,,,,,,,,,,
7750,-10.0,,,,,,,,,,,,,,,,,,
7758,-12.0,,,,,,,,,,,,,,,,,,
7759,-7.0,,,,,,,,,,,,,,,,,,
7763,-21.0,,,,,,,,,,,,,,,,,,
7764,-21.0,,,,,,,,,,,,,,,,,,
7766,-14.0,,,,,,,,,,,,,,,,,,
7768,-7.0,,,,,,,,,,,,,,,,,,
7775,-10.0,,,,,,,,,,,,,,,,,,
7777,-9.0,,,,,,,,,,,,,,,,,,
7779,-12.0,,,,,,,,,,,,,,,,,,
7785,-10.0,,,,,,,,,,,,,,,,,,
7786,-18.0,,,,,,,,,,,,,,,,,,
7788,-17.0,,,,,,,,,,,,,,,,,,
7789,-35.0,,,,,,,,,,,,,,,,,,
7790,-9.0,,,,,,,,,,,,,,,,,,
7800,-13.0,,,,,,,,,,,,,,,,,,
7823,-18.0,,,,,,,,,,,,,,,,,,
7826,-26.0,,,,,,,,,,,,,,,,,,
7827,-20.0,,,,,,,,,,,,,,,,,,
7829,-16.0,,,,,,,,,,,,,,,,,,
7834,-12.0,,,,,,,,,,,,,,,,,,
7840,-13.0,,,,,,,,,,,,,,,,,,
7849,-4.0,,,,,,,,,,,,,,,,,,
7852,-29.0,,,,,,,,,,,,,,,,,,
7854,-12.0,,,,,,,,,,,,,,,,,,
7859,-16.0,,,,,,,,,,,,,,,,,,
7861,-16.0,,,,,,,,,,,,,,,,,,
7862,-10.0,,,,,,,,,,,,,,,,,,
7863,-14.0,,,,,,,,,,,,,,,,,,
7870,-14.0,,,,,,,,,,,,,,,,,,
7876,-9.0,,,,,,,,,,,,,,,,,,
7878,-8.0,,,,,,,,,,,,,,,,,,
7879,-21.0,,,,,,,,,,,,,,,,,,
7883,-15.0,,,,,,,,,,,,,,,,,,
7884,-9.0,,,,,,,,,,,,,,,,,,
7885,-9.0,,,,,,,,,,,,,,,,,,
7887,-13.0,,,,,,,,,,,,,,,,,,
7894,-16.0,,,,,,,,,,,,,,,,,,
7902,-8.0,,,,,,,,,,,,,,,,,,
7910,-16.0,,,,,,,,,,,,,,,,,,
7920,-20.0,,,,,,,,,,,,,,,,,,
7924,-16.0,,,,,,,,,,,,,,,,,,
7926,-12.0,,,,,,,,,,,,,,,,,,
7927,-11.0,,,,,,,,,,,,,,,,,,
7933,-17.0,,,,,,,,,,,,,,,,,,
7935,-16.0,,,,,,,,,,,,,,,,,,
7944,-9.0,,,,,,,,,,,,,,,,,,
7945,-8.0,,,,,,,,,,,,,,,,,,
7947,-27.0,,,,,,,,,,,,,,,,,,
7950,-11.0,,,,,,,,,,,,,,,,,,
7956,-26.0,,,,,,,,,,,,,,,,,,
7958,-17.0,,,,,,,,,,,,,,,,,,
7959,-30.0,,,,,,,,,,,,,,,,,,
7965,-13.0,,,,,,,,,,,,,,,,,,
7973,-32.0,,,,,,,,,,,,,,,,,,
7980,-18.0,,,,,,,,,,,,,,,,,,
7987,-22.0,,,,,,,,,,,,,,,,,,
7991,-16.0,,,,,,,,,,,,,,,,,,
7998,-19.0,,,,,,,,,,,,,,,,,,
8003,-19.0,,,,,,,,,,,,,,,,,,
8004,-19.0,,,,,,,,,,,,,,,,,,
8006,-10.0,,,,,,,,,,,,,,,,,,
8008,-22.0,,,,,,,,,,,,,,,,,,
8009,-23.0,,,,,,,,,,,,,,,,,,
8015,-13.0,,,,,,,,,,,,,,,,,,
8027,-10.0,,,,,,,,,,,,,,,,,,
8035,-10.0,,,,,,,,,,,,,,,,,,
8036,-18.0,,,,,,,,,,,,,,,,,,
8043,-15.0,,,,,,,,,,,,,,,,,,
8053,-12.0,,,,,,,,,,,,,,,,,,
8054,-10.0,,,,,,,,,,,,,,,,,,
8055,-24.0,,,,,,,,,,,,,,,,,,
8066,-9.0,,,,,,,,,,,,,,,,,,
8067,-23.0,,,,,,,,,,,,,,,,,,
8069,-19.0,,,,,,,,,,,,,,,,,,
8076,-8.0,,,,,,,,,,,,,,,,,,
8077,-30.0,,,,,,,,,,,,,,,,,,
8078,-17.0,,,,,,,,,,,,,,,,,,
8079,-8.0,,,,,,,,,,,,,,,,,,
8080,-11.0,,,,,,,,,,,,,,,,,,
8082,-13.0,,,,,,,,,,,,,,,,,,
8083,-17.0,,,,,,,,,,,,,,,,,,
8087,-11.0,,,,,,,,,,,,,,,,,,
8088,-10.0,,,,,,,,,,,,,,,,,,
8090,-6.0,,,,,,,,,,,,,,,,,,
8093,-31.0,,,,,,,,,,,,,,,,,,
8096,-7.0,,,,,,,,,,,,,,,,,,
8104,-18.0,,,,,,,,,,,,,,,,,,
8109,-9.0,,,,,,,,,,,,,,,,,,
8110,-16.0,,,,,,,,,,,,,,,,,,
8111,-9.0,,,,,,,,,,,,,,,,,,
8117,-14.0,,,,,,,,,,,,,,,,,,
8128,-9.0,,,,,,,,,,,,,,,,,,
8131,-10.0,,,,,,,,,,,,,,,,,,
8139,-18.0,,,,,,,,,,,,,,,,,,
8142,-10.0,,,,,,,,,,,,,,,,,,
8149,-21.0,,,,,,,,,,,,,,,,,,
8157,-21.0,,,,,,,,,,,,,,,,,,
8161,-30.0,,,,,,,,,,,,,,,,,,
8176,-19.0,,,,,,,,,,,,,,,,,,
8180,-15.0,,,,,,,,,,,,,,,,,,
8181,-12.0,,,,,,,,,,,,,,,,,,
8186,-8.0,,,,,,,,,,,,,,,,,,
8187,-21.0,,,,,,,,,,,,,,,,,,
8189,-24.0,,,,,,,,,,,,,,,,,,
8195,-28.0,,,,,,,,,,,,,,,,,,
8197,-24.0,,,,,,,,,,,,,,,,,,
8198,-18.0,,,,,,,,,,,,,,,,,,
8199,-22.0,,,,,,,,,,,,,,,,,,
8203,-18.0,,,,,,,,,,,,,,,,,,
8206,-26.0,,,,,,,,,,,,,,,,,,
8210,-16.0,,,,,,,,,,,,,,,,,,
8211,-13.0,,,,,,,,,,,,,,,,,,
8217,-26.0,,,,,,,,,,,,,,,,,,
8218,-11.0,,,,,,,,,,,,,,,,,,
8219,-22.0,,,,,,,,,,,,,,,,,,
8223,-21.0,,,,,,,,,,,,,,,,,,
8229,-14.0,,,,,,,,,,,,,,,,,,
8230,-26.0,,,,,,,,,,,,,,,,,,
8234,-30.0,,,,,,,,,,,,,,,,,,
8236,-16.0,,,,,,,,,,,,,,,,,,
8240,-6.0,,,,,,,,,,,,,,,,,,
8255,-15.0,,,,,,,,,,,,,,,,,,
8260,-12.0,,,,,,,,,,,,,,,,,,
8265,-25.0,,,,,,,,,,,,,,,,,,
8266,-10.0,,,,,,,,,,,,,,,,,,
8267,-20.0,,,,,,,,,,,,,,,,,,
8268,-15.0,,,,,,,,,,,,,,,,,,
8269,-23.0,,,,,,,,,,,,,,,,,,
8271,-6.0,,,,,,,,,,,,,,,,,,
8274,-23.0,,,,,,,,,,,,,,,,,,
8278,-10.0,,,,,,,,,,,,,,,,,,
8281,-16.0,,,,,,,,,,,,,,,,,,
8282,-9.0,,,,,,,,,,,,,,,,,,
8284,-11.0,,,,,,,,,,,,,,,,,,
8288,-13.0,,,,,,,,,,,,,,,,,,
8291,-24.0,,,,,,,,,,,,,,,,,,
8294,-8.0,,,,,,,,,,,,,,,,,,
8297,-16.0,,,,,,,,,,,,,,,,,,
8298,-26.0,,,,,,,,,,,,,,,,,,
8314,-8.0,,,,,,,,,,,,,,,,,,
8317,-15.0,,,,,,,,,,,,,,,,,,
8320,-6.0,,,,,,,,,,,,,,,,,,
8322,-17.0,,,,,,,,,,,,,,,,,,
8323,-24.0,,,,,,,,,,,,,,,,,,
8325,-17.0,,,,,,,,,,,,,,,,,,
8327,-19.0,,,,,,,,,,,,,,,,,,
8329,-7.0,,,,,,,,,,,,,,,,,,
8331,-33.0,,,,,,,,,,,,,,,,,,
8332,-9.0,,,,,,,,,,,,,,,,,,
8341,-17.0,,,,,,,,,,,,,,,,,,
8342,-28.0,,,,,,,,,,,,,,,,,,
8350,-4.0,,,,,,,,,,,,,,,,,,
8351,-19.0,,,,,,,,,,,,,,,,,,
8359,-14.0,,,,,,,,,,,,,,,,,,
8360,-6.0,,,,,,,,,,,,,,,,,,
8363,-12.0,,,,,,,,,,,,,,,,,,
8364,-15.0,,,,,,,,,,,,,,,,,,
8367,-9.0,,,,,,,,,,,,,,,,,,
8380,-8.0,,,,,,,,,,,,,,,,,,
8388,-11.0,,,,,,,,,,,,,,,,,,
8390,-10.0,,,,,,,,,,,,,,,,,,
8394,-30.0,,,,,,,,,,,,,,,,,,
8397,-29.0,,,,,,,,,,,,,,,,,,
8399,-10.0,,,,,,,,,,,,,,,,,,
8402,-16.0,,,,,,,,,,,,,,,,,,
8405,-17.0,,,,,,,,,,,,,,,,,,
8409,-26.0,,,,,,,,,,,,,,,,,,
8411,-6.0,,,,,,,,,,,,,,,,,,
8412,-13.0,,,,,,,,,,,,,,,,,,
8414,-17.0,,,,,,,,,,,,,,,,,,
8418,-13.0,,,,,,,,,,,,,,,,,,
8423,-15.0,,,,,,,,,,,,,,,,,,
8427,-13.0,,,,,,,,,,,,,,,,,,
8428,-14.0,,,,,,,,,,,,,,,,,,
8429,-6.0,,,,,,,,,,,,,,,,,,
8431,-26.0,,,,,,,,,,,,,,,,,,
8432,-12.0,,,,,,,,,,,,,,,,,,
8433,-12.0,,,,,,,,,,,,,,,,,,
8435,-20.0,,,,,,,,,,,,,,,,,,
8436,-9.0,,,,,,,,,,,,,,,,,,
8441,-11.0,,,,,,,,,,,,,,,,,,
8455,-10.0,,,,,,,,,,,,,,,,,,
8457,-27.0,,,,,,,,,,,,,,,,,,
8460,-17.0,,,,,,,,,,,,,,,,,,
8467,-28.0,,,,,,,,,,,,,,,,,,
8469,-10.0,,,,,,,,,,,,,,,,,,
8475,-19.0,,,,,,,,,,,,,,,,,,
8480,-24.0,,,,,,,,,,,,,,,,,,
8482,-12.0,,,,,,,,,,,,,,,,,,
8488,-13.0,,,,,,,,,,,,,,,,,,
8490,-13.0,,,,,,,,,,,,,,,,,,
8496,-14.0,,,,,,,,,,,,,,,,,,
8502,-10.0,,,,,,,,,,,,,,,,,,
8508,-18.0,,,,,,,,,,,,,,,,,,
8517,-12.0,,,,,,,,,,,,,,,,,,
8520,-12.0,,,,,,,,,,,,,,,,,,
8525,-11.0,,,,,,,,,,,,,,,,,,
8534,-10.0,,,,,,,,,,,,,,,,,,
8536,-11.0,,,,,,,,,,,,,,,,,,
8544,-10.0,,,,,,,,,,,,,,,,,,
8549,-15.0,,,,,,,,,,,,,,,,,,
8553,-14.0,,,,,,,,,,,,,,,,,,
8557,-30.0,,,,,,,,,,,,,,,,,,
8563,-33.0,,,,,,,,,,,,,,,,,,
8570,-10.0,,,,,,,,,,,,,,,,,,
8574,-8.0,,,,,,,,,,,,,,,,,,
8590,-23.0,,,,,,,,,,,,,,,,,,
8592,-17.0,,,,,,,,,,,,,,,,,,
8597,-6.0,,,,,,,,,,,,,,,,,,
8607,-12.0,,,,,,,,,,,,,,,,,,
8609,-8.0,,,,,,,,,,,,,,,,,,
8612,-9.0,,,,,,,,,,,,,,,,,,
8615,-11.0,,,,,,,,,,,,,,,,,,
8622,-27.0,,,,,,,,,,,,,,,,,,
8625,-13.0,,,,,,,,,,,,,,,,,,
8631,-16.0,,,,,,,,,,,,,,,,,,
8636,-7.0,,,,,,,,,,,,,,,,,,
8640,-7.0,,,,,,,,,,,,,,,,,,
8647,-10.0,,,,,,,,,,,,,,,,,,
8649,-11.0,,,,,,,,,,,,,,,,,,
8651,-21.0,,,,,,,,,,,,,,,,,,
8657,-6.0,,,,,,,,,,,,,,,,,,
8659,-10.0,,,,,,,,,,,,,,,,,,
8662,-9.0,,,,,,,,,,,,,,,,,,
8666,-11.0,,,,,,,,,,,,,,,,,,
8669,-19.0,,,,,,,,,,,,,,,,,,
8671,-6.0,,,,,,,,,,,,,,,,,,
8691,-7.0,,,,,,,,,,,,,,,,,,
8694,-6.0,,,,,,,,,,,,,,,,,,
8695,-28.0,,,,,,,,,,,,,,,,,,
8697,-14.0,,,,,,,,,,,,,,,,,,
8702,-15.0,,,,,,,,,,,,,,,,,,
8708,-9.0,,,,,,,,,,,,,,,,,,
8712,-27.0,,,,,,,,,,,,,,,,,,
8735,-13.0,,,,,,,,,,,,,,,,,,
8738,-9.0,,,,,,,,,,,,,,,,,,
8741,-9.0,,,,,,,,,,,,,,,,,,
8750,-6.0,,,,,,,,,,,,,,,,,,
8751,-9.0,,,,,,,,,,,,,,,,,,
8753,-9.0,,,,,,,,,,,,,,,,,,
8755,-13.0,,,,,,,,,,,,,,,,,,
8756,-11.0,,,,,,,,,,,,,,,,,,
8764,-18.0,,,,,,,,,,,,,,,,,,
8770,-15.0,,,,,,,,,,,,,,,,,,
8776,-20.0,,,,,,,,,,,,,,,,,,
8778,-14.0,,,,,,,,,,,,,,,,,,
8781,-8.0,,,,,,,,,,,,,,,,,,
8782,-9.0,,,,,,,,,,,,,,,,,,
8786,-14.0,,,,,,,,,,,,,,,,,,
8789,-16.0,,,,,,,,,,,,,,,,,,
8793,-13.0,,,,,,,,,,,,,,,,,,
8796,-10.0,,,,,,,,,,,,,,,,,,
8812,-9.0,,,,,,,,,,,,,,,,,,
8819,-8.0,,,,,,,,,,,,,,,,,,
8824,-13.0,,,,,,,,,,,,,,,,,,
8826,-16.0,,,,,,,,,,,,,,,,,,
8829,-7.0,,,,,,,,,,,,,,,,,,
8836,-17.0,,,,,,,,,,,,,,,,,,
8844,-15.0,,,,,,,,,,,,,,,,,,
8845,-9.0,,,,,,,,,,,,,,,,,,
8850,-14.0,,,,,,,,,,,,,,,,,,
8858,-9.0,,,,,,,,,,,,,,,,,,
8860,-10.0,,,,,,,,,,,,,,,,,,
8863,-14.0,,,,,,,,,,,,,,,,,,
8869,-20.0,,,,,,,,,,,,,,,,,,
8871,-13.0,,,,,,,,,,,,,,,,,,
8874,-10.0,,,,,,,,,,,,,,,,,,
8877,-19.0,,,,,,,,,,,,,,,,,,
8880,-15.0,,,,,,,,,,,,,,,,,,
8885,-14.0,,,,,,,,,,,,,,,,,,
8888,-12.0,,,,,,,,,,,,,,,,,,
8890,-9.0,,,,,,,,,,,,,,,,,,
8895,-21.0,,,,,,,,,,,,,,,,,,
8902,-13.0,,,,,,,,,,,,,,,,,,
8903,-12.0,,,,,,,,,,,,,,,,,,
8915,-5.0,,,,,,,,,,,,,,,,,,
8916,-10.0,,,,,,,,,,,,,,,,,,
8919,-12.0,,,,,,,,,,,,,,,,,,
8927,-9.0,,,,,,,,,,,,,,,,,,
8934,-12.0,,,,,,,,,,,,,,,,,,
8935,-9.0,,,,,,,,,,,,,,,,,,
8939,-18.0,,,,,,,,,,,,,,,,,,
8945,-22.0,,,,,,,,,,,,,,,,,,
8946,-9.0,,,,,,,,,,,,,,,,,,
8950,-29.0,,,,,,,,,,,,,,,,,,
8953,-17.0,,,,,,,,,,,,,,,,,,
8965,-14.0,,,,,,,,,,,,,,,,,,
8967,-17.0,,,,,,,,,,,,,,,,,,
8969,-16.0,,,,,,,,,,,,,,,,,,
8972,-12.0,,,,,,,,,,,,,,,,,,
8978,-10.0,,,,,,,,,,,,,,,,,,
8979,-10.0,,,,,,,,,,,,,,,,,,
8983,-18.0,,,,,,,,,,,,,,,,,,
8986,-11.0,,,,,,,,,,,,,,,,,,
8992,-14.0,,,,,,,,,,,,,,,,,,
8993,-16.0,,,,,,,,,,,,,,,,,,
8994,-15.0,,,,,,,,,,,,,,,,,,
8995,-14.0,,,,,,,,,,,,,,,,,,
8996,-14.0,,,,,,,,,,,,,,,,,,
8999,-12.0,,,,,,,,,,,,,,,,,,
9003,-7.0,,,,,,,,,,,,,,,,,,
9004,-16.0,,,,,,,,,,,,,,,,,,
9008,-24.0,,,,,,,,,,,,,,,,,,
9026,-8.0,,,,,,,,,,,,,,,,,,
9030,-15.0,,,,,,,,,,,,,,,,,,
9031,-21.0,,,,,,,,,,,,,,,,,,
9034,-15.0,,,,,,,,,,,,,,,,,,
9035,-9.0,,,,,,,,,,,,,,,,,,
9039,-17.0,,,,,,,,,,,,,,,,,,
9057,-8.0,,,,,,,,,,,,,,,,,,
9061,-18.0,,,,,,,,,,,,,,,,,,
9066,-10.0,,,,,,,,,,,,,,,,,,
9085,-10.0,,,,,,,,,,,,,,,,,,
9086,-9.0,,,,,,,,,,,,,,,,,,
9091,-9.0,,,,,,,,,,,,,,,,,,
9092,-13.0,,,,,,,,,,,,,,,,,,
9097,-16.0,,,,,,,,,,,,,,,,,,
9108,-9.0,,,,,,,,,,,,,,,,,,
9110,-9.0,,,,,,,,,,,,,,,,,,
9116,-9.0,,,,,,,,,,,,,,,,,,
9120,-6.0,,,,,,,,,,,,,,,,,,
9122,-21.0,,,,,,,,,,,,,,,,,,
9124,-7.0,,,,,,,,,,,,,,,,,,
9125,-10.0,,,,,,,,,,,,,,,,,,
9127,-11.0,,,,,,,,,,,,,,,,,,
9128,-16.0,,,,,,,,,,,,,,,,,,
9129,-5.0,,,,,,,,,,,,,,,,,,
9130,-10.0,,,,,,,,,,,,,,,,,,
9132,-45.0,,,,,,,,,,,,,,,,,,
9133,-6.0,,,,,,,,,,,,,,,,,,
9138,-16.0,,,,,,,,,,,,,,,,,,
9141,-10.0,,,,,,,,,,,,,,,,,,
9146,-17.0,,,,,,,,,,,,,,,,,,
9147,-4.0,,,,,,,,,,,,,,,,,,
9153,-12.0,,,,,,,,,,,,,,,,,,
9159,-10.0,,,,,,,,,,,,,,,,,,
9167,-13.0,,,,,,,,,,,,,,,,,,
9169,-22.0,,,,,,,,,,,,,,,,,,
9170,-14.0,,,,,,,,,,,,,,,,,,
9171,-16.0,,,,,,,,,,,,,,,,,,
9172,-9.0,,,,,,,,,,,,,,,,,,
9177,-11.0,,,,,,,,,,,,,,,,,,
9180,-17.0,,,,,,,,,,,,,,,,,,
9187,-6.0,,,,,,,,,,,,,,,,,,
9188,-11.0,,,,,,,,,,,,,,,,,,
9193,-19.0,,,,,,,,,,,,,,,,,,
9209,-10.0,,,,,,,,,,,,,,,,,,
9213,-6.0,,,,,,,,,,,,,,,,,,
9215,-19.0,,,,,,,,,,,,,,,,,,
9218,-10.0,,,,,,,,,,,,,,,,,,
9219,-4.0,,,,,,,,,,,,,,,,,,
9221,-9.0,,,,,,,,,,,,,,,,,,
9223,-17.0,,,,,,,,,,,,,,,,,,
9225,-13.0,,,,,,,,,,,,,,,,,,
9240,-11.0,,,,,,,,,,,,,,,,,,
9241,-12.0,,,,,,,,,,,,,,,,,,
9243,-4.0,,,,,,,,,,,,,,,,,,
9244,-10.0,,,,,,,,,,,,,,,,,,
9247,-22.0,,,,,,,,,,,,,,,,,,
9250,-8.0,,,,,,,,,,,,,,,,,,
9251,-12.0,,,,,,,,,,,,,,,,,,
9252,-8.0,,,,,,,,,,,,,,,,,,
9260,-9.0,,,,,,,,,,,,,,,,,,
9263,-7.0,,,,,,,,,,,,,,,,,,
9264,-23.0,,,,,,,,,,,,,,,,,,
9266,-19.0,,,,,,,,,,,,,,,,,,
9267,-19.0,,,,,,,,,,,,,,,,,,
9268,-7.0,,,,,,,,,,,,,,,,,,
9270,-6.0,,,,,,,,,,,,,,,,,,
9292,-13.0,,,,,,,,,,,,,,,,,,
9295,-9.0,,,,,,,,,,,,,,,,,,
9301,-4.0,,,,,,,,,,,,,,,,,,
9306,-7.0,,,,,,,,,,,,,,,,,,
9310,-12.0,,,,,,,,,,,,,,,,,,
9312,-9.0,,,,,,,,,,,,,,,,,,
9315,-13.0,,,,,,,,,,,,,,,,,,
9316,-20.0,,,,,,,,,,,,,,,,,,
9330,-5.0,,,,,,,,,,,,,,,,,,
9332,-10.0,,,,,,,,,,,,,,,,,,
9334,-11.0,,,,,,,,,,,,,,,,,,
9337,-7.0,,,,,,,,,,,,,,,,,,
9339,-8.0,,,,,,,,,,,,,,,,,,
9340,-8.0,,,,,,,,,,,,,,,,,,
9348,-10.0,,,,,,,,,,,,,,,,,,
9353,-19.0,,,,,,,,,,,,,,,,,,
9356,-8.0,,,,,,,,,,,,,,,,,,
9361,-9.0,,,,,,,,,,,,,,,,,,
9377,-8.0,,,,,,,,,,,,,,,,,,
9380,-6.0,,,,,,,,,,,,,,,,,,
9381,-9.0,,,,,,,,,,,,,,,,,,
9382,-15.0,,,,,,,,,,,,,,,,,,
9385,-11.0,,,,,,,,,,,,,,,,,,
9386,-20.0,,,,,,,,,,,,,,,,,,
9387,-12.0,,,,,,,,,,,,,,,,,,
9392,-16.0,,,,,,,,,,,,,,,,,,
9398,-16.0,,,,,,,,,,,,,,,,,,
9402,-9.0,,,,,,,,,,,,,,,,,,
9405,-13.0,,,,,,,,,,,,,,,,,,
9409,-9.0,,,,,,,,,,,,,,,,,,
9415,-17.0,,,,,,,,,,,,,,,,,,
9419,-19.0,,,,,,,,,,,,,,,,,,
9424,-10.0,,,,,,,,,,,,,,,,,,
9428,-7.0,,,,,,,,,,,,,,,,,,
9429,-9.0,,,,,,,,,,,,,,,,,,
9432,-13.0,,,,,,,,,,,,,,,,,,
9442,-9.0,,,,,,,,,,,,,,,,,,
9443,-28.0,,,,,,,,,,,,,,,,,,
9445,-12.0,,,,,,,,,,,,,,,,,,
9446,-6.0,,,,,,,,,,,,,,,,,,
9452,-18.0,,,,,,,,,,,,,,,,,,
9470,-9.0,,,,,,,,,,,,,,,,,,
9473,-7.0,,,,,,,,,,,,,,,,,,
9476,-10.0,,,,,,,,,,,,,,,,,,
9481,-8.0,,,,,,,,,,,,,,,,,,
9483,-20.0,,,,,,,,,,,,,,,,,,
9485,-13.0,,,,,,,,,,,,,,,,,,
9486,-9.0,,,,,,,,,,,,,,,,,,
9494,-6.0,,,,,,,,,,,,,,,,,,
9501,-7.0,,,,,,,,,,,,,,,,,,
9502,-16.0,,,,,,,,,,,,,,,,,,
9503,-8.0,,,,,,,,,,,,,,,,,,
9509,-12.0,,,,,,,,,,,,,,,,,,
9511,-19.0,,,,,,,,,,,,,,,,,,
9513,-7.0,,,,,,,,,,,,,,,,,,
9515,-15.0,,,,,,,,,,,,,,,,,,
9519,-11.0,,,,,,,,,,,,,,,,,,
9520,-17.0,,,,,,,,,,,,,,,,,,
9522,-15.0,,,,,,,,,,,,,,,,,,
9524,-16.0,,,,,,,,,,,,,,,,,,
9527,-10.0,,,,,,,,,,,,,,,,,,
9533,-12.0,,,,,,,,,,,,,,,,,,
9536,-9.0,,,,,,,,,,,,,,,,,,
9540,-7.0,,,,,,,,,,,,,,,,,,
9545,-17.0,,,,,,,,,,,,,,,,,,
9550,-12.0,,,,,,,,,,,,,,,,,,
9551,-6.0,,,,,,,,,,,,,,,,,,
9553,-13.0,,,,,,,,,,,,,,,,,,
9554,-15.0,,,,,,,,,,,,,,,,,,
9557,-5.0,,,,,,,,,,,,,,,,,,
9564,-24.0,,,,,,,,,,,,,,,,,,
9570,-9.0,,,,,,,,,,,,,,,,,,
9571,-15.0,,,,,,,,,,,,,,,,,,
9574,-11.0,,,,,,,,,,,,,,,,,,
9580,-27.0,,,,,,,,,,,,,,,,,,
9585,-12.0,,,,,,,,,,,,,,,,,,
9591,-9.0,,,,,,,,,,,,,,,,,,
9593,-11.0,,,,,,,,,,,,,,,,,,
9597,-6.0,,,,,,,,,,,,,,,,,,
9603,-8.0,,,,,,,,,,,,,,,,,,
9607,-9.0,,,,,,,,,,,,,,,,,,
9614,-7.0,,,,,,,,,,,,,,,,,,
9616,-8.0,,,,,,,,,,,,,,,,,,
9620,-10.0,,,,,,,,,,,,,,,,,,
9627,-5.0,,,,,,,,,,,,,,,,,,
9634,-13.0,,,,,,,,,,,,,,,,,,
9642,-21.0,,,,,,,,,,,,,,,,,,
9643,-6.0,,,,,,,,,,,,,,,,,,
9645,-19.0,,,,,,,,,,,,,,,,,,
9649,-6.0,,,,,,,,,,,,,,,,,,
9651,-11.0,,,,,,,,,,,,,,,,,,
9652,-17.0,,,,,,,,,,,,,,,,,,
9653,-7.0,,,,,,,,,,,,,,,,,,
9669,-11.0,,,,,,,,,,,,,,,,,,
9673,-6.0,,,,,,,,,,,,,,,,,,
9675,-20.0,,,,,,,,,,,,,,,,,,
9679,-6.0,,,,,,,,,,,,,,,,,,
9680,-6.0,,,,,,,,,,,,,,,,,,
9681,-9.0,,,,,,,,,,,,,,,,,,
9683,-16.0,,,,,,,,,,,,,,,,,,
9690,-8.0,,,,,,,,,,,,,,,,,,
9696,-11.0,,,,,,,,,,,,,,,,,,
9699,-17.0,,,,,,,,,,,,,,,,,,
9706,-9.0,,,,,,,,,,,,,,,,,,
9708,-15.0,,,,,,,,,,,,,,,,,,
9710,-13.0,,,,,,,,,,,,,,,,,,
9714,-7.0,,,,,,,,,,,,,,,,,,
9715,-8.0,,,,,,,,,,,,,,,,,,
9720,-8.0,,,,,,,,,,,,,,,,,,
9727,-20.0,,,,,,,,,,,,,,,,,,
9732,-19.0,,,,,,,,,,,,,,,,,,
9738,-6.0,,,,,,,,,,,,,,,,,,
9739,-8.0,,,,,,,,,,,,,,,,,,
9744,-10.0,,,,,,,,,,,,,,,,,,
9748,-11.0,,,,,,,,,,,,,,,,,,
9749,-9.0,,,,,,,,,,,,,,,,,,
9765,-17.0,,,,,,,,,,,,,,,,,,
9768,-10.0,,,,,,,,,,,,,,,,,,
9770,-6.0,,,,,,,,,,,,,,,,,,
9773,-12.0,,,,,,,,,,,,,,,,,,
9775,-8.0,,,,,,,,,,,,,,,,,,
9783,-22.0,,,,,,,,,,,,,,,,,,
9786,-21.0,,,,,,,,,,,,,,,,,,
9796,-20.0,,,,,,,,,,,,,,,,,,
9797,-6.0,,,,,,,,,,,,,,,,,,
9806,-12.0,,,,,,,,,,,,,,,,,,
9808,-8.0,,,,,,,,,,,,,,,,,,
9811,-22.0,,,,,,,,,,,,,,,,,,
9812,-11.0,,,,,,,,,,,,,,,,,,
9816,-13.0,,,,,,,,,,,,,,,,,,
9817,-20.0,,,,,,,,,,,,,,,,,,
9822,-8.0,,,,,,,,,,,,,,,,,,
9824,-4.0,,,,,,,,,,,,,,,,,,
9827,-11.0,,,,,,,,,,,,,,,,,,
9829,-11.0,,,,,,,,,,,,,,,,,,
9831,-10.0,,,,,,,,,,,,,,,,,,
9832,-21.0,,,,,,,,,,,,,,,,,,
9833,-11.0,,,,,,,,,,,,,,,,,,
9834,-6.0,,,,,,,,,,,,,,,,,,
9836,-4.0,,,,,,,,,,,,,,,,,,
9851,-22.0,,,,,,,,,,,,,,,,,,
9856,-28.0,,,,,,,,,,,,,,,,,,
9859,-9.0,,,,,,,,,,,,,,,,,,
9867,-18.0,,,,,,,,,,,,,,,,,,
9871,-9.0,,,,,,,,,,,,,,,,,,
9873,-16.0,,,,,,,,,,,,,,,,,,
9874,-10.0,,,,,,,,,,,,,,,,,,
9875,-10.0,,,,,,,,,,,,,,,,,,
9879,-14.0,,,,,,,,,,,,,,,,,,
9894,-8.0,,,,,,,,,,,,,,,,,,
9895,-17.0,,,,,,,,,,,,,,,,,,
9897,-8.0,,,,,,,,,,,,,,,,,,
9902,-8.0,,,,,,,,,,,,,,,,,,
9903,-13.0,,,,,,,,,,,,,,,,,,
9905,-16.0,,,,,,,,,,,,,,,,,,
9908,-22.0,,,,,,,,,,,,,,,,,,
9913,-13.0,,,,,,,,,,,,,,,,,,
9924,-19.0,,,,,,,,,,,,,,,,,,
9928,-18.0,,,,,,,,,,,,,,,,,,
9932,-8.0,,,,,,,,,,,,,,,,,,
9934,-11.0,,,,,,,,,,,,,,,,,,
9942,-12.0,,,,,,,,,,,,,,,,,,
9945,-24.0,,,,,,,,,,,,,,,,,,
9957,-17.0,,,,,,,,,,,,,,,,,,
9960,-8.0,,,,,,,,,,,,,,,,,,
9961,-16.0,,,,,,,,,,,,,,,,,,
9964,-12.0,,,,,,,,,,,,,,,,,,
9965,-8.0,,,,,,,,,,,,,,,,,,
9969,-10.0,,,,,,,,,,,,,,,,,,
9974,-14.0,,,,,,,,,,,,,,,,,,
9976,-5.0,,,,,,,,,,,,,,,,,,
9982,-18.0,,,,,,,,,,,,,,,,,,
9986,-8.0,,,,,,,,,,,,,,,,,,
9988,-14.0,,,,,,,,,,,,,,,,,,
9990,-19.0,,,,,,,,,,,,,,,,,,
9999,-8.0,,,,,,,,,,,,,,,,,,
10001,-10.0,,,,,,,,,,,,,,,,,,
10006,-14.0,,,,,,,,,,,,,,,,,,
10007,-17.0,,,,,,,,,,,,,,,,,,
10010,-8.0,,,,,,,,,,,,,,,,,,
10012,-9.0,,,,,,,,,,,,,,,,,,
10020,-11.0,,,,,,,,,,,,,,,,,,
10022,-10.0,,,,,,,,,,,,,,,,,,
10026,-7.0,,,,,,,,,,,,,,,,,,
10027,-15.0,,,,,,,,,,,,,,,,,,
10028,-8.0,,,,,,,,,,,,,,,,,,
10045,-6.0,,,,,,,,,,,,,,,,,,
10046,-38.0,,,,,,,,,,,,,,,,,,
10054,-15.0,,,,,,,,,,,,,,,,,,
10057,-17.0,,,,,,,,,,,,,,,,,,
10060,-13.0,,,,,,,,,,,,,,,,,,
10061,-6.0,,,,,,,,,,,,,,,,,,
10062,-6.0,,,,,,,,,,,,,,,,,,
10067,-9.0,,,,,,,,,,,,,,,,,,
10068,-8.0,,,,,,,,,,,,,,,,,,
10076,-25.0,,,,,,,,,,,,,,,,,,
10089,-8.0,,,,,,,,,,,,,,,,,,
10092,-12.0,,,,,,,,,,,,,,,,,,
10100,-10.0,,,,,,,,,,,,,,,,,,
10104,-4.0,,,,,,,,,,,,,,,,,,
10106,-6.0,,,,,,,,,,,,,,,,,,
10107,-9.0,,,,,,,,,,,,,,,,,,
10109,-14.0,,,,,,,,,,,,,,,,,,
10111,-8.0,,,,,,,,,,,,,,,,,,
10117,-16.0,,,,,,,,,,,,,,,,,,
10120,-9.0,,,,,,,,,,,,,,,,,,
10123,-9.0,,,,,,,,,,,,,,,,,,
10126,-16.0,,,,,,,,,,,,,,,,,,
10131,-12.0,,,,,,,,,,,,,,,,,,
10132,-8.0,,,,,,,,,,,,,,,,,,
10136,-14.0,,,,,,,,,,,,,,,,,,
10139,-11.0,,,,,,,,,,,,,,,,,,
10140,-6.0,,,,,,,,,,,,,,,,,,
10144,-9.0,,,,,,,,,,,,,,,,,,
10145,-12.0,,,,,,,,,,,,,,,,,,
10151,-6.0,,,,,,,,,,,,,,,,,,
10157,-8.0,,,,,,,,,,,,,,,,,,
10161,-8.0,,,,,,,,,,,,,,,,,,
10165,-6.0,,,,,,,,,,,,,,,,,,
10172,-9.0,,,,,,,,,,,,,,,,,,
10173,-21.0,,,,,,,,,,,,,,,,,,
10177,-8.0,,,,,,,,,,,,,,,,,,
10183,-9.0,,,,,,,,,,,,,,,,,,
10186,-6.0,,,,,,,,,,,,,,,,,,
10187,-7.0,,,,,,,,,,,,,,,,,,
10189,-13.0,,,,,,,,,,,,,,,,,,
10190,-16.0,,,,,,,,,,,,,,,,,,
10192,-6.0,,,,,,,,,,,,,,,,,,
10197,-10.0,,,,,,,,,,,,,,,,,,
10198,-13.0,,,,,,,,,,,,,,,,,,
10203,-9.0,,,,,,,,,,,,,,,,,,
10209,-6.0,,,,,,,,,,,,,,,,,,
10211,-10.0,,,,,,,,,,,,,,,,,,
10216,-7.0,,,,,,,,,,,,,,,,,,
10220,-7.0,,,,,,,,,,,,,,,,,,
10225,-8.0,,,,,,,,,,,,,,,,,,
10233,-9.0,,,,,,,,,,,,,,,,,,
10236,-14.0,,,,,,,,,,,,,,,,,,
10237,-19.0,,,,,,,,,,,,,,,,,,
10238,-9.0,,,,,,,,,,,,,,,,,,
10242,-19.0,,,,,,,,,,,,,,,,,,
10243,-15.0,,,,,,,,,,,,,,,,,,
10245,-7.0,,,,,,,,,,,,,,,,,,
10247,-18.0,,,,,,,,,,,,,,,,,,
10254,-4.0,,,,,,,,,,,,,,,,,,
10255,-6.0,,,,,,,,,,,,,,,,,,
10260,-8.0,,,,,,,,,,,,,,,,,,
10262,-8.0,,,,,,,,,,,,,,,,,,
10263,-9.0,,,,,,,,,,,,,,,,,,
10266,-7.0,,,,,,,,,,,,,,,,,,
10267,-8.0,,,,,,,,,,,,,,,,,,
10269,-8.0,,,,,,,,,,,,,,,,,,
10273,-9.0,,,,,,,,,,,,,,,,,,
10277,-9.0,,,,,,,,,,,,,,,,,,
10284,-6.0,,,,,,,,,,,,,,,,,,
10286,-10.0,,,,,,,,,,,,,,,,,,
10287,-8.0,,,,,,,,,,,,,,,,,,
10292,-6.0,,,,,,,,,,,,,,,,,,
10297,-13.0,,,,,,,,,,,,,,,,,,
10305,-5.0,,,,,,,,,,,,,,,,,,
10306,-7.0,,,,,,,,,,,,,,,,,,
10307,-9.0,,,,,,,,,,,,,,,,,,
10311,-7.0,,,,,,,,,,,,,,,,,,
10323,-5.0,,,,,,,,,,,,,,,,,,
10327,-14.0,,,,,,,,,,,,,,,,,,
10329,-12.0,,,,,,,,,,,,,,,,,,
10330,-8.0,,,,,,,,,,,,,,,,,,
10337,-4.0,,,,,,,,,,,,,,,,,,
10340,-11.0,,,,,,,,,,,,,,,,,,
10345,-11.0,,,,,,,,,,,,,,,,,,
10350,-9.0,,,,,,,,,,,,,,,,,,
10360,-17.0,,,,,,,,,,,,,,,,,,
10370,-9.0,,,,,,,,,,,,,,,,,,
10381,-13.0,,,,,,,,,,,,,,,,,,
10383,-6.0,,,,,,,,,,,,,,,,,,
10388,-10.0,,,,,,,,,,,,,,,,,,
10391,-11.0,,,,,,,,,,,,,,,,,,
10392,-14.0,,,,,,,,,,,,,,,,,,
10395,-4.0,,,,,,,,,,,,,,,,,,
10396,-8.0,,,,,,,,,,,,,,,,,,
10398,-7.0,,,,,,,,,,,,,,,,,,
10405,-7.0,,,,,,,,,,,,,,,,,,
10408,-9.0,,,,,,,,,,,,,,,,,,
10413,-8.0,,,,,,,,,,,,,,,,,,
10418,-8.0,,,,,,,,,,,,,,,,,,
10425,-8.0,,,,,,,,,,,,,,,,,,
10429,-21.0,,,,,,,,,,,,,,,,,,
10436,-6.0,,,,,,,,,,,,,,,,,,
10438,-6.0,,,,,,,,,,,,,,,,,,
10456,-13.0,,,,,,,,,,,,,,,,,,
10461,-8.0,,,,,,,,,,,,,,,,,,
10462,-10.0,,,,,,,,,,,,,,,,,,
10469,-9.0,,,,,,,,,,,,,,,,,,
10470,-6.0,,,,,,,,,,,,,,,,,,
10472,-14.0,,,,,,,,,,,,,,,,,,
10476,-16.0,,,,,,,,,,,,,,,,,,
10484,-13.0,,,,,,,,,,,,,,,,,,
10487,-6.0,,,,,,,,,,,,,,,,,,
10491,-8.0,,,,,,,,,,,,,,,,,,
10498,-8.0,,,,,,,,,,,,,,,,,,
10502,-11.0,,,,,,,,,,,,,,,,,,
10508,-6.0,,,,,,,,,,,,,,,,,,
10515,-9.0,,,,,,,,,,,,,,,,,,
10519,-6.0,,,,,,,,,,,,,,,,,,
10527,-16.0,,,,,,,,,,,,,,,,,,
10533,-8.0,,,,,,,,,,,,,,,,,,
10537,-20.0,,,,,,,,,,,,,,,,,,
10538,-8.0,,,,,,,,,,,,,,,,,,
10539,-7.0,,,,,,,,,,,,,,,,,,
10545,-5.0,,,,,,,,,,,,,,,,,,
10549,-10.0,,,,,,,,,,,,,,,,,,
10552,-16.0,,,,,,,,,,,,,,,,,,
10556,-10.0,,,,,,,,,,,,,,,,,,
10557,-13.0,,,,,,,,,,,,,,,,,,
10562,-11.0,,,,,,,,,,,,,,,,,,
10568,-8.0,,,,,,,,,,,,,,,,,,
10572,-18.0,,,,,,,,,,,,,,,,,,
10575,-5.0,,,,,,,,,,,,,,,,,,
10579,-13.0,,,,,,,,,,,,,,,,,,
10581,-12.0,,,,,,,,,,,,,,,,,,
10584,-18.0,,,,,,,,,,,,,,,,,,
10590,-4.0,,,,,,,,,,,,,,,,,,
10606,-6.0,,,,,,,,,,,,,,,,,,
10607,-13.0,,,,,,,,,,,,,,,,,,
10612,-8.0,,,,,,,,,,,,,,,,,,
10614,-9.0,,,,,,,,,,,,,,,,,,
10616,-6.0,,,,,,,,,,,,,,,,,,
10618,-6.0,,,,,,,,,,,,,,,,,,
10619,-17.0,,,,,,,,,,,,,,,,,,
10621,-20.0,,,,,,,,,,,,,,,,,,
10625,-21.0,,,,,,,,,,,,,,,,,,
10632,-12.0,,,,,,,,,,,,,,,,,,
10637,-12.0,,,,,,,,,,,,,,,,,,
10639,-12.0,,,,,,,,,,,,,,,,,,
10641,-8.0,,,,,,,,,,,,,,,,,,
10647,-13.0,,,,,,,,,,,,,,,,,,
10648,-14.0,,,,,,,,,,,,,,,,,,
10651,-11.0,,,,,,,,,,,,,,,,,,
10657,-10.0,,,,,,,,,,,,,,,,,,
10658,-10.0,,,,,,,,,,,,,,,,,,
10660,-15.0,,,,,,,,,,,,,,,,,,
10661,-8.0,,,,,,,,,,,,,,,,,,
10664,-7.0,,,,,,,,,,,,,,,,,,
10665,-11.0,,,,,,,,,,,,,,,,,,
10668,-9.0,,,,,,,,,,,,,,,,,,
10673,-6.0,,,,,,,,,,,,,,,,,,
10674,-18.0,,,,,,,,,,,,,,,,,,
10679,-8.0,,,,,,,,,,,,,,,,,,
10685,-9.0,,,,,,,,,,,,,,,,,,
10695,-12.0,,,,,,,,,,,,,,,,,,
10700,-16.0,,,,,,,,,,,,,,,,,,
10701,-6.0,,,,,,,,,,,,,,,,,,
10702,-20.0,,,,,,,,,,,,,,,,,,
10705,-33.0,,,,,,,,,,,,,,,,,,
10708,-6.0,,,,,,,,,,,,,,,,,,
10709,-13.0,,,,,,,,,,,,,,,,,,
10711,-10.0,,,,,,,,,,,,,,,,,,
10716,-6.0,,,,,,,,,,,,,,,,,,
10719,-11.0,,,,,,,,,,,,,,,,,,
10727,-9.0,,,,,,,,,,,,,,,,,,
10729,-10.0,,,,,,,,,,,,,,,,,,
10731,-15.0,,,,,,,,,,,,,,,,,,
10737,-7.0,,,,,,,,,,,,,,,,,,
10741,-16.0,,,,,,,,,,,,,,,,,,
10747,-6.0,,,,,,,,,,,,,,,,,,
10752,-14.0,,,,,,,,,,,,,,,,,,
10754,-21.0,,,,,,,,,,,,,,,,,,
10766,-4.0,,,,,,,,,,,,,,,,,,
10771,-16.0,,,,,,,,,,,,,,,,,,
10774,-6.0,,,,,,,,,,,,,,,,,,
10779,-8.0,,,,,,,,,,,,,,,,,,
10780,-14.0,,,,,,,,,,,,,,,,,,
10785,-18.0,,,,,,,,,,,,,,,,,,
10786,-18.0,,,,,,,,,,,,,,,,,,
10806,-9.0,,,,,,,,,,,,,,,,,,
10808,-4.0,,,,,,,,,,,,,,,,,,
10809,-8.0,,,,,,,,,,,,,,,,,,
10811,-10.0,,,,,,,,,,,,,,,,,,
10817,-7.0,,,,,,,,,,,,,,,,,,
10821,-8.0,,,,,,,,,,,,,,,,,,
10833,-7.0,,,,,,,,,,,,,,,,,,
10834,-16.0,,,,,,,,,,,,,,,,,,
10841,-21.0,,,,,,,,,,,,,,,,,,
10849,-9.0,,,,,,,,,,,,,,,,,,
10851,-8.0,,,,,,,,,,,,,,,,,,
10853,-7.0,,,,,,,,,,,,,,,,,,
10855,-8.0,,,,,,,,,,,,,,,,,,
10857,-10.0,,,,,,,,,,,,,,,,,,
10860,-9.0,,,,,,,,,,,,,,,,,,
10866,-11.0,,,,,,,,,,,,,,,,,,
10869,-9.0,,,,,,,,,,,,,,,,,,
10877,-7.0,,,,,,,,,,,,,,,,,,
10882,-9.0,,,,,,,,,,,,,,,,,,
10886,-8.0,,,,,,,,,,,,,,,,,,
10892,-8.0,,,,,,,,,,,,,,,,,,
10899,-9.0,,,,,,,,,,,,,,,,,,
10904,-8.0,,,,,,,,,,,,,,,,,,
10911,-8.0,,,,,,,,,,,,,,,,,,
10916,-11.0,,,,,,,,,,,,,,,,,,
10917,-8.0,,,,,,,,,,,,,,,,,,
10919,-20.0,,,,,,,,,,,,,,,,,,
10924,-10.0,,,,,,,,,,,,,,,,,,
10932,-10.0,,,,,,,,,,,,,,,,,,
10933,-9.0,,,,,,,,,,,,,,,,,,
10943,-4.0,,,,,,,,,,,,,,,,,,
10944,-5.0,,,,,,,,,,,,,,,,,,
10946,-13.0,,,,,,,,,,,,,,,,,,
10950,-6.0,,,,,,,,,,,,,,,,,,
10955,-12.0,,,,,,,,,,,,,,,,,,
10981,-11.0,,,,,,,,,,,,,,,,,,
10982,-6.0,,,,,,,,,,,,,,,,,,
10987,-19.0,,,,,,,,,,,,,,,,,,
10990,-9.0,,,,,,,,,,,,,,,,,,
10994,-4.0,,,,,,,,,,,,,,,,,,
10999,-19.0,,,,,,,,,,,,,,,,,,
11020,-15.0,,,,,,,,,,,,,,,,,,
11021,-8.0,,,,,,,,,,,,,,,,,,
11023,-8.0,,,,,,,,,,,,,,,,,,
11030,-10.0,,,,,,,,,,,,,,,,,,
11031,-6.0,,,,,,,,,,,,,,,,,,
11035,-12.0,,,,,,,,,,,,,,,,,,
11036,-9.0,,,,,,,,,,,,,,,,,,
11038,-15.0,,,,,,,,,,,,,,,,,,
11041,-15.0,,,,,,,,,,,,,,,,,,
11043,-8.0,,,,,,,,,,,,,,,,,,
11044,-13.0,,,,,,,,,,,,,,,,,,
11049,-10.0,,,,,,,,,,,,,,,,,,
11052,-13.0,,,,,,,,,,,,,,,,,,
11053,-14.0,,,,,,,,,,,,,,,,,,
11060,-6.0,,,,,,,,,,,,,,,,,,
11061,-9.0,,,,,,,,,,,,,,,,,,
11078,-25.0,,,,,,,,,,,,,,,,,,
11079,-10.0,,,,,,,,,,,,,,,,,,
11081,-6.0,,,,,,,,,,,,,,,,,,
11084,-7.0,,,,,,,,,,,,,,,,,,
11085,-9.0,,,,,,,,,,,,,,,,,,
11089,-6.0,,,,,,,,,,,,,,,,,,
11090,-8.0,,,,,,,,,,,,,,,,,,
11093,-8.0,,,,,,,,,,,,,,,,,,
11100,-12.0,,,,,,,,,,,,,,,,,,
11102,-12.0,,,,,,,,,,,,,,,,,,
11108,-9.0,,,,,,,,,,,,,,,,,,
11109,-13.0,,,,,,,,,,,,,,,,,,
11113,-7.0,,,,,,,,,,,,,,,,,,
11118,-9.0,,,,,,,,,,,,,,,,,,
11124,-27.0,,,,,,,,,,,,,,,,,,
11127,-9.0,,,,,,,,,,,,,,,,,,
11133,-7.0,,,,,,,,,,,,,,,,,,
11135,-7.0,,,,,,,,,,,,,,,,,,
11143,-8.0,,,,,,,,,,,,,,,,,,
11144,-5.0,,,,,,,,,,,,,,,,,,
11146,-10.0,,,,,,,,,,,,,,,,,,
11149,-9.0,,,,,,,,,,,,,,,,,,
11150,-27.0,,,,,,,,,,,,,,,,,,
11152,-18.0,,,,,,,,,,,,,,,,,,
11155,-9.0,,,,,,,,,,,,,,,,,,
11158,-12.0,,,,,,,,,,,,,,,,,,
11160,-8.0,,,,,,,,,,,,,,,,,,
11162,-9.0,,,,,,,,,,,,,,,,,,
11167,-10.0,,,,,,,,,,,,,,,,,,
11168,-6.0,,,,,,,,,,,,,,,,,,
11171,-6.0,,,,,,,,,,,,,,,,,,
11176,-4.0,,,,,,,,,,,,,,,,,,
11184,-6.0,,,,,,,,,,,,,,,,,,
11187,-9.0,,,,,,,,,,,,,,,,,,
11193,-8.0,,,,,,,,,,,,,,,,,,
11194,-8.0,,,,,,,,,,,,,,,,,,
11198,-4.0,,,,,,,,,,,,,,,,,,
11202,-6.0,,,,,,,,,,,,,,,,,,
11203,-5.0,,,,,,,,,,,,,,,,,,
11208,-8.0,,,,,,,,,,,,,,,,,,
11210,-4.0,,,,,,,,,,,,,,,,,,
11213,-6.0,,,,,,,,,,,,,,,,,,
11215,-18.0,,,,,,,,,,,,,,,,,,
11217,-6.0,,,,,,,,,,,,,,,,,,
11218,-6.0,,,,,,,,,,,,,,,,,,
11223,-11.0,,,,,,,,,,,,,,,,,,
11230,-5.0,,,,,,,,,,,,,,,,,,
11232,-9.0,,,,,,,,,,,,,,,,,,
11235,-7.0,,,,,,,,,,,,,,,,,,
11237,-26.0,,,,,,,,,,,,,,,,,,
11240,-13.0,,,,,,,,,,,,,,,,,,
11243,-9.0,,,,,,,,,,,,,,,,,,
11254,-6.0,,,,,,,,,,,,,,,,,,
11262,-13.0,,,,,,,,,,,,,,,,,,
11264,-16.0,,,,,,,,,,,,,,,,,,
11266,-5.0,,,,,,,,,,,,,,,,,,
11269,-10.0,,,,,,,,,,,,,,,,,,
11270,-7.0,,,,,,,,,,,,,,,,,,
11278,-10.0,,,,,,,,,,,,,,,,,,
11280,-11.0,,,,,,,,,,,,,,,,,,
11284,-9.0,,,,,,,,,,,,,,,,,,
11288,-9.0,,,,,,,,,,,,,,,,,,
11293,-7.0,,,,,,,,,,,,,,,,,,
11298,-12.0,,,,,,,,,,,,,,,,,,
11299,-10.0,,,,,,,,,,,,,,,,,,
11300,-7.0,,,,,,,,,,,,,,,,,,
11301,-9.0,,,,,,,,,,,,,,,,,,
11304,-10.0,,,,,,,,,,,,,,,,,,
11310,-4.0,,,,,,,,,,,,,,,,,,
11312,-10.0,,,,,,,,,,,,,,,,,,
11318,-5.0,,,,,,,,,,,,,,,,,,
11334,-30.0,,,,,,,,,,,,,,,,,,
11338,-8.0,,,,,,,,,,,,,,,,,,
11347,-9.0,,,,,,,,,,,,,,,,,,
11351,-7.0,,,,,,,,,,,,,,,,,,
11353,-9.0,,,,,,,,,,,,,,,,,,
11371,-8.0,,,,,,,,,,,,,,,,,,
11373,-24.0,,,,,,,,,,,,,,,,,,
11374,-30.0,,,,,,,,,,,,,,,,,,
11377,-6.0,,,,,,,,,,,,,,,,,,
11378,-6.0,,,,,,,,,,,,,,,,,,
11380,-6.0,,,,,,,,,,,,,,,,,,
11381,-13.0,,,,,,,,,,,,,,,,,,
11385,-7.0,,,,,,,,,,,,,,,,,,
11386,-5.0,,,,,,,,,,,,,,,,,,
11395,-9.0,,,,,,,,,,,,,,,,,,
11396,-6.0,,,,,,,,,,,,,,,,,,
11397,-19.0,,,,,,,,,,,,,,,,,,
11401,-8.0,,,,,,,,,,,,,,,,,,
11404,-4.0,,,,,,,,,,,,,,,,,,
11405,-4.0,,,,,,,,,,,,,,,,,,
11409,-6.0,,,,,,,,,,,,,,,,,,
11414,-6.0,,,,,,,,,,,,,,,,,,
11416,-8.0,,,,,,,,,,,,,,,,,,
11431,-8.0,,,,,,,,,,,,,,,,,,
11438,-9.0,,,,,,,,,,,,,,,,,,
11440,-8.0,,,,,,,,,,,,,,,,,,
11443,-9.0,,,,,,,,,,,,,,,,,,
11446,-7.0,,,,,,,,,,,,,,,,,,
11447,-7.0,,,,,,,,,,,,,,,,,,
11450,-11.0,,,,,,,,,,,,,,,,,,
11452,-8.0,,,,,,,,,,,,,,,,,,
11454,-7.0,,,,,,,,,,,,,,,,,,
11458,-9.0,,,,,,,,,,,,,,,,,,
11468,-8.0,,,,,,,,,,,,,,,,,,
11470,-8.0,,,,,,,,,,,,,,,,,,
11475,-9.0,,,,,,,,,,,,,,,,,,
11489,-18.0,,,,,,,,,,,,,,,,,,
11493,-12.0,,,,,,,,,,,,,,,,,,
11499,-9.0,,,,,,,,,,,,,,,,,,
11503,-10.0,,,,,,,,,,,,,,,,,,
11509,-5.0,,,,,,,,,,,,,,,,,,
11515,-7.0,,,,,,,,,,,,,,,,,,
11517,-9.0,,,,,,,,,,,,,,,,,,
11521,-7.0,,,,,,,,,,,,,,,,,,
11529,-7.0,,,,,,,,,,,,,,,,,,
11530,-8.0,,,,,,,,,,,,,,,,,,
11532,-6.0,,,,,,,,,,,,,,,,,,
11533,-10.0,,,,,,,,,,,,,,,,,,
11535,-9.0,,,,,,,,,,,,,,,,,,
11536,-9.0,,,,,,,,,,,,,,,,,,
11537,-8.0,,,,,,,,,,,,,,,,,,
11541,-9.0,,,,,,,,,,,,,,,,,,
11547,-8.0,,,,,,,,,,,,,,,,,,
11551,-9.0,,,,,,,,,,,,,,,,,,
11552,-6.0,,,,,,,,,,,,,,,,,,
11561,-7.0,,,,,,,,,,,,,,,,,,
11570,-11.0,,,,,,,,,,,,,,,,,,
11572,-10.0,,,,,,,,,,,,,,,,,,
11574,-8.0,,,,,,,,,,,,,,,,,,
11588,-10.0,,,,,,,,,,,,,,,,,,
11592,-11.0,,,,,,,,,,,,,,,,,,
11604,-12.0,,,,,,,,,,,,,,,,,,
11606,-7.0,,,,,,,,,,,,,,,,,,
11614,-7.0,,,,,,,,,,,,,,,,,,
11617,-7.0,,,,,,,,,,,,,,,,,,
11635,-17.0,,,,,,,,,,,,,,,,,,
11645,-7.0,,,,,,,,,,,,,,,,,,
11649,-8.0,,,,,,,,,,,,,,,,,,
11651,-6.0,,,,,,,,,,,,,,,,,,
11655,-8.0,,,,,,,,,,,,,,,,,,
11658,-15.0,,,,,,,,,,,,,,,,,,
11664,-6.0,,,,,,,,,,,,,,,,,,
11676,-11.0,,,,,,,,,,,,,,,,,,
11680,-6.0,,,,,,,,,,,,,,,,,,
11682,-7.0,,,,,,,,,,,,,,,,,,
11685,-11.0,,,,,,,,,,,,,,,,,,
11687,-4.0,,,,,,,,,,,,,,,,,,
11695,-7.0,,,,,,,,,,,,,,,,,,
11698,-16.0,,,,,,,,,,,,,,,,,,
11703,-23.0,,,,,,,,,,,,,,,,,,
11712,-4.0,,,,,,,,,,,,,,,,,,
11718,-9.0,,,,,,,,,,,,,,,,,,
11720,-9.0,,,,,,,,,,,,,,,,,,
11730,-10.0,,,,,,,,,,,,,,,,,,
11732,-6.0,,,,,,,,,,,,,,,,,,
11736,-8.0,,,,,,,,,,,,,,,,,,
11739,-15.0,,,,,,,,,,,,,,,,,,
11740,-6.0,,,,,,,,,,,,,,,,,,
11742,-9.0,,,,,,,,,,,,,,,,,,
11747,-7.0,,,,,,,,,,,,,,,,,,
11748,-9.0,,,,,,,,,,,,,,,,,,
11755,-15.0,,,,,,,,,,,,,,,,,,
11757,-8.0,,,,,,,,,,,,,,,,,,
11759,-17.0,,,,,,,,,,,,,,,,,,
11760,-8.0,,,,,,,,,,,,,,,,,,
11763,-17.0,,,,,,,,,,,,,,,,,,
11764,-8.0,,,,,,,,,,,,,,,,,,
11767,-14.0,,,,,,,,,,,,,,,,,,
11768,-11.0,,,,,,,,,,,,,,,,,,
11772,-8.0,,,,,,,,,,,,,,,,,,
11776,-4.0,,,,,,,,,,,,,,,,,,
11793,-18.0,,,,,,,,,,,,,,,,,,
11795,-6.0,,,,,,,,,,,,,,,,,,
11798,-8.0,,,,,,,,,,,,,,,,,,
11805,-9.0,,,,,,,,,,,,,,,,,,
11806,-6.0,,,,,,,,,,,,,,,,,,
11814,-6.0,,,,,,,,,,,,,,,,,,
11818,-6.0,,,,,,,,,,,,,,,,,,
11820,-8.0,,,,,,,,,,,,,,,,,,
11821,-8.0,,,,,,,,,,,,,,,,,,
11823,-8.0,,,,,,,,,,,,,,,,,,
11825,-12.0,,,,,,,,,,,,,,,,,,
11830,-7.0,,,,,,,,,,,,,,,,,,
11831,-9.0,,,,,,,,,,,,,,,,,,
11844,-6.0,,,,,,,,,,,,,,,,,,
11852,-9.0,,,,,,,,,,,,,,,,,,
11854,-6.0,,,,,,,,,,,,,,,,,,
11856,-7.0,,,,,,,,,,,,,,,,,,
11864,-8.0,,,,,,,,,,,,,,,,,,
11872,-5.0,,,,,,,,,,,,,,,,,,
11874,-9.0,,,,,,,,,,,,,,,,,,
11875,-17.0,,,,,,,,,,,,,,,,,,
11881,-6.0,,,,,,,,,,,,,,,,,,
11888,-9.0,,,,,,,,,,,,,,,,,,
11889,-8.0,,,,,,,,,,,,,,,,,,
11891,-9.0,,,,,,,,,,,,,,,,,,
11892,-7.0,,,,,,,,,,,,,,,,,,
11893,-17.0,,,,,,,,,,,,,,,,,,
11894,-9.0,,,,,,,,,,,,,,,,,,
11896,-5.0,,,,,,,,,,,,,,,,,,
11898,-21.0,,,,,,,,,,,,,,,,,,
11904,-6.0,,,,,,,,,,,,,,,,,,
11910,-4.0,,,,,,,,,,,,,,,,,,
11917,-10.0,,,,,,,,,,,,,,,,,,
11919,-6.0,,,,,,,,,,,,,,,,,,
11922,-6.0,,,,,,,,,,,,,,,,,,
11924,-4.0,,,,,,,,,,,,,,,,,,
11926,-6.0,,,,,,,,,,,,,,,,,,
11929,-7.0,,,,,,,,,,,,,,,,,,
11931,-7.0,,,,,,,,,,,,,,,,,,
11932,-6.0,,,,,,,,,,,,,,,,,,
11934,-6.0,,,,,,,,,,,,,,,,,,
11935,-7.0,,,,,,,,,,,,,,,,,,
11937,-15.0,,,,,,,,,,,,,,,,,,
11938,-6.0,,,,,,,,,,,,,,,,,,
11943,-7.0,,,,,,,,,,,,,,,,,,
11949,-9.0,,,,,,,,,,,,,,,,,,
11950,-6.0,,,,,,,,,,,,,,,,,,
11951,-13.0,,,,,,,,,,,,,,,,,,
11952,-6.0,,,,,,,,,,,,,,,,,,
11954,-8.0,,,,,,,,,,,,,,,,,,
11960,-5.0,,,,,,,,,,,,,,,,,,
11961,-6.0,,,,,,,,,,,,,,,,,,
11968,-6.0,,,,,,,,,,,,,,,,,,
11970,-9.0,,,,,,,,,,,,,,,,,,
11974,-6.0,,,,,,,,,,,,,,,,,,
11980,-6.0,,,,,,,,,,,,,,,,,,
11983,-6.0,,,,,,,,,,,,,,,,,,
11994,-13.0,,,,,,,,,,,,,,,,,,
11998,-6.0,,,,,,,,,,,,,,,,,,
12001,-8.0,,,,,,,,,,,,,,,,,,
12002,-10.0,,,,,,,,,,,,,,,,,,
12003,-9.0,,,,,,,,,,,,,,,,,,
12009,-7.0,,,,,,,,,,,,,,,,,,
12018,-20.0,,,,,,,,,,,,,,,,,,
12020,-7.0,,,,,,,,,,,,,,,,,,
12024,-6.0,,,,,,,,,,,,,,,,,,
12029,-4.0,,,,,,,,,,,,,,,,,,
12039,-10.0,,,,,,,,,,,,,,,,,,
12053,-9.0,,,,,,,,,,,,,,,,,,
12061,-9.0,,,,,,,,,,,,,,,,,,
12062,-8.0,,,,,,,,,,,,,,,,,,
12066,-9.0,,,,,,,,,,,,,,,,,,
12068,-8.0,,,,,,,,,,,,,,,,,,
12069,-6.0,,,,,,,,,,,,,,,,,,
12070,-12.0,,,,,,,,,,,,,,,,,,
12074,-8.0,,,,,,,,,,,,,,,,,,
12077,-8.0,,,,,,,,,,,,,,,,,,
12079,-12.0,,,,,,,,,,,,,,,,,,
12080,-9.0,,,,,,,,,,,,,,,,,,
12083,-8.0,,,,,,,,,,,,,,,,,,
12085,-9.0,,,,,,,,,,,,,,,,,,
12091,-10.0,,,,,,,,,,,,,,,,,,
12093,-12.0,,,,,,,,,,,,,,,,,,
12096,-6.0,,,,,,,,,,,,,,,,,,
12097,-17.0,,,,,,,,,,,,,,,,,,
12102,-16.0,,,,,,,,,,,,,,,,,,
12106,-8.0,,,,,,,,,,,,,,,,,,
12108,-9.0,,,,,,,,,,,,,,,,,,
12112,-8.0,,,,,,,,,,,,,,,,,,
12113,-9.0,,,,,,,,,,,,,,,,,,
12117,-9.0,,,,,,,,,,,,,,,,,,
12124,-14.0,,,,,,,,,,,,,,,,,,
12127,-7.0,,,,,,,,,,,,,,,,,,
12129,-9.0,,,,,,,,,,,,,,,,,,
12131,-9.0,,,,,,,,,,,,,,,,,,
12136,-6.0,,,,,,,,,,,,,,,,,,
12154,-6.0,,,,,,,,,,,,,,,,,,
12156,-8.0,,,,,,,,,,,,,,,,,,
12166,-9.0,,,,,,,,,,,,,,,,,,
12171,-9.0,,,,,,,,,,,,,,,,,,
12174,-6.0,,,,,,,,,,,,,,,,,,
12175,-16.0,,,,,,,,,,,,,,,,,,
12180,-10.0,,,,,,,,,,,,,,,,,,
12188,-6.0,,,,,,,,,,,,,,,,,,
12191,-8.0,,,,,,,,,,,,,,,,,,
12198,-6.0,,,,,,,,,,,,,,,,,,
12207,-11.0,,,,,,,,,,,,,,,,,,
12217,-12.0,,,,,,,,,,,,,,,,,,
12221,-8.0,,,,,,,,,,,,,,,,,,
12222,-10.0,,,,,,,,,,,,,,,,,,
12226,-6.0,,,,,,,,,,,,,,,,,,
12231,-8.0,,,,,,,,,,,,,,,,,,
12234,-9.0,,,,,,,,,,,,,,,,,,
12237,-5.0,,,,,,,,,,,,,,,,,,
12243,-8.0,,,,,,,,,,,,,,,,,,
12245,-9.0,,,,,,,,,,,,,,,,,,
12251,-7.0,,,,,,,,,,,,,,,,,,
12252,-9.0,,,,,,,,,,,,,,,,,,
12256,-6.0,,,,,,,,,,,,,,,,,,
12262,-9.0,,,,,,,,,,,,,,,,,,
12264,-8.0,,,,,,,,,,,,,,,,,,
12268,-13.0,,,,,,,,,,,,,,,,,,
12269,-8.0,,,,,,,,,,,,,,,,,,
12272,-6.0,,,,,,,,,,,,,,,,,,
12273,-7.0,,,,,,,,,,,,,,,,,,
12275,-9.0,,,,,,,,,,,,,,,,,,
12290,-7.0,,,,,,,,,,,,,,,,,,
12305,-9.0,,,,,,,,,,,,,,,,,,
12306,-13.0,,,,,,,,,,,,,,,,,,
12307,-14.0,,,,,,,,,,,,,,,,,,
12312,-13.0,,,,,,,,,,,,,,,,,,
12314,-4.0,,,,,,,,,,,,,,,,,,
12318,-8.0,,,,,,,,,,,,,,,,,,
12320,-10.0,,,,,,,,,,,,,,,,,,
12324,-9.0,,,,,,,,,,,,,,,,,,
12325,-8.0,,,,,,,,,,,,,,,,,,
12338,-10.0,,,,,,,,,,,,,,,,,,
12339,-8.0,,,,,,,,,,,,,,,,,,
12341,-9.0,,,,,,,,,,,,,,,,,,
12342,-5.0,,,,,,,,,,,,,,,,,,
12343,-4.0,,,,,,,,,,,,,,,,,,
12344,-8.0,,,,,,,,,,,,,,,,,,
12345,-4.0,,,,,,,,,,,,,,,,,,
12354,-4.0,,,,,,,,,,,,,,,,,,
12358,-10.0,,,,,,,,,,,,,,,,,,
12361,-8.0,,,,,,,,,,,,,,,,,,
12364,-6.0,,,,,,,,,,,,,,,,,,
12368,-11.0,,,,,,,,,,,,,,,,,,
12376,-7.0,,,,,,,,,,,,,,,,,,
12378,-9.0,,,,,,,,,,,,,,,,,,
12386,-7.0,,,,,,,,,,,,,,,,,,
12388,-5.0,,,,,,,,,,,,,,,,,,
12389,-17.0,,,,,,,,,,,,,,,,,,
12394,-6.0,,,,,,,,,,,,,,,,,,
12398,-7.0,,,,,,,,,,,,,,,,,,
12402,-6.0,,,,,,,,,,,,,,,,,,
12405,-9.0,,,,,,,,,,,,,,,,,,
12408,-6.0,,,,,,,,,,,,,,,,,,
12410,-8.0,,,,,,,,,,,,,,,,,,
12412,-9.0,,,,,,,,,,,,,,,,,,
12414,-14.0,,,,,,,,,,,,,,,,,,
12418,-10.0,,,,,,,,,,,,,,,,,,
12423,-10.0,,,,,,,,,,,,,,,,,,
12434,-4.0,,,,,,,,,,,,,,,,,,
12436,-25.0,,,,,,,,,,,,,,,,,,
12443,-10.0,,,,,,,,,,,,,,,,,,
12444,-8.0,,,,,,,,,,,,,,,,,,
12447,-6.0,,,,,,,,,,,,,,,,,,
12450,-9.0,,,,,,,,,,,,,,,,,,
12451,-11.0,,,,,,,,,,,,,,,,,,
12456,-9.0,,,,,,,,,,,,,,,,,,
12458,-17.0,,,,,,,,,,,,,,,,,,
12460,-7.0,,,,,,,,,,,,,,,,,,
12462,-13.0,,,,,,,,,,,,,,,,,,
12464,-6.0,,,,,,,,,,,,,,,,,,
12465,-9.0,,,,,,,,,,,,,,,,,,
12467,-8.0,,,,,,,,,,,,,,,,,,
12471,-7.0,,,,,,,,,,,,,,,,,,
12476,-8.0,,,,,,,,,,,,,,,,,,
12481,-6.0,,,,,,,,,,,,,,,,,,
12487,-8.0,,,,,,,,,,,,,,,,,,
12494,-7.0,,,,,,,,,,,,,,,,,,
12499,-10.0,,,,,,,,,,,,,,,,,,
12501,-10.0,,,,,,,,,,,,,,,,,,
12504,-18.0,,,,,,,,,,,,,,,,,,
12506,-8.0,,,,,,,,,,,,,,,,,,
12507,-24.0,,,,,,,,,,,,,,,,,,
12515,-11.0,,,,,,,,,,,,,,,,,,
12517,-13.0,,,,,,,,,,,,,,,,,,
12519,-8.0,,,,,,,,,,,,,,,,,,
12528,-10.0,,,,,,,,,,,,,,,,,,
12535,-6.0,,,,,,,,,,,,,,,,,,
12537,-8.0,,,,,,,,,,,,,,,,,,
12541,-11.0,,,,,,,,,,,,,,,,,,
12543,-12.0,,,,,,,,,,,,,,,,,,
12544,-5.0,,,,,,,,,,,,,,,,,,
12550,-9.0,,,,,,,,,,,,,,,,,,
12552,-17.0,,,,,,,,,,,,,,,,,,
12554,-10.0,,,,,,,,,,,,,,,,,,
12557,-17.0,,,,,,,,,,,,,,,,,,
12559,-8.0,,,,,,,,,,,,,,,,,,
12573,-9.0,,,,,,,,,,,,,,,,,,
12578,-7.0,,,,,,,,,,,,,,,,,,
12582,-8.0,,,,,,,,,,,,,,,,,,
12584,-8.0,,,,,,,,,,,,,,,,,,
12585,-11.0,,,,,,,,,,,,,,,,,,
12587,-11.0,,,,,,,,,,,,,,,,,,
12588,-15.0,,,,,,,,,,,,,,,,,,
12590,-8.0,,,,,,,,,,,,,,,,,,
12591,-10.0,,,,,,,,,,,,,,,,,,
12595,-13.0,,,,,,,,,,,,,,,,,,
12600,-13.0,,,,,,,,,,,,,,,,,,
12605,-9.0,,,,,,,,,,,,,,,,,,
12608,-8.0,,,,,,,,,,,,,,,,,,
12614,-7.0,,,,,,,,,,,,,,,,,,
12619,-6.0,,,,,,,,,,,,,,,,,,
12621,-11.0,,,,,,,,,,,,,,,,,,
12632,-7.0,,,,,,,,,,,,,,,,,,
12641,-8.0,,,,,,,,,,,,,,,,,,
12642,-9.0,,,,,,,,,,,,,,,,,,
12647,-15.0,,,,,,,,,,,,,,,,,,
12648,-8.0,,,,,,,,,,,,,,,,,,
12657,-15.0,,,,,,,,,,,,,,,,,,
12659,-6.0,,,,,,,,,,,,,,,,,,
12661,-6.0,,,,,,,,,,,,,,,,,,
12664,-6.0,,,,,,,,,,,,,,,,,,
12672,-20.0,,,,,,,,,,,,,,,,,,
12677,-6.0,,,,,,,,,,,,,,,,,,
12685,-9.0,,,,,,,,,,,,,,,,,,
12687,-9.0,,,,,,,,,,,,,,,,,,
12688,-10.0,,,,,,,,,,,,,,,,,,
12689,-8.0,,,,,,,,,,,,,,,,,,
12690,-4.0,,,,,,,,,,,,,,,,,,
12698,-14.0,,,,,,,,,,,,,,,,,,
12708,-6.0,,,,,,,,,,,,,,,,,,
12709,-6.0,,,,,,,,,,,,,,,,,,
12711,-9.0,,,,,,,,,,,,,,,,,,
12713,-9.0,,,,,,,,,,,,,,,,,,
12721,-8.0,,,,,,,,,,,,,,,,,,
12723,-6.0,,,,,,,,,,,,,,,,,,
12725,-6.0,,,,,,,,,,,,,,,,,,
12726,-8.0,,,,,,,,,,,,,,,,,,
12731,-10.0,,,,,,,,,,,,,,,,,,
12732,-9.0,,,,,,,,,,,,,,,,,,
12733,-6.0,,,,,,,,,,,,,,,,,,
12735,-9.0,,,,,,,,,,,,,,,,,,
12739,-9.0,,,,,,,,,,,,,,,,,,
12740,-11.0,,,,,,,,,,,,,,,,,,
12742,-5.0,,,,,,,,,,,,,,,,,,
12743,-4.0,,,,,,,,,,,,,,,,,,
12745,-9.0,,,,,,,,,,,,,,,,,,
12769,-6.0,,,,,,,,,,,,,,,,,,
12773,-8.0,,,,,,,,,,,,,,,,,,
12779,-7.0,,,,,,,,,,,,,,,,,,
12781,-6.0,,,,,,,,,,,,,,,,,,
12783,-8.0,,,,,,,,,,,,,,,,,,
12805,-8.0,,,,,,,,,,,,,,,,,,
12807,-9.0,,,,,,,,,,,,,,,,,,
12811,-6.0,,,,,,,,,,,,,,,,,,
12812,-9.0,,,,,,,,,,,,,,,,,,
12813,-10.0,,,,,,,,,,,,,,,,,,
12816,-4.0,,,,,,,,,,,,,,,,,,
12817,-6.0,,,,,,,,,,,,,,,,,,
12825,-9.0,,,,,,,,,,,,,,,,,,
12830,-7.0,,,,,,,,,,,,,,,,,,
12831,-19.0,,,,,,,,,,,,,,,,,,
12837,-6.0,,,,,,,,,,,,,,,,,,
12843,-10.0,,,,,,,,,,,,,,,,,,
12851,-8.0,,,,,,,,,,,,,,,,,,
12853,-9.0,,,,,,,,,,,,,,,,,,
12860,-8.0,,,,,,,,,,,,,,,,,,
12868,-6.0,,,,,,,,,,,,,,,,,,
12875,-4.0,,,,,,,,,,,,,,,,,,
12876,-9.0,,,,,,,,,,,,,,,,,,
12887,-8.0,,,,,,,,,,,,,,,,,,
12901,-12.0,,,,,,,,,,,,,,,,,,
12902,-8.0,,,,,,,,,,,,,,,,,,
12904,-7.0,,,,,,,,,,,,,,,,,,
12910,-6.0,,,,,,,,,,,,,,,,,,
12911,-6.0,,,,,,,,,,,,,,,,,,
12916,-9.0,,,,,,,,,,,,,,,,,,
12918,-10.0,,,,,,,,,,,,,,,,,,
12927,-4.0,,,,,,,,,,,,,,,,,,
12934,-6.0,,,,,,,,,,,,,,,,,,
12935,-6.0,,,,,,,,,,,,,,,,,,
12937,-8.0,,,,,,,,,,,,,,,,,,
12938,-11.0,,,,,,,,,,,,,,,,,,
12947,-8.0,,,,,,,,,,,,,,,,,,
12950,-10.0,,,,,,,,,,,,,,,,,,
12952,-4.0,,,,,,,,,,,,,,,,,,
12955,-4.0,,,,,,,,,,,,,,,,,,
12957,-8.0,,,,,,,,,,,,,,,,,,
12960,-7.0,,,,,,,,,,,,,,,,,,
12962,-14.0,,,,,,,,,,,,,,,,,,
12971,-8.0,,,,,,,,,,,,,,,,,,
12975,-13.0,,,,,,,,,,,,,,,,,,
12986,-8.0,,,,,,,,,,,,,,,,,,
12988,-9.0,,,,,,,,,,,,,,,,,,
12990,-6.0,,,,,,,,,,,,,,,,,,
13011,-15.0,,,,,,,,,,,,,,,,,,
13014,-10.0,,,,,,,,,,,,,,,,,,
13020,-6.0,,,,,,,,,,,,,,,,,,
13026,-8.0,,,,,,,,,,,,,,,,,,
13033,-8.0,,,,,,,,,,,,,,,,,,
13036,-7.0,,,,,,,,,,,,,,,,,,
13072,-15.0,,,,,,,,,,,,,,,,,,
13075,-9.0,,,,,,,,,,,,,,,,,,
13078,-9.0,,,,,,,,,,,,,,,,,,
13079,-9.0,,,,,,,,,,,,,,,,,,
13080,-10.0,,,,,,,,,,,,,,,,,,
13082,-6.0,,,,,,,,,,,,,,,,,,
13084,-9.0,,,,,,,,,,,,,,,,,,
13103,-8.0,,,,,,,,,,,,,,,,,,
13106,-6.0,,,,,,,,,,,,,,,,,,
13109,-10.0,,,,,,,,,,,,,,,,,,
13111,-16.0,,,,,,,,,,,,,,,,,,
13112,-12.0,,,,,,,,,,,,,,,,,,
13118,-7.0,,,,,,,,,,,,,,,,,,
13119,-11.0,,,,,,,,,,,,,,,,,,
13121,-9.0,,,,,,,,,,,,,,,,,,
13123,-13.0,,,,,,,,,,,,,,,,,,
13125,-15.0,,,,,,,,,,,,,,,,,,
13126,-7.0,,,,,,,,,,,,,,,,,,
13130,-7.0,,,,,,,,,,,,,,,,,,
13139,-7.0,,,,,,,,,,,,,,,,,,
13141,-9.0,,,,,,,,,,,,,,,,,,
13152,-8.0,,,,,,,,,,,,,,,,,,
13158,-8.0,,,,,,,,,,,,,,,,,,
13160,-8.0,,,,,,,,,,,,,,,,,,
13161,-7.0,,,,,,,,,,,,,,,,,,
13165,-8.0,,,,,,,,,,,,,,,,,,
13172,-8.0,,,,,,,,,,,,,,,,,,
13177,-6.0,,,,,,,,,,,,,,,,,,
13184,-8.0,,,,,,,,,,,,,,,,,,
13187,-9.0,,,,,,,,,,,,,,,,,,
13190,-12.0,,,,,,,,,,,,,,,,,,
13191,-8.0,,,,,,,,,,,,,,,,,,
13196,-8.0,,,,,,,,,,,,,,,,,,
13202,-10.0,,,,,,,,,,,,,,,,,,
13203,-6.0,,,,,,,,,,,,,,,,,,
13209,-8.0,,,,,,,,,,,,,,,,,,
13212,-13.0,,,,,,,,,,,,,,,,,,
13221,-10.0,,,,,,,,,,,,,,,,,,
13229,-9.0,,,,,,,,,,,,,,,,,,
13234,-13.0,,,,,,,,,,,,,,,,,,
13249,-8.0,,,,,,,,,,,,,,,,,,
13253,-10.0,,,,,,,,,,,,,,,,,,
13257,-8.0,,,,,,,,,,,,,,,,,,
13258,-5.0,,,,,,,,,,,,,,,,,,
13262,-8.0,,,,,,,,,,,,,,,,,,
13263,-7.0,,,,,,,,,,,,,,,,,,
13266,-9.0,,,,,,,,,,,,,,,,,,
13274,-15.0,,,,,,,,,,,,,,,,,,
13275,-8.0,,,,,,,,,,,,,,,,,,
13278,-8.0,,,,,,,,,,,,,,,,,,
13279,-11.0,,,,,,,,,,,,,,,,,,
13282,-6.0,,,,,,,,,,,,,,,,,,
13286,-9.0,,,,,,,,,,,,,,,,,,
13287,-8.0,,,,,,,,,,,,,,,,,,
13289,-8.0,,,,,,,,,,,,,,,,,,
13298,-8.0,,,,,,,,,,,,,,,,,,
13302,-6.0,,,,,,,,,,,,,,,,,,
13308,-9.0,,,,,,,,,,,,,,,,,,
13309,-8.0,,,,,,,,,,,,,,,,,,
13315,-9.0,,,,,,,,,,,,,,,,,,
13319,-10.0,,,,,,,,,,,,,,,,,,
13320,-6.0,,,,,,,,,,,,,,,,,,
13326,-9.0,,,,,,,,,,,,,,,,,,
13330,-6.0,,,,,,,,,,,,,,,,,,
13341,-8.0,,,,,,,,,,,,,,,,,,
13342,-10.0,,,,,,,,,,,,,,,,,,
13345,-6.0,,,,,,,,,,,,,,,,,,
13352,-6.0,,,,,,,,,,,,,,,,,,
13353,-11.0,,,,,,,,,,,,,,,,,,
13355,-7.0,,,,,,,,,,,,,,,,,,
13356,-9.0,,,,,,,,,,,,,,,,,,
13357,-15.0,,,,,,,,,,,,,,,,,,
13361,-6.0,,,,,,,,,,,,,,,,,,
13363,-9.0,,,,,,,,,,,,,,,,,,
13367,-10.0,,,,,,,,,,,,,,,,,,
13368,-6.0,,,,,,,,,,,,,,,,,,
13371,-8.0,,,,,,,,,,,,,,,,,,
13375,-6.0,,,,,,,,,,,,,,,,,,
13383,-7.0,,,,,,,,,,,,,,,,,,
13399,-10.0,,,,,,,,,,,,,,,,,,
13403,-10.0,,,,,,,,,,,,,,,,,,
13405,-14.0,,,,,,,,,,,,,,,,,,
13407,-8.0,,,,,,,,,,,,,,,,,,
13408,-16.0,,,,,,,,,,,,,,,,,,
13409,-9.0,,,,,,,,,,,,,,,,,,
13410,-8.0,,,,,,,,,,,,,,,,,,
13413,-9.0,,,,,,,,,,,,,,,,,,
13416,-13.0,,,,,,,,,,,,,,,,,,
13427,-14.0,,,,,,,,,,,,,,,,,,
13428,-10.0,,,,,,,,,,,,,,,,,,
13434,-6.0,,,,,,,,,,,,,,,,,,
13438,-8.0,,,,,,,,,,,,,,,,,,
13439,-8.0,,,,,,,,,,,,,,,,,,
13443,-9.0,,,,,,,,,,,,,,,,,,
13461,-6.0,,,,,,,,,,,,,,,,,,
13477,-8.0,,,,,,,,,,,,,,,,,,
13478,-8.0,,,,,,,,,,,,,,,,,,
13481,-9.0,,,,,,,,,,,,,,,,,,
13482,-8.0,,,,,,,,,,,,,,,,,,
13483,-8.0,,,,,,,,,,,,,,,,,,
13485,-9.0,,,,,,,,,,,,,,,,,,
13492,-7.0,,,,,,,,,,,,,,,,,,
13493,-9.0,,,,,,,,,,,,,,,,,,
13494,-9.0,,,,,,,,,,,,,,,,,,
13498,-10.0,,,,,,,,,,,,,,,,,,
13506,-9.0,,,,,,,,,,,,,,,,,,
13507,-6.0,,,,,,,,,,,,,,,,,,
13508,-8.0,,,,,,,,,,,,,,,,,,
13514,-13.0,,,,,,,,,,,,,,,,,,
13516,-7.0,,,,,,,,,,,,,,,,,,
13520,-8.0,,,,,,,,,,,,,,,,,,
13536,-11.0,,,,,,,,,,,,,,,,,,
13537,-9.0,,,,,,,,,,,,,,,,,,
13543,-6.0,,,,,,,,,,,,,,,,,,
13550,-4.0,,,,,,,,,,,,,,,,,,
13557,-10.0,,,,,,,,,,,,,,,,,,
13567,-9.0,,,,,,,,,,,,,,,,,,
13574,-6.0,,,,,,,,,,,,,,,,,,
13576,-7.0,,,,,,,,,,,,,,,,,,
13580,-9.0,,,,,,,,,,,,,,,,,,
13591,-9.0,,,,,,,,,,,,,,,,,,
13593,-6.0,,,,,,,,,,,,,,,,,,
13594,-7.0,,,,,,,,,,,,,,,,,,
13596,-10.0,,,,,,,,,,,,,,,,,,
13600,-8.0,,,,,,,,,,,,,,,,,,
13602,-4.0,,,,,,,,,,,,,,,,,,
13603,-8.0,,,,,,,,,,,,,,,,,,
13612,-7.0,,,,,,,,,,,,,,,,,,
13613,-7.0,,,,,,,,,,,,,,,,,,
13615,-8.0,,,,,,,,,,,,,,,,,,
13619,-8.0,,,,,,,,,,,,,,,,,,
13629,-9.0,,,,,,,,,,,,,,,,,,
13633,-8.0,,,,,,,,,,,,,,,,,,
13642,-4.0,,,,,,,,,,,,,,,,,,
13647,-8.0,,,,,,,,,,,,,,,,,,
13649,-8.0,,,,,,,,,,,,,,,,,,
13650,-7.0,,,,,,,,,,,,,,,,,,
13651,-6.0,,,,,,,,,,,,,,,,,,
13655,-7.0,,,,,,,,,,,,,,,,,,
13658,-12.0,,,,,,,,,,,,,,,,,,
13662,-6.0,,,,,,,,,,,,,,,,,,
13667,-15.0,,,,,,,,,,,,,,,,,,
13679,-6.0,,,,,,,,,,,,,,,,,,
13690,-11.0,,,,,,,,,,,,,,,,,,
13695,-6.0,,,,,,,,,,,,,,,,,,
13698,-7.0,,,,,,,,,,,,,,,,,,
13700,-7.0,,,,,,,,,,,,,,,,,,
13701,-8.0,,,,,,,,,,,,,,,,,,
13702,-8.0,,,,,,,,,,,,,,,,,,
13703,-6.0,,,,,,,,,,,,,,,,,,
13704,-6.0,,,,,,,,,,,,,,,,,,
13705,-8.0,,,,,,,,,,,,,,,,,,
13707,-4.0,,,,,,,,,,,,,,,,,,
13718,-6.0,,,,,,,,,,,,,,,,,,
13722,-9.0,,,,,,,,,,,,,,,,,,
13729,-6.0,,,,,,,,,,,,,,,,,,
13739,-8.0,,,,,,,,,,,,,,,,,,
13740,-7.0,,,,,,,,,,,,,,,,,,
13744,-6.0,,,,,,,,,,,,,,,,,,
13752,-9.0,,,,,,,,,,,,,,,,,,
13753,-10.0,,,,,,,,,,,,,,,,,,
13754,-6.0,,,,,,,,,,,,,,,,,,
13757,-9.0,,,,,,,,,,,,,,,,,,
13758,-6.0,,,,,,,,,,,,,,,,,,
13759,-6.0,,,,,,,,,,,,,,,,,,
13762,-6.0,,,,,,,,,,,,,,,,,,
13767,-11.0,,,,,,,,,,,,,,,,,,
13770,-9.0,,,,,,,,,,,,,,,,,,
13775,-10.0,,,,,,,,,,,,,,,,,,
13779,-7.0,,,,,,,,,,,,,,,,,,
13781,-9.0,,,,,,,,,,,,,,,,,,
13783,-8.0,,,,,,,,,,,,,,,,,,
13791,-7.0,,,,,,,,,,,,,,,,,,
13796,-6.0,,,,,,,,,,,,,,,,,,
13797,-8.0,,,,,,,,,,,,,,,,,,
13798,-8.0,,,,,,,,,,,,,,,,,,
13799,-9.0,,,,,,,,,,,,,,,,,,
13802,-9.0,,,,,,,,,,,,,,,,,,
13804,-7.0,,,,,,,,,,,,,,,,,,
13812,-6.0,,,,,,,,,,,,,,,,,,
13814,-6.0,,,,,,,,,,,,,,,,,,
13819,-8.0,,,,,,,,,,,,,,,,,,
13820,-8.0,,,,,,,,,,,,,,,,,,
13821,-6.0,,,,,,,,,,,,,,,,,,
13822,-8.0,,,,,,,,,,,,,,,,,,
13828,-9.0,,,,,,,,,,,,,,,,,,
13841,-6.0,,,,,,,,,,,,,,,,,,
13845,-9.0,,,,,,,,,,,,,,,,,,
13846,-10.0,,,,,,,,,,,,,,,,,,
13847,-10.0,,,,,,,,,,,,,,,,,,
13854,-7.0,,,,,,,,,,,,,,,,,,
13855,-6.0,,,,,,,,,,,,,,,,,,
13861,-7.0,,,,,,,,,,,,,,,,,,
13863,-7.0,,,,,,,,,,,,,,,,,,
13870,-9.0,,,,,,,,,,,,,,,,,,
13874,-6.0,,,,,,,,,,,,,,,,,,
13875,-6.0,,,,,,,,,,,,,,,,,,
13878,-6.0,,,,,,,,,,,,,,,,,,
13879,-8.0,,,,,,,,,,,,,,,,,,
13884,-6.0,,,,,,,,,,,,,,,,,,
13890,-6.0,,,,,,,,,,,,,,,,,,
13893,-10.0,,,,,,,,,,,,,,,,,,
13898,-7.0,,,,,,,,,,,,,,,,,,
13903,-6.0,,,,,,,,,,,,,,,,,,
13904,-9.0,,,,,,,,,,,,,,,,,,
13906,-6.0,,,,,,,,,,,,,,,,,,
13911,-6.0,,,,,,,,,,,,,,,,,,
13914,-15.0,,,,,,,,,,,,,,,,,,
13921,-7.0,,,,,,,,,,,,,,,,,,
13931,-11.0,,,,,,,,,,,,,,,,,,
13936,-6.0,,,,,,,,,,,,,,,,,,
13938,-7.0,,,,,,,,,,,,,,,,,,
13948,-7.0,,,,,,,,,,,,,,,,,,
13952,-10.0,,,,,,,,,,,,,,,,,,
13954,-6.0,,,,,,,,,,,,,,,,,,
13956,-6.0,,,,,,,,,,,,,,,,,,
13960,-10.0,,,,,,,,,,,,,,,,,,
13962,-6.0,,,,,,,,,,,,,,,,,,
13968,-6.0,,,,,,,,,,,,,,,,,,
13970,-6.0,,,,,,,,,,,,,,,,,,
13972,-10.0,,,,,,,,,,,,,,,,,,
13982,-10.0,,,,,,,,,,,,,,,,,,
13984,-11.0,,,,,,,,,,,,,,,,,,
13990,-7.0,,,,,,,,,,,,,,,,,,
13993,-8.0,,,,,,,,,,,,,,,,,,
13996,-6.0,,,,,,,,,,,,,,,,,,
14001,-6.0,,,,,,,,,,,,,,,,,,
14004,-10.0,,,,,,,,,,,,,,,,,,
14005,-8.0,,,,,,,,,,,,,,,,,,
14009,-4.0,,,,,,,,,,,,,,,,,,
14014,-9.0,,,,,,,,,,,,,,,,,,
14023,-8.0,,,,,,,,,,,,,,,,,,
14029,-6.0,,,,,,,,,,,,,,,,,,
14036,-6.0,,,,,,,,,,,,,,,,,,
14038,-8.0,,,,,,,,,,,,,,,,,,
14040,-8.0,,,,,,,,,,,,,,,,,,
14043,-8.0,,,,,,,,,,,,,,,,,,
14044,-9.0,,,,,,,,,,,,,,,,,,
14046,-11.0,,,,,,,,,,,,,,,,,,
14047,-8.0,,,,,,,,,,,,,,,,,,
14049,-7.0,,,,,,,,,,,,,,,,,,
14054,-6.0,,,,,,,,,,,,,,,,,,
14055,-6.0,,,,,,,,,,,,,,,,,,
14056,-6.0,,,,,,,,,,,,,,,,,,
14058,-11.0,,,,,,,,,,,,,,,,,,
14066,-9.0,,,,,,,,,,,,,,,,,,
14069,-8.0,,,,,,,,,,,,,,,,,,
14075,-9.0,,,,,,,,,,,,,,,,,,
14076,-6.0,,,,,,,,,,,,,,,,,,
14079,-8.0,,,,,,,,,,,,,,,,,,
14095,-8.0,,,,,,,,,,,,,,,,,,
14098,-15.0,,,,,,,,,,,,,,,,,,
14101,-6.0,,,,,,,,,,,,,,,,,,
14103,-6.0,,,,,,,,,,,,,,,,,,
14104,-8.0,,,,,,,,,,,,,,,,,,
14106,-6.0,,,,,,,,,,,,,,,,,,
14114,-9.0,,,,,,,,,,,,,,,,,,
14115,-6.0,,,,,,,,,,,,,,,,,,
14123,-8.0,,,,,,,,,,,,,,,,,,
14124,-16.0,,,,,,,,,,,,,,,,,,
14127,-6.0,,,,,,,,,,,,,,,,,,
14130,-8.0,,,,,,,,,,,,,,,,,,
14139,-8.0,,,,,,,,,,,,,,,,,,
14143,-9.0,,,,,,,,,,,,,,,,,,
14149,-7.0,,,,,,,,,,,,,,,,,,
14153,-8.0,,,,,,,,,,,,,,,,,,
14161,-10.0,,,,,,,,,,,,,,,,,,
14168,-6.0,,,,,,,,,,,,,,,,,,
14169,-8.0,,,,,,,,,,,,,,,,,,
14172,-6.0,,,,,,,,,,,,,,,,,,
14191,-6.0,,,,,,,,,,,,,,,,,,
14193,-8.0,,,,,,,,,,,,,,,,,,
14194,-10.0,,,,,,,,,,,,,,,,,,
14196,-6.0,,,,,,,,,,,,,,,,,,
14199,-9.0,,,,,,,,,,,,,,,,,,
14203,-9.0,,,,,,,,,,,,,,,,,,
14204,-8.0,,,,,,,,,,,,,,,,,,
14210,-8.0,,,,,,,,,,,,,,,,,,
14221,-10.0,,,,,,,,,,,,,,,,,,
14230,-8.0,,,,,,,,,,,,,,,,,,
14238,-8.0,,,,,,,,,,,,,,,,,,
14239,-11.0,,,,,,,,,,,,,,,,,,
14241,-4.0,,,,,,,,,,,,,,,,,,
14248,-6.0,,,,,,,,,,,,,,,,,,
14253,-8.0,,,,,,,,,,,,,,,,,,
14257,-8.0,,,,,,,,,,,,,,,,,,
14258,-8.0,,,,,,,,,,,,,,,,,,
14264,-13.0,,,,,,,,,,,,,,,,,,
14268,-6.0,,,,,,,,,,,,,,,,,,
14276,-8.0,,,,,,,,,,,,,,,,,,
14284,-8.0,,,,,,,,,,,,,,,,,,
14285,-8.0,,,,,,,,,,,,,,,,,,
14287,-8.0,,,,,,,,,,,,,,,,,,
14299,-4.0,,,,,,,,,,,,,,,,,,
14303,-10.0,,,,,,,,,,,,,,,,,,
14309,-14.0,,,,,,,,,,,,,,,,,,
14310,-8.0,,,,,,,,,,,,,,,,,,
14313,-8.0,,,,,,,,,,,,,,,,,,
14314,-8.0,,,,,,,,,,,,,,,,,,
14321,-4.0,,,,,,,,,,,,,,,,,,
14322,-6.0,,,,,,,,,,,,,,,,,,
14327,-9.0,,,,,,,,,,,,,,,,,,
14328,-8.0,,,,,,,,,,,,,,,,,,
14335,-4.0,,,,,,,,,,,,,,,,,,
14336,-7.0,,,,,,,,,,,,,,,,,,
14339,-9.0,,,,,,,,,,,,,,,,,,
14343,-8.0,,,,,,,,,,,,,,,,,,
14350,-7.0,,,,,,,,,,,,,,,,,,
14356,-9.0,,,,,,,,,,,,,,,,,,
14357,-8.0,,,,,,,,,,,,,,,,,,
14361,-9.0,,,,,,,,,,,,,,,,,,
14362,-8.0,,,,,,,,,,,,,,,,,,
14363,-8.0,,,,,,,,,,,,,,,,,,
14368,-7.0,,,,,,,,,,,,,,,,,,
14372,-8.0,,,,,,,,,,,,,,,,,,
14376,-8.0,,,,,,,,,,,,,,,,,,
14380,-6.0,,,,,,,,,,,,,,,,,,
14387,-8.0,,,,,,,,,,,,,,,,,,
14388,-6.0,,,,,,,,,,,,,,,,,,
14391,-10.0,,,,,,,,,,,,,,,,,,
14404,-5.0,,,,,,,,,,,,,,,,,,
14406,-11.0,,,,,,,,,,,,,,,,,,
14410,-7.0,,,,,,,,,,,,,,,,,,
14417,-6.0,,,,,,,,,,,,,,,,,,
14419,-9.0,,,,,,,,,,,,,,,,,,
14422,-8.0,,,,,,,,,,,,,,,,,,
14423,-6.0,,,,,,,,,,,,,,,,,,
14427,-7.0,,,,,,,,,,,,,,,,,,
14433,-5.0,,,,,,,,,,,,,,,,,,
14435,-6.0,,,,,,,,,,,,,,,,,,
14444,-14.0,,,,,,,,,,,,,,,,,,
14451,-9.0,,,,,,,,,,,,,,,,,,
14452,-10.0,,,,,,,,,,,,,,,,,,
14453,-8.0,,,,,,,,,,,,,,,,,,
14455,-6.0,,,,,,,,,,,,,,,,,,
14458,-6.0,,,,,,,,,,,,,,,,,,
14464,-12.0,,,,,,,,,,,,,,,,,,
14466,-9.0,,,,,,,,,,,,,,,,,,
14467,-17.0,,,,,,,,,,,,,,,,,,
14469,-7.0,,,,,,,,,,,,,,,,,,
14470,-7.0,,,,,,,,,,,,,,,,,,
14477,-4.0,,,,,,,,,,,,,,,,,,
14482,-8.0,,,,,,,,,,,,,,,,,,
14483,-4.0,,,,,,,,,,,,,,,,,,
14485,-6.0,,,,,,,,,,,,,,,,,,
14486,-8.0,,,,,,,,,,,,,,,,,,
14487,-8.0,,,,,,,,,,,,,,,,,,
14488,-10.0,,,,,,,,,,,,,,,,,,
14498,-7.0,,,,,,,,,,,,,,,,,,
14503,-4.0,,,,,,,,,,,,,,,,,,
14505,-14.0,,,,,,,,,,,,,,,,,,
14517,-7.0,,,,,,,,,,,,,,,,,,
14519,-9.0,,,,,,,,,,,,,,,,,,
14521,-7.0,,,,,,,,,,,,,,,,,,
14528,-8.0,,,,,,,,,,,,,,,,,,
14530,-8.0,,,,,,,,,,,,,,,,,,
14533,-6.0,,,,,,,,,,,,,,,,,,
14535,-9.0,,,,,,,,,,,,,,,,,,
14539,-5.0,,,,,,,,,,,,,,,,,,
14545,-6.0,,,,,,,,,,,,,,,,,,
14546,-10.0,,,,,,,,,,,,,,,,,,
14549,-6.0,,,,,,,,,,,,,,,,,,
14550,-7.0,,,,,,,,,,,,,,,,,,
14555,-8.0,,,,,,,,,,,,,,,,,,
14556,-5.0,,,,,,,,,,,,,,,,,,
14557,-4.0,,,,,,,,,,,,,,,,,,
14559,-16.0,,,,,,,,,,,,,,,,,,
14561,-16.0,,,,,,,,,,,,,,,,,,
14569,-6.0,,,,,,,,,,,,,,,,,,
14572,-8.0,,,,,,,,,,,,,,,,,,
14578,-6.0,,,,,,,,,,,,,,,,,,
14580,-6.0,,,,,,,,,,,,,,,,,,
14583,-10.0,,,,,,,,,,,,,,,,,,
14596,-8.0,,,,,,,,,,,,,,,,,,
14597,-6.0,,,,,,,,,,,,,,,,,,
14602,-8.0,,,,,,,,,,,,,,,,,,
14603,-8.0,,,,,,,,,,,,,,,,,,
14607,-7.0,,,,,,,,,,,,,,,,,,
14612,-10.0,,,,,,,,,,,,,,,,,,
14616,-10.0,,,,,,,,,,,,,,,,,,
14620,-7.0,,,,,,,,,,,,,,,,,,
14624,-9.0,,,,,,,,,,,,,,,,,,
14627,-8.0,,,,,,,,,,,,,,,,,,
14628,-9.0,,,,,,,,,,,,,,,,,,
14631,-6.0,,,,,,,,,,,,,,,,,,
14643,-8.0,,,,,,,,,,,,,,,,,,
14649,-6.0,,,,,,,,,,,,,,,,,,
14653,-5.0,,,,,,,,,,,,,,,,,,
14654,-4.0,,,,,,,,,,,,,,,,,,
14658,-8.0,,,,,,,,,,,,,,,,,,
14660,-6.0,,,,,,,,,,,,,,,,,,
14662,-6.0,,,,,,,,,,,,,,,,,,
14663,-8.0,,,,,,,,,,,,,,,,,,
14664,-15.0,,,,,,,,,,,,,,,,,,
14668,-6.0,,,,,,,,,,,,,,,,,,
14671,-16.0,,,,,,,,,,,,,,,,,,
14673,-8.0,,,,,,,,,,,,,,,,,,
14676,-4.0,,,,,,,,,,,,,,,,,,
14681,-6.0,,,,,,,,,,,,,,,,,,
14700,-10.0,,,,,,,,,,,,,,,,,,
14702,-9.0,,,,,,,,,,,,,,,,,,
14710,-6.0,,,,,,,,,,,,,,,,,,
14711,-6.0,,,,,,,,,,,,,,,,,,
14717,-10.0,,,,,,,,,,,,,,,,,,
14722,-9.0,,,,,,,,,,,,,,,,,,
14724,-8.0,,,,,,,,,,,,,,,,,,
14726,-6.0,,,,,,,,,,,,,,,,,,
14727,-9.0,,,,,,,,,,,,,,,,,,
14728,-10.0,,,,,,,,,,,,,,,,,,
14737,-10.0,,,,,,,,,,,,,,,,,,
14746,-7.0,,,,,,,,,,,,,,,,,,
14749,-4.0,,,,,,,,,,,,,,,,,,
14752,-7.0,,,,,,,,,,,,,,,,,,
14756,-8.0,,,,,,,,,,,,,,,,,,
14758,-7.0,,,,,,,,,,,,,,,,,,
14760,-8.0,,,,,,,,,,,,,,,,,,
14762,-9.0,,,,,,,,,,,,,,,,,,
14765,-7.0,,,,,,,,,,,,,,,,,,
14768,-17.0,,,,,,,,,,,,,,,,,,
14773,-8.0,,,,,,,,,,,,,,,,,,
14774,-7.0,,,,,,,,,,,,,,,,,,
14782,-16.0,,,,,,,,,,,,,,,,,,
14786,-9.0,,,,,,,,,,,,,,,,,,
14788,-9.0,,,,,,,,,,,,,,,,,,
14791,-9.0,,,,,,,,,,,,,,,,,,
14792,-8.0,,,,,,,,,,,,,,,,,,
14804,-9.0,,,,,,,,,,,,,,,,,,
14806,-6.0,,,,,,,,,,,,,,,,,,
14807,-9.0,,,,,,,,,,,,,,,,,,
14811,-6.0,,,,,,,,,,,,,,,,,,
14812,-9.0,,,,,,,,,,,,,,,,,,
14821,-6.0,,,,,,,,,,,,,,,,,,
14828,-7.0,,,,,,,,,,,,,,,,,,
14842,-6.0,,,,,,,,,,,,,,,,,,
14843,-4.0,,,,,,,,,,,,,,,,,,
14844,-8.0,,,,,,,,,,,,,,,,,,
14858,-6.0,,,,,,,,,,,,,,,,,,
14862,-6.0,,,,,,,,,,,,,,,,,,
14863,-9.0,,,,,,,,,,,,,,,,,,
14865,-6.0,,,,,,,,,,,,,,,,,,
14866,-6.0,,,,,,,,,,,,,,,,,,
14868,-8.0,,,,,,,,,,,,,,,,,,
14880,-7.0,,,,,,,,,,,,,,,,,,
14881,-9.0,,,,,,,,,,,,,,,,,,
14883,-7.0,,,,,,,,,,,,,,,,,,
14890,-8.0,,,,,,,,,,,,,,,,,,
14891,-9.0,,,,,,,,,,,,,,,,,,
14892,-6.0,,,,,,,,,,,,,,,,,,
14900,-6.0,,,,,,,,,,,,,,,,,,
14901,-7.0,,,,,,,,,,,,,,,,,,
14904,-7.0,,,,,,,,,,,,,,,,,,
14906,-6.0,,,,,,,,,,,,,,,,,,
14909,-8.0,,,,,,,,,,,,,,,,,,
14912,-4.0,,,,,,,,,,,,,,,,,,
14915,-10.0,,,,,,,,,,,,,,,,,,
14922,-9.0,,,,,,,,,,,,,,,,,,
14929,-9.0,,,,,,,,,,,,,,,,,,
14931,-9.0,,,,,,,,,,,,,,,,,,
14934,-4.0,,,,,,,,,,,,,,,,,,
14935,-6.0,,,,,,,,,,,,,,,,,,
14937,-6.0,,,,,,,,,,,,,,,,,,
14941,-6.0,,,,,,,,,,,,,,,,,,
14943,-6.0,,,,,,,,,,,,,,,,,,
14944,-9.0,,,,,,,,,,,,,,,,,,
14949,-6.0,,,,,,,,,,,,,,,,,,
14960,-6.0,,,,,,,,,,,,,,,,,,
14966,-6.0,,,,,,,,,,,,,,,,,,
14971,-15.0,,,,,,,,,,,,,,,,,,
14983,-7.0,,,,,,,,,,,,,,,,,,
14985,-6.0,,,,,,,,,,,,,,,,,,
14987,-6.0,,,,,,,,,,,,,,,,,,
14989,-8.0,,,,,,,,,,,,,,,,,,
14994,-6.0,,,,,,,,,,,,,,,,,,
15001,-6.0,,,,,,,,,,,,,,,,,,
15003,-8.0,,,,,,,,,,,,,,,,,,
15005,-8.0,,,,,,,,,,,,,,,,,,
15007,-4.0,,,,,,,,,,,,,,,,,,
15008,-8.0,,,,,,,,,,,,,,,,,,
15017,-8.0,,,,,,,,,,,,,,,,,,
15027,-5.0,,,,,,,,,,,,,,,,,,
15037,-7.0,,,,,,,,,,,,,,,,,,
15041,-6.0,,,,,,,,,,,,,,,,,,
15043,-5.0,,,,,,,,,,,,,,,,,,
15048,-20.0,,,,,,,,,,,,,,,,,,
15049,-6.0,,,,,,,,,,,,,,,,,,
15050,-6.0,,,,,,,,,,,,,,,,,,
15056,-8.0,,,,,,,,,,,,,,,,,,
15062,-7.0,,,,,,,,,,,,,,,,,,
15072,-7.0,,,,,,,,,,,,,,,,,,
15073,-6.0,,,,,,,,,,,,,,,,,,
15076,-10.0,,,,,,,,,,,,,,,,,,
15083,-7.0,,,,,,,,,,,,,,,,,,
15085,-16.0,,,,,,,,,,,,,,,,,,
15093,-8.0,,,,,,,,,,,,,,,,,,
15094,-7.0,,,,,,,,,,,,,,,,,,
15096,-9.0,,,,,,,,,,,,,,,,,,
15108,-8.0,,,,,,,,,,,,,,,,,,
15109,-6.0,,,,,,,,,,,,,,,,,,
15112,-8.0,,,,,,,,,,,,,,,,,,
15119,-6.0,,,,,,,,,,,,,,,,,,
15125,-9.0,,,,,,,,,,,,,,,,,,
15126,-9.0,,,,,,,,,,,,,,,,,,
15128,-9.0,,,,,,,,,,,,,,,,,,
15129,-6.0,,,,,,,,,,,,,,,,,,
15136,-5.0,,,,,,,,,,,,,,,,,,
15139,-5.0,,,,,,,,,,,,,,,,,,
15141,-7.0,,,,,,,,,,,,,,,,,,
15158,-6.0,,,,,,,,,,,,,,,,,,
15159,-8.0,,,,,,,,,,,,,,,,,,
15160,-9.0,,,,,,,,,,,,,,,,,,
15161,-15.0,,,,,,,,,,,,,,,,,,
15172,-8.0,,,,,,,,,,,,,,,,,,
15173,-11.0,,,,,,,,,,,,,,,,,,
15175,-7.0,,,,,,,,,,,,,,,,,,
15177,-8.0,,,,,,,,,,,,,,,,,,
15180,-6.0,,,,,,,,,,,,,,,,,,
15185,-6.0,,,,,,,,,,,,,,,,,,
15192,-5.0,,,,,,,,,,,,,,,,,,
15194,-8.0,,,,,,,,,,,,,,,,,,
15196,-9.0,,,,,,,,,,,,,,,,,,
15201,-8.0,,,,,,,,,,,,,,,,,,
15203,-6.0,,,,,,,,,,,,,,,,,,
15206,-6.0,,,,,,,,,,,,,,,,,,
15221,-6.0,,,,,,,,,,,,,,,,,,
15226,-4.0,,,,,,,,,,,,,,,,,,
15229,-6.0,,,,,,,,,,,,,,,,,,
15231,-10.0,,,,,,,,,,,,,,,,,,
15236,-5.0,,,,,,,,,,,,,,,,,,
15237,-12.0,,,,,,,,,,,,,,,,,,
15246,-7.0,,,,,,,,,,,,,,,,,,
15247,-6.0,,,,,,,,,,,,,,,,,,
15248,-6.0,,,,,,,,,,,,,,,,,,
15253,-8.0,,,,,,,,,,,,,,,,,,
15254,-4.0,,,,,,,,,,,,,,,,,,
15255,-7.0,,,,,,,,,,,,,,,,,,
15257,-8.0,,,,,,,,,,,,,,,,,,
15258,-7.0,,,,,,,,,,,,,,,,,,
15259,-8.0,,,,,,,,,,,,,,,,,,
15267,-8.0,,,,,,,,,,,,,,,,,,
15270,-6.0,,,,,,,,,,,,,,,,,,
15271,-6.0,,,,,,,,,,,,,,,,,,
15273,-8.0,,,,,,,,,,,,,,,,,,
15275,-9.0,,,,,,,,,,,,,,,,,,
15282,-8.0,,,,,,,,,,,,,,,,,,
15289,-5.0,,,,,,,,,,,,,,,,,,
15291,-9.0,,,,,,,,,,,,,,,,,,
15294,-9.0,,,,,,,,,,,,,,,,,,
15296,-8.0,,,,,,,,,,,,,,,,,,
15297,-6.0,,,,,,,,,,,,,,,,,,
15305,-10.0,,,,,,,,,,,,,,,,,,
15306,-4.0,,,,,,,,,,,,,,,,,,
15309,-4.0,,,,,,,,,,,,,,,,,,
15310,-9.0,,,,,,,,,,,,,,,,,,
15315,-8.0,,,,,,,,,,,,,,,,,,
15321,-6.0,,,,,,,,,,,,,,,,,,
15324,-8.0,,,,,,,,,,,,,,,,,,
15326,-8.0,,,,,,,,,,,,,,,,,,
15327,-7.0,,,,,,,,,,,,,,,,,,
15331,-6.0,,,,,,,,,,,,,,,,,,
15338,-6.0,,,,,,,,,,,,,,,,,,
15344,-9.0,,,,,,,,,,,,,,,,,,
15345,-6.0,,,,,,,,,,,,,,,,,,
15352,-8.0,,,,,,,,,,,,,,,,,,
15353,-4.0,,,,,,,,,,,,,,,,,,
15358,-6.0,,,,,,,,,,,,,,,,,,
15361,-9.0,,,,,,,,,,,,,,,,,,
15365,-6.0,,,,,,,,,,,,,,,,,,
15370,-4.0,,,,,,,,,,,,,,,,,,
15371,-10.0,,,,,,,,,,,,,,,,,,
15375,-8.0,,,,,,,,,,,,,,,,,,
15378,-4.0,,,,,,,,,,,,,,,,,,
15379,-13.0,,,,,,,,,,,,,,,,,,
15381,-8.0,,,,,,,,,,,,,,,,,,
15384,-7.0,,,,,,,,,,,,,,,,,,
15386,-6.0,,,,,,,,,,,,,,,,,,
15392,-6.0,,,,,,,,,,,,,,,,,,
15396,-6.0,,,,,,,,,,,,,,,,,,
15403,-8.0,,,,,,,,,,,,,,,,,,
15405,-7.0,,,,,,,,,,,,,,,,,,
15409,-9.0,,,,,,,,,,,,,,,,,,
15415,-10.0,,,,,,,,,,,,,,,,,,
15416,-8.0,,,,,,,,,,,,,,,,,,
15419,-7.0,,,,,,,,,,,,,,,,,,
15422,-4.0,,,,,,,,,,,,,,,,,,
15426,-9.0,,,,,,,,,,,,,,,,,,
15432,-6.0,,,,,,,,,,,,,,,,,,
15438,-8.0,,,,,,,,,,,,,,,,,,
15443,-9.0,,,,,,,,,,,,,,,,,,
15449,-7.0,,,,,,,,,,,,,,,,,,
15450,-12.0,,,,,,,,,,,,,,,,,,
15453,-9.0,,,,,,,,,,,,,,,,,,
15457,-6.0,,,,,,,,,,,,,,,,,,
15465,-6.0,,,,,,,,,,,,,,,,,,
15468,-9.0,,,,,,,,,,,,,,,,,,
15474,-8.0,,,,,,,,,,,,,,,,,,
15477,-5.0,,,,,,,,,,,,,,,,,,
15479,-4.0,,,,,,,,,,,,,,,,,,
15481,-10.0,,,,,,,,,,,,,,,,,,
15483,-8.0,,,,,,,,,,,,,,,,,,
15484,-6.0,,,,,,,,,,,,,,,,,,
15502,-8.0,,,,,,,,,,,,,,,,,,
15509,-4.0,,,,,,,,,,,,,,,,,,
15512,-6.0,,,,,,,,,,,,,,,,,,
15513,-6.0,,,,,,,,,,,,,,,,,,
15522,-9.0,,,,,,,,,,,,,,,,,,
15524,-10.0,,,,,,,,,,,,,,,,,,
15526,-8.0,,,,,,,,,,,,,,,,,,
15534,-6.0,,,,,,,,,,,,,,,,,,
15535,-4.0,,,,,,,,,,,,,,,,,,
15539,-9.0,,,,,,,,,,,,,,,,,,
15540,-6.0,,,,,,,,,,,,,,,,,,
15542,-13.0,,,,,,,,,,,,,,,,,,
15548,-9.0,,,,,,,,,,,,,,,,,,
15552,-5.0,,,,,,,,,,,,,,,,,,
15554,-6.0,,,,,,,,,,,,,,,,,,
15556,-6.0,,,,,,,,,,,,,,,,,,
15561,-4.0,,,,,,,,,,,,,,,,,,
15562,-8.0,,,,,,,,,,,,,,,,,,
15564,-6.0,,,,,,,,,,,,,,,,,,
15571,-7.0,,,,,,,,,,,,,,,,,,
15575,-6.0,,,,,,,,,,,,,,,,,,
15576,-8.0,,,,,,,,,,,,,,,,,,
15577,-4.0,,,,,,,,,,,,,,,,,,
15583,-6.0,,,,,,,,,,,,,,,,,,
15584,-8.0,,,,,,,,,,,,,,,,,,
15594,-7.0,,,,,,,,,,,,,,,,,,
15610,-8.0,,,,,,,,,,,,,,,,,,
15615,-6.0,,,,,,,,,,,,,,,,,,
15632,-6.0,,,,,,,,,,,,,,,,,,
15639,-9.0,,,,,,,,,,,,,,,,,,
15644,-4.0,,,,,,,,,,,,,,,,,,
15655,-16.0,,,,,,,,,,,,,,,,,,
15660,-8.0,,,,,,,,,,,,,,,,,,
15666,-6.0,,,,,,,,,,,,,,,,,,
15671,-6.0,,,,,,,,,,,,,,,,,,
15677,-9.0,,,,,,,,,,,,,,,,,,
15683,-7.0,,,,,,,,,,,,,,,,,,
15687,-6.0,,,,,,,,,,,,,,,,,,
15689,-9.0,,,,,,,,,,,,,,,,,,
15701,-6.0,,,,,,,,,,,,,,,,,,
15706,-14.0,,,,,,,,,,,,,,,,,,
15708,-6.0,,,,,,,,,,,,,,,,,,
15711,-9.0,,,,,,,,,,,,,,,,,,
15716,-6.0,,,,,,,,,,,,,,,,,,
15717,-9.0,,,,,,,,,,,,,,,,,,
15724,-4.0,,,,,,,,,,,,,,,,,,
15726,-6.0,,,,,,,,,,,,,,,,,,
15728,-6.0,,,,,,,,,,,,,,,,,,
15737,-5.0,,,,,,,,,,,,,,,,,,
15749,-6.0,,,,,,,,,,,,,,,,,,
15755,-6.0,,,,,,,,,,,,,,,,,,
15756,-6.0,,,,,,,,,,,,,,,,,,
15757,-6.0,,,,,,,,,,,,,,,,,,
15759,-6.0,,,,,,,,,,,,,,,,,,
15762,-8.0,,,,,,,,,,,,,,,,,,
15772,-7.0,,,,,,,,,,,,,,,,,,
15777,-9.0,,,,,,,,,,,,,,,,,,
15783,-6.0,,,,,,,,,,,,,,,,,,
15789,-7.0,,,,,,,,,,,,,,,,,,
15791,-13.0,,,,,,,,,,,,,,,,,,
15792,-8.0,,,,,,,,,,,,,,,,,,
15796,-8.0,,,,,,,,,,,,,,,,,,
15801,-6.0,,,,,,,,,,,,,,,,,,
15802,-9.0,,,,,,,,,,,,,,,,,,
15809,-6.0,,,,,,,,,,,,,,,,,,
15812,-6.0,,,,,,,,,,,,,,,,,,
15819,-6.0,,,,,,,,,,,,,,,,,,
15824,-5.0,,,,,,,,,,,,,,,,,,
15826,-8.0,,,,,,,,,,,,,,,,,,
15838,-9.0,,,,,,,,,,,,,,,,,,
15841,-6.0,,,,,,,,,,,,,,,,,,
15842,-6.0,,,,,,,,,,,,,,,,,,
15844,-10.0,,,,,,,,,,,,,,,,,,
15850,-6.0,,,,,,,,,,,,,,,,,,
15854,-7.0,,,,,,,,,,,,,,,,,,
15856,-6.0,,,,,,,,,,,,,,,,,,
15859,-6.0,,,,,,,,,,,,,,,,,,
15863,-8.0,,,,,,,,,,,,,,,,,,
15866,-6.0,,,,,,,,,,,,,,,,,,
15867,-6.0,,,,,,,,,,,,,,,,,,
15871,-7.0,,,,,,,,,,,,,,,,,,
15888,-7.0,,,,,,,,,,,,,,,,,,
15890,-6.0,,,,,,,,,,,,,,,,,,
15894,-8.0,,,,,,,,,,,,,,,,,,
15896,-6.0,,,,,,,,,,,,,,,,,,
15898,-5.0,,,,,,,,,,,,,,,,,,
15900,-8.0,,,,,,,,,,,,,,,,,,
15908,-10.0,,,,,,,,,,,,,,,,,,
15910,-9.0,,,,,,,,,,,,,,,,,,
15913,-5.0,,,,,,,,,,,,,,,,,,
15921,-8.0,,,,,,,,,,,,,,,,,,
15926,-6.0,,,,,,,,,,,,,,,,,,
15931,-8.0,,,,,,,,,,,,,,,,,,
15932,-6.0,,,,,,,,,,,,,,,,,,
15935,-6.0,,,,,,,,,,,,,,,,,,
15937,-6.0,,,,,,,,,,,,,,,,,,
15950,-6.0,,,,,,,,,,,,,,,,,,
15951,-10.0,,,,,,,,,,,,,,,,,,
15955,-6.0,,,,,,,,,,,,,,,,,,
15961,-9.0,,,,,,,,,,,,,,,,,,
15968,-9.0,,,,,,,,,,,,,,,,,,
15970,-6.0,,,,,,,,,,,,,,,,,,
15974,-7.0,,,,,,,,,,,,,,,,,,
15985,-4.0,,,,,,,,,,,,,,,,,,
15988,-7.0,,,,,,,,,,,,,,,,,,
15991,-13.0,,,,,,,,,,,,,,,,,,
15992,-6.0,,,,,,,,,,,,,,,,,,
15995,-9.0,,,,,,,,,,,,,,,,,,
15997,-10.0,,,,,,,,,,,,,,,,,,
16006,-7.0,,,,,,,,,,,,,,,,,,
16007,-6.0,,,,,,,,,,,,,,,,,,
16008,-6.0,,,,,,,,,,,,,,,,,,
16009,-8.0,,,,,,,,,,,,,,,,,,
16013,-8.0,,,,,,,,,,,,,,,,,,
16022,-7.0,,,,,,,,,,,,,,,,,,
16024,-7.0,,,,,,,,,,,,,,,,,,
16025,-6.0,,,,,,,,,,,,,,,,,,
16027,-4.0,,,,,,,,,,,,,,,,,,
16035,-8.0,,,,,,,,,,,,,,,,,,
16038,-8.0,,,,,,,,,,,,,,,,,,
16039,-5.0,,,,,,,,,,,,,,,,,,
16040,-6.0,,,,,,,,,,,,,,,,,,
16049,-6.0,,,,,,,,,,,,,,,,,,
16053,-6.0,,,,,,,,,,,,,,,,,,
16055,-6.0,,,,,,,,,,,,,,,,,,
16060,-4.0,,,,,,,,,,,,,,,,,,
16061,-6.0,,,,,,,,,,,,,,,,,,
16064,-6.0,,,,,,,,,,,,,,,,,,
16089,-6.0,,,,,,,,,,,,,,,,,,
16090,-14.0,,,,,,,,,,,,,,,,,,
16092,-6.0,,,,,,,,,,,,,,,,,,
16093,-18.0,,,,,,,,,,,,,,,,,,
16096,-6.0,,,,,,,,,,,,,,,,,,
16108,-8.0,,,,,,,,,,,,,,,,,,
16109,-6.0,,,,,,,,,,,,,,,,,,
16111,-4.0,,,,,,,,,,,,,,,,,,
16121,-8.0,,,,,,,,,,,,,,,,,,
16124,-8.0,,,,,,,,,,,,,,,,,,
16125,-10.0,,,,,,,,,,,,,,,,,,
16128,-7.0,,,,,,,,,,,,,,,,,,
16134,-7.0,,,,,,,,,,,,,,,,,,
16135,-6.0,,,,,,,,,,,,,,,,,,
16138,-9.0,,,,,,,,,,,,,,,,,,
16142,-8.0,,,,,,,,,,,,,,,,,,
16148,-6.0,,,,,,,,,,,,,,,,,,
16149,-6.0,,,,,,,,,,,,,,,,,,
16150,-4.0,,,,,,,,,,,,,,,,,,
16154,-7.0,,,,,,,,,,,,,,,,,,
16157,-4.0,,,,,,,,,,,,,,,,,,
16159,-4.0,,,,,,,,,,,,,,,,,,
16160,-6.0,,,,,,,,,,,,,,,,,,
16161,-8.0,,,,,,,,,,,,,,,,,,
16167,-8.0,,,,,,,,,,,,,,,,,,
16169,-6.0,,,,,,,,,,,,,,,,,,
16174,-7.0,,,,,,,,,,,,,,,,,,
16184,-13.0,,,,,,,,,,,,,,,,,,
16186,-8.0,,,,,,,,,,,,,,,,,,
16189,-6.0,,,,,,,,,,,,,,,,,,
16196,-6.0,,,,,,,,,,,,,,,,,,
16199,-4.0,,,,,,,,,,,,,,,,,,
16201,-6.0,,,,,,,,,,,,,,,,,,
16202,-6.0,,,,,,,,,,,,,,,,,,
16204,-9.0,,,,,,,,,,,,,,,,,,
16207,-13.0,,,,,,,,,,,,,,,,,,
16209,-4.0,,,,,,,,,,,,,,,,,,
16219,-8.0,,,,,,,,,,,,,,,,,,
16222,-6.0,,,,,,,,,,,,,,,,,,
16229,-7.0,,,,,,,,,,,,,,,,,,
16230,-6.0,,,,,,,,,,,,,,,,,,
16235,-6.0,,,,,,,,,,,,,,,,,,
16239,-6.0,,,,,,,,,,,,,,,,,,
16243,-4.0,,,,,,,,,,,,,,,,,,
16246,-6.0,,,,,,,,,,,,,,,,,,
16250,-9.0,,,,,,,,,,,,,,,,,,
16251,-8.0,,,,,,,,,,,,,,,,,,
16256,-9.0,,,,,,,,,,,,,,,,,,
16257,-8.0,,,,,,,,,,,,,,,,,,
16261,-8.0,,,,,,,,,,,,,,,,,,
16267,-6.0,,,,,,,,,,,,,,,,,,
16274,-7.0,,,,,,,,,,,,,,,,,,
16275,-6.0,,,,,,,,,,,,,,,,,,
16278,-8.0,,,,,,,,,,,,,,,,,,
16284,-7.0,,,,,,,,,,,,,,,,,,
16285,-6.0,,,,,,,,,,,,,,,,,,
16287,-4.0,,,,,,,,,,,,,,,,,,
16288,-6.0,,,,,,,,,,,,,,,,,,
16291,-7.0,,,,,,,,,,,,,,,,,,
16293,-4.0,,,,,,,,,,,,,,,,,,
16298,-10.0,,,,,,,,,,,,,,,,,,
16300,-5.0,,,,,,,,,,,,,,,,,,
16312,-7.0,,,,,,,,,,,,,,,,,,
16315,-4.0,,,,,,,,,,,,,,,,,,
16317,-9.0,,,,,,,,,,,,,,,,,,
16328,-4.0,,,,,,,,,,,,,,,,,,
16334,-8.0,,,,,,,,,,,,,,,,,,
16339,-8.0,,,,,,,,,,,,,,,,,,
16346,-6.0,,,,,,,,,,,,,,,,,,
16349,-18.0,,,,,,,,,,,,,,,,,,
16352,-7.0,,,,,,,,,,,,,,,,,,
16353,-7.0,,,,,,,,,,,,,,,,,,
16357,-6.0,,,,,,,,,,,,,,,,,,
16371,-6.0,,,,,,,,,,,,,,,,,,
16372,-6.0,,,,,,,,,,,,,,,,,,
16377,-6.0,,,,,,,,,,,,,,,,,,
16378,-10.0,,,,,,,,,,,,,,,,,,
16379,-13.0,,,,,,,,,,,,,,,,,,
16380,-7.0,,,,,,,,,,,,,,,,,,
16391,-8.0,,,,,,,,,,,,,,,,,,
16392,-6.0,,,,,,,,,,,,,,,,,,
16395,-9.0,,,,,,,,,,,,,,,,,,
16397,-6.0,,,,,,,,,,,,,,,,,,
16398,-6.0,,,,,,,,,,,,,,,,,,
16402,-7.0,,,,,,,,,,,,,,,,,,
16403,-4.0,,,,,,,,,,,,,,,,,,
16408,-6.0,,,,,,,,,,,,,,,,,,
16411,-6.0,,,,,,,,,,,,,,,,,,
16413,-5.0,,,,,,,,,,,,,,,,,,
16419,-6.0,,,,,,,,,,,,,,,,,,
16425,-9.0,,,,,,,,,,,,,,,,,,
16426,-7.0,,,,,,,,,,,,,,,,,,
16436,-6.0,,,,,,,,,,,,,,,,,,
16438,-9.0,,,,,,,,,,,,,,,,,,
16442,-6.0,,,,,,,,,,,,,,,,,,
16443,-6.0,,,,,,,,,,,,,,,,,,
16444,-9.0,,,,,,,,,,,,,,,,,,
16448,-9.0,,,,,,,,,,,,,,,,,,
16456,-6.0,,,,,,,,,,,,,,,,,,
16457,-9.0,,,,,,,,,,,,,,,,,,
16458,-5.0,,,,,,,,,,,,,,,,,,
16461,-6.0,,,,,,,,,,,,,,,,,,
16463,-6.0,,,,,,,,,,,,,,,,,,
16466,-6.0,,,,,,,,,,,,,,,,,,
16473,-11.0,,,,,,,,,,,,,,,,,,
16474,-4.0,,,,,,,,,,,,,,,,,,
16480,-6.0,,,,,,,,,,,,,,,,,,
16484,-5.0,,,,,,,,,,,,,,,,,,
16486,-6.0,,,,,,,,,,,,,,,,,,
16489,-9.0,,,,,,,,,,,,,,,,,,
16494,-11.0,,,,,,,,,,,,,,,,,,
16499,-5.0,,,,,,,,,,,,,,,,,,
16509,-7.0,,,,,,,,,,,,,,,,,,
16515,-6.0,,,,,,,,,,,,,,,,,,
16517,-6.0,,,,,,,,,,,,,,,,,,
16520,-7.0,,,,,,,,,,,,,,,,,,
16536,-4.0,,,,,,,,,,,,,,,,,,
16546,-5.0,,,,,,,,,,,,,,,,,,
16547,-8.0,,,,,,,,,,,,,,,,,,
16548,-6.0,,,,,,,,,,,,,,,,,,
16550,-9.0,,,,,,,,,,,,,,,,,,
16553,-10.0,,,,,,,,,,,,,,,,,,
16560,-14.0,,,,,,,,,,,,,,,,,,
16564,-8.0,,,,,,,,,,,,,,,,,,
16565,-4.0,,,,,,,,,,,,,,,,,,
16567,-6.0,,,,,,,,,,,,,,,,,,
16571,-6.0,,,,,,,,,,,,,,,,,,
16574,-9.0,,,,,,,,,,,,,,,,,,
16576,-4.0,,,,,,,,,,,,,,,,,,
16584,-8.0,,,,,,,,,,,,,,,,,,
16585,-4.0,,,,,,,,,,,,,,,,,,
16588,-6.0,,,,,,,,,,,,,,,,,,
16596,-7.0,,,,,,,,,,,,,,,,,,
16602,-6.0,,,,,,,,,,,,,,,,,,
16610,-4.0,,,,,,,,,,,,,,,,,,
16611,-4.0,,,,,,,,,,,,,,,,,,
16617,-6.0,,,,,,,,,,,,,,,,,,
16619,-4.0,,,,,,,,,,,,,,,,,,
16625,-8.0,,,,,,,,,,,,,,,,,,
16627,-8.0,,,,,,,,,,,,,,,,,,
16637,-4.0,,,,,,,,,,,,,,,,,,
16641,-4.0,,,,,,,,,,,,,,,,,,
16644,-8.0,,,,,,,,,,,,,,,,,,
16646,-5.0,,,,,,,,,,,,,,,,,,
16648,-8.0,,,,,,,,,,,,,,,,,,
16649,-8.0,,,,,,,,,,,,,,,,,,
16653,-11.0,,,,,,,,,,,,,,,,,,
16661,-7.0,,,,,,,,,,,,,,,,,,
16662,-6.0,,,,,,,,,,,,,,,,,,
16665,-7.0,,,,,,,,,,,,,,,,,,
16666,-4.0,,,,,,,,,,,,,,,,,,
16668,-7.0,,,,,,,,,,,,,,,,,,
16669,-4.0,,,,,,,,,,,,,,,,,,
16678,-6.0,,,,,,,,,,,,,,,,,,
16679,-6.0,,,,,,,,,,,,,,,,,,
16684,-4.0,,,,,,,,,,,,,,,,,,
16686,-4.0,,,,,,,,,,,,,,,,,,
16697,-8.0,,,,,,,,,,,,,,,,,,
16699,-5.0,,,,,,,,,,,,,,,,,,
16710,-6.0,,,,,,,,,,,,,,,,,,
16711,-6.0,,,,,,,,,,,,,,,,,,
16717,-7.0,,,,,,,,,,,,,,,,,,
16725,-6.0,,,,,,,,,,,,,,,,,,
16735,-7.0,,,,,,,,,,,,,,,,,,
16736,-6.0,,,,,,,,,,,,,,,,,,
16740,-4.0,,,,,,,,,,,,,,,,,,
16749,-6.0,,,,,,,,,,,,,,,,,,
16752,-6.0,,,,,,,,,,,,,,,,,,
16753,-9.0,,,,,,,,,,,,,,,,,,
16754,-7.0,,,,,,,,,,,,,,,,,,
16757,-9.0,,,,,,,,,,,,,,,,,,
16758,-4.0,,,,,,,,,,,,,,,,,,
16761,-10.0,,,,,,,,,,,,,,,,,,
16764,-5.0,,,,,,,,,,,,,,,,,,
16770,-4.0,,,,,,,,,,,,,,,,,,
16772,-6.0,,,,,,,,,,,,,,,,,,
16776,-13.0,,,,,,,,,,,,,,,,,,
16781,-6.0,,,,,,,,,,,,,,,,,,
16786,-8.0,,,,,,,,,,,,,,,,,,
16787,-6.0,,,,,,,,,,,,,,,,,,
16791,-9.0,,,,,,,,,,,,,,,,,,
16793,-7.0,,,,,,,,,,,,,,,,,,
16796,-5.0,,,,,,,,,,,,,,,,,,
16797,-6.0,,,,,,,,,,,,,,,,,,
16801,-6.0,,,,,,,,,,,,,,,,,,
16802,-4.0,,,,,,,,,,,,,,,,,,
16804,-8.0,,,,,,,,,,,,,,,,,,
16805,-6.0,,,,,,,,,,,,,,,,,,
16808,-4.0,,,,,,,,,,,,,,,,,,
16812,-8.0,,,,,,,,,,,,,,,,,,
16813,-13.0,,,,,,,,,,,,,,,,,,
16826,-6.0,,,,,,,,,,,,,,,,,,
16834,-5.0,,,,,,,,,,,,,,,,,,
16838,-5.0,,,,,,,,,,,,,,,,,,
16843,-8.0,,,,,,,,,,,,,,,,,,
16844,-6.0,,,,,,,,,,,,,,,,,,
16850,-5.0,,,,,,,,,,,,,,,,,,
16851,-4.0,,,,,,,,,,,,,,,,,,
16860,-7.0,,,,,,,,,,,,,,,,,,
16863,-4.0,,,,,,,,,,,,,,,,,,
16871,-5.0,,,,,,,,,,,,,,,,,,
16872,-6.0,,,,,,,,,,,,,,,,,,
16873,-10.0,,,,,,,,,,,,,,,,,,
16881,-7.0,,,,,,,,,,,,,,,,,,
16882,-7.0,,,,,,,,,,,,,,,,,,
16889,-8.0,,,,,,,,,,,,,,,,,,
16892,-6.0,,,,,,,,,,,,,,,,,,
16896,-9.0,,,,,,,,,,,,,,,,,,
16899,-7.0,,,,,,,,,,,,,,,,,,
16901,-6.0,,,,,,,,,,,,,,,,,,
16909,-4.0,,,,,,,,,,,,,,,,,,
16911,-9.0,,,,,,,,,,,,,,,,,,
16916,-7.0,,,,,,,,,,,,,,,,,,
16919,-6.0,,,,,,,,,,,,,,,,,,
16920,-5.0,,,,,,,,,,,,,,,,,,
16922,-5.0,,,,,,,,,,,,,,,,,,
16923,-6.0,,,,,,,,,,,,,,,,,,
16926,-7.0,,,,,,,,,,,,,,,,,,
16929,-7.0,,,,,,,,,,,,,,,,,,
16934,-13.0,,,,,,,,,,,,,,,,,,
16939,-8.0,,,,,,,,,,,,,,,,,,
16945,-4.0,,,,,,,,,,,,,,,,,,
16946,-4.0,,,,,,,,,,,,,,,,,,
16955,-6.0,,,,,,,,,,,,,,,,,,
16957,-7.0,,,,,,,,,,,,,,,,,,
16961,-6.0,,,,,,,,,,,,,,,,,,
16962,-5.0,,,,,,,,,,,,,,,,,,
16967,-5.0,,,,,,,,,,,,,,,,,,
16970,-7.0,,,,,,,,,,,,,,,,,,
16974,-6.0,,,,,,,,,,,,,,,,,,
16977,-4.0,,,,,,,,,,,,,,,,,,
16978,-10.0,,,,,,,,,,,,,,,,,,
16983,-6.0,,,,,,,,,,,,,,,,,,
16986,-6.0,,,,,,,,,,,,,,,,,,
16990,-4.0,,,,,,,,,,,,,,,,,,
16992,-7.0,,,,,,,,,,,,,,,,,,
16998,-6.0,,,,,,,,,,,,,,,,,,
17001,-5.0,,,,,,,,,,,,,,,,,,
17003,-7.0,,,,,,,,,,,,,,,,,,
17005,-9.0,,,,,,,,,,,,,,,,,,
17008,-4.0,,,,,,,,,,,,,,,,,,
17010,-6.0,,,,,,,,,,,,,,,,,,
17013,-6.0,,,,,,,,,,,,,,,,,,
17015,-6.0,,,,,,,,,,,,,,,,,,
17016,-8.0,,,,,,,,,,,,,,,,,,
17018,-8.0,,,,,,,,,,,,,,,,,,
17025,-5.0,,,,,,,,,,,,,,,,,,
17033,-4.0,,,,,,,,,,,,,,,,,,
17034,-6.0,,,,,,,,,,,,,,,,,,
17039,-6.0,,,,,,,,,,,,,,,,,,
17040,-4.0,,,,,,,,,,,,,,,,,,
17044,-8.0,,,,,,,,,,,,,,,,,,
17045,-6.0,,,,,,,,,,,,,,,,,,
17052,-6.0,,,,,,,,,,,,,,,,,,
17053,-4.0,,,,,,,,,,,,,,,,,,
17060,-6.0,,,,,,,,,,,,,,,,,,
17082,-6.0,,,,,,,,,,,,,,,,,,
17083,-6.0,,,,,,,,,,,,,,,,,,
17086,-7.0,,,,,,,,,,,,,,,,,,
17087,-6.0,,,,,,,,,,,,,,,,,,
17088,-6.0,,,,,,,,,,,,,,,,,,
17089,-5.0,,,,,,,,,,,,,,,,,,
17092,-6.0,,,,,,,,,,,,,,,,,,
17094,-6.0,,,,,,,,,,,,,,,,,,
17097,-4.0,,,,,,,,,,,,,,,,,,
17103,-6.0,,,,,,,,,,,,,,,,,,
17108,-5.0,,,,,,,,,,,,,,,,,,
17114,-6.0,,,,,,,,,,,,,,,,,,
17115,-4.0,,,,,,,,,,,,,,,,,,
17116,-13.0,,,,,,,,,,,,,,,,,,
17121,-7.0,,,,,,,,,,,,,,,,,,
17123,-8.0,,,,,,,,,,,,,,,,,,
17133,-7.0,,,,,,,,,,,,,,,,,,
17139,-6.0,,,,,,,,,,,,,,,,,,
17140,-6.0,,,,,,,,,,,,,,,,,,
17143,-9.0,,,,,,,,,,,,,,,,,,
17147,-7.0,,,,,,,,,,,,,,,,,,
17166,-4.0,,,,,,,,,,,,,,,,,,
17168,-9.0,,,,,,,,,,,,,,,,,,
17170,-4.0,,,,,,,,,,,,,,,,,,
17172,-7.0,,,,,,,,,,,,,,,,,,
17176,-7.0,,,,,,,,,,,,,,,,,,
17179,-6.0,,,,,,,,,,,,,,,,,,
17189,-8.0,,,,,,,,,,,,,,,,,,
17190,-6.0,,,,,,,,,,,,,,,,,,
17191,-6.0,,,,,,,,,,,,,,,,,,
17197,-13.0,,,,,,,,,,,,,,,,,,
17198,-6.0,,,,,,,,,,,,,,,,,,
17199,-6.0,,,,,,,,,,,,,,,,,,
17203,-4.0,,,,,,,,,,,,,,,,,,
17205,-7.0,,,,,,,,,,,,,,,,,,
17207,-6.0,,,,,,,,,,,,,,,,,,
17222,-6.0,,,,,,,,,,,,,,,,,,
17232,-6.0,,,,,,,,,,,,,,,,,,
17238,-6.0,,,,,,,,,,,,,,,,,,
17241,-4.0,,,,,,,,,,,,,,,,,,
17248,-5.0,,,,,,,,,,,,,,,,,,
17251,-7.0,,,,,,,,,,,,,,,,,,
17253,-7.0,,,,,,,,,,,,,,,,,,
17256,-6.0,,,,,,,,,,,,,,,,,,
17259,-4.0,,,,,,,,,,,,,,,,,,
17267,-11.0,,,,,,,,,,,,,,,,,,
17274,-9.0,,,,,,,,,,,,,,,,,,
17277,-8.0,,,,,,,,,,,,,,,,,,
17286,-6.0,,,,,,,,,,,,,,,,,,
17289,-8.0,,,,,,,,,,,,,,,,,,
17302,-6.0,,,,,,,,,,,,,,,,,,
17313,-5.0,,,,,,,,,,,,,,,,,,
17316,-6.0,,,,,,,,,,,,,,,,,,
17322,-6.0,,,,,,,,,,,,,,,,,,
17327,-4.0,,,,,,,,,,,,,,,,,,
17328,-7.0,,,,,,,,,,,,,,,,,,
17338,-6.0,,,,,,,,,,,,,,,,,,
17344,-8.0,,,,,,,,,,,,,,,,,,
17345,-8.0,,,,,,,,,,,,,,,,,,
17357,-6.0,,,,,,,,,,,,,,,,,,
17361,-17.0,,,,,,,,,,,,,,,,,,
17364,-8.0,,,,,,,,,,,,,,,,,,
17366,-4.0,,,,,,,,,,,,,,,,,,
17368,-5.0,,,,,,,,,,,,,,,,,,
17380,-7.0,,,,,,,,,,,,,,,,,,
17393,-6.0,,,,,,,,,,,,,,,,,,
17395,-6.0,,,,,,,,,,,,,,,,,,
17397,-17.0,,,,,,,,,,,,,,,,,,
17398,-4.0,,,,,,,,,,,,,,,,,,
17399,-4.0,,,,,,,,,,,,,,,,,,
17400,-7.0,,,,,,,,,,,,,,,,,,
17410,-8.0,,,,,,,,,,,,,,,,,,
17417,-6.0,,,,,,,,,,,,,,,,,,
17421,-5.0,,,,,,,,,,,,,,,,,,
17425,-4.0,,,,,,,,,,,,,,,,,,
17435,-9.0,,,,,,,,,,,,,,,,,,
17437,-6.0,,,,,,,,,,,,,,,,,,
17444,-8.0,,,,,,,,,,,,,,,,,,
17446,-6.0,,,,,,,,,,,,,,,,,,
17465,-5.0,,,,,,,,,,,,,,,,,,
17478,-4.0,,,,,,,,,,,,,,,,,,
17485,-6.0,,,,,,,,,,,,,,,,,,
17492,-4.0,,,,,,,,,,,,,,,,,,
17495,-11.0,,,,,,,,,,,,,,,,,,
17496,-6.0,,,,,,,,,,,,,,,,,,
17506,-4.0,,,,,,,,,,,,,,,,,,
17508,-4.0,,,,,,,,,,,,,,,,,,
17511,-6.0,,,,,,,,,,,,,,,,,,
17514,-6.0,,,,,,,,,,,,,,,,,,
17520,-6.0,,,,,,,,,,,,,,,,,,
17528,-7.0,,,,,,,,,,,,,,,,,,
17534,-6.0,,,,,,,,,,,,,,,,,,
17536,-9.0,,,,,,,,,,,,,,,,,,
17537,-6.0,,,,,,,,,,,,,,,,,,
17540,-9.0,,,,,,,,,,,,,,,,,,
17544,-6.0,,,,,,,,,,,,,,,,,,
17546,-6.0,,,,,,,,,,,,,,,,,,
17550,-6.0,,,,,,,,,,,,,,,,,,
17555,-8.0,,,,,,,,,,,,,,,,,,
17558,-8.0,,,,,,,,,,,,,,,,,,
17559,-4.0,,,,,,,,,,,,,,,,,,
17561,-9.0,,,,,,,,,,,,,,,,,,
17562,-6.0,,,,,,,,,,,,,,,,,,
17563,-9.0,,,,,,,,,,,,,,,,,,
17568,-4.0,,,,,,,,,,,,,,,,,,
17570,-4.0,,,,,,,,,,,,,,,,,,
17576,-4.0,,,,,,,,,,,,,,,,,,
17577,-6.0,,,,,,,,,,,,,,,,,,
17585,-9.0,,,,,,,,,,,,,,,,,,
17586,-6.0,,,,,,,,,,,,,,,,,,
17596,-7.0,,,,,,,,,,,,,,,,,,
17599,-7.0,,,,,,,,,,,,,,,,,,
17613,-4.0,,,,,,,,,,,,,,,,,,
17614,-4.0,,,,,,,,,,,,,,,,,,
17617,-4.0,,,,,,,,,,,,,,,,,,
17621,-4.0,,,,,,,,,,,,,,,,,,
17625,-4.0,,,,,,,,,,,,,,,,,,
17626,-7.0,,,,,,,,,,,,,,,,,,
17627,-4.0,,,,,,,,,,,,,,,,,,
17630,-4.0,,,,,,,,,,,,,,,,,,
17632,-4.0,,,,,,,,,,,,,,,,,,
17642,-5.0,,,,,,,,,,,,,,,,,,
17643,-8.0,,,,,,,,,,,,,,,,,,
17648,-6.0,,,,,,,,,,,,,,,,,,
17651,-4.0,,,,,,,,,,,,,,,,,,
17655,-6.0,,,,,,,,,,,,,,,,,,
17659,-4.0,,,,,,,,,,,,,,,,,,
17664,-5.0,,,,,,,,,,,,,,,,,,
17667,-7.0,,,,,,,,,,,,,,,,,,
17672,-4.0,,,,,,,,,,,,,,,,,,
17675,-10.0,,,,,,,,,,,,,,,,,,
17679,-10.0,,,,,,,,,,,,,,,,,,
17680,-4.0,,,,,,,,,,,,,,,,,,
17681,-6.0,,,,,,,,,,,,,,,,,,
17684,-9.0,,,,,,,,,,,,,,,,,,
17686,-4.0,,,,,,,,,,,,,,,,,,
17689,-8.0,,,,,,,,,,,,,,,,,,
17691,-4.0,,,,,,,,,,,,,,,,,,
17692,-6.0,,,,,,,,,,,,,,,,,,
17697,-6.0,,,,,,,,,,,,,,,,,,
17698,-7.0,,,,,,,,,,,,,,,,,,
17704,-4.0,,,,,,,,,,,,,,,,,,
17705,-9.0,,,,,,,,,,,,,,,,,,
17706,-8.0,,,,,,,,,,,,,,,,,,
17710,-4.0,,,,,,,,,,,,,,,,,,
17715,-6.0,,,,,,,,,,,,,,,,,,
17724,-5.0,,,,,,,,,,,,,,,,,,
17726,-6.0,,,,,,,,,,,,,,,,,,
17732,-4.0,,,,,,,,,,,,,,,,,,
17738,-6.0,,,,,,,,,,,,,,,,,,
17744,-6.0,,,,,,,,,,,,,,,,,,
17747,-7.0,,,,,,,,,,,,,,,,,,
17753,-4.0,,,,,,,,,,,,,,,,,,
17754,-6.0,,,,,,,,,,,,,,,,,,
17758,-4.0,,,,,,,,,,,,,,,,,,
17763,-6.0,,,,,,,,,,,,,,,,,,
17765,-10.0,,,,,,,,,,,,,,,,,,
17778,-4.0,,,,,,,,,,,,,,,,,,
17784,-6.0,,,,,,,,,,,,,,,,,,
17793,-6.0,,,,,,,,,,,,,,,,,,
17810,-7.0,,,,,,,,,,,,,,,,,,
17811,-6.0,,,,,,,,,,,,,,,,,,
17817,-7.0,,,,,,,,,,,,,,,,,,
17820,-7.0,,,,,,,,,,,,,,,,,,
17822,-6.0,,,,,,,,,,,,,,,,,,
17824,-9.0,,,,,,,,,,,,,,,,,,
17831,-9.0,,,,,,,,,,,,,,,,,,
17832,-5.0,,,,,,,,,,,,,,,,,,
17834,-6.0,,,,,,,,,,,,,,,,,,
17837,-6.0,,,,,,,,,,,,,,,,,,
17838,-9.0,,,,,,,,,,,,,,,,,,
17839,-6.0,,,,,,,,,,,,,,,,,,
17841,-6.0,,,,,,,,,,,,,,,,,,
17850,-5.0,,,,,,,,,,,,,,,,,,
17851,-9.0,,,,,,,,,,,,,,,,,,
17866,-6.0,,,,,,,,,,,,,,,,,,
17868,-8.0,,,,,,,,,,,,,,,,,,
17869,-9.0,,,,,,,,,,,,,,,,,,
17871,-6.0,,,,,,,,,,,,,,,,,,
17872,-4.0,,,,,,,,,,,,,,,,,,
17876,-6.0,,,,,,,,,,,,,,,,,,
17877,-7.0,,,,,,,,,,,,,,,,,,
17884,-6.0,,,,,,,,,,,,,,,,,,
17888,-9.0,,,,,,,,,,,,,,,,,,
17895,-6.0,,,,,,,,,,,,,,,,,,
17897,-8.0,,,,,,,,,,,,,,,,,,
17901,-8.0,,,,,,,,,,,,,,,,,,
17907,-6.0,,,,,,,,,,,,,,,,,,
17916,-8.0,,,,,,,,,,,,,,,,,,
17918,-6.0,,,,,,,,,,,,,,,,,,
17920,-9.0,,,,,,,,,,,,,,,,,,
17922,-8.0,,,,,,,,,,,,,,,,,,
17925,-7.0,,,,,,,,,,,,,,,,,,
17926,-4.0,,,,,,,,,,,,,,,,,,
17931,-8.0,,,,,,,,,,,,,,,,,,
17941,-6.0,,,,,,,,,,,,,,,,,,
17942,-6.0,,,,,,,,,,,,,,,,,,
17950,-6.0,,,,,,,,,,,,,,,,,,
17952,-6.0,,,,,,,,,,,,,,,,,,
17953,-7.0,,,,,,,,,,,,,,,,,,
17956,-7.0,,,,,,,,,,,,,,,,,,
17964,-6.0,,,,,,,,,,,,,,,,,,
17966,-6.0,,,,,,,,,,,,,,,,,,
17967,-5.0,,,,,,,,,,,,,,,,,,
17968,-6.0,,,,,,,,,,,,,,,,,,
17972,-4.0,,,,,,,,,,,,,,,,,,
17976,-5.0,,,,,,,,,,,,,,,,,,
17977,-6.0,,,,,,,,,,,,,,,,,,
17984,-6.0,,,,,,,,,,,,,,,,,,
17994,-4.0,,,,,,,,,,,,,,,,,,
17998,-6.0,,,,,,,,,,,,,,,,,,
18000,-8.0,,,,,,,,,,,,,,,,,,
18002,-4.0,,,,,,,,,,,,,,,,,,
18007,-6.0,,,,,,,,,,,,,,,,,,
18012,-4.0,,,,,,,,,,,,,,,,,,
18014,-7.0,,,,,,,,,,,,,,,,,,
18016,-6.0,,,,,,,,,,,,,,,,,,
18025,-7.0,,,,,,,,,,,,,,,,,,
18026,-6.0,,,,,,,,,,,,,,,,,,
18028,-4.0,,,,,,,,,,,,,,,,,,
18034,-9.0,,,,,,,,,,,,,,,,,,
18036,-5.0,,,,,,,,,,,,,,,,,,
18041,-5.0,,,,,,,,,,,,,,,,,,
18042,-9.0,,,,,,,,,,,,,,,,,,
18049,-8.0,,,,,,,,,,,,,,,,,,
18056,-6.0,,,,,,,,,,,,,,,,,,
18057,-8.0,,,,,,,,,,,,,,,,,,
18060,-5.0,,,,,,,,,,,,,,,,,,
18062,-7.0,,,,,,,,,,,,,,,,,,
18068,-8.0,,,,,,,,,,,,,,,,,,
18073,-6.0,,,,,,,,,,,,,,,,,,
18074,-4.0,,,,,,,,,,,,,,,,,,
18086,-8.0,,,,,,,,,,,,,,,,,,
18093,-4.0,,,,,,,,,,,,,,,,,,
18108,-4.0,,,,,,,,,,,,,,,,,,
18109,-6.0,,,,,,,,,,,,,,,,,,
18116,-7.0,,,,,,,,,,,,,,,,,,
18117,-4.0,,,,,,,,,,,,,,,,,,
18118,-5.0,,,,,,,,,,,,,,,,,,
18119,-4.0,,,,,,,,,,,,,,,,,,
18120,-6.0,,,,,,,,,,,,,,,,,,
18124,-14.0,,,,,,,,,,,,,,,,,,
18125,-4.0,,,,,,,,,,,,,,,,,,
18126,-7.0,,,,,,,,,,,,,,,,,,
18129,-6.0,,,,,,,,,,,,,,,,,,
18142,-6.0,,,,,,,,,,,,,,,,,,
18144,-6.0,,,,,,,,,,,,,,,,,,
18145,-4.0,,,,,,,,,,,,,,,,,,
18147,-6.0,,,,,,,,,,,,,,,,,,
18153,-8.0,,,,,,,,,,,,,,,,,,
18161,-6.0,,,,,,,,,,,,,,,,,,
18168,-6.0,,,,,,,,,,,,,,,,,,
18169,-6.0,,,,,,,,,,,,,,,,,,
18175,-6.0,,,,,,,,,,,,,,,,,,
18176,-4.0,,,,,,,,,,,,,,,,,,
18179,-6.0,,,,,,,,,,,,,,,,,,
18180,-6.0,,,,,,,,,,,,,,,,,,
18186,-6.0,,,,,,,,,,,,,,,,,,
18189,-8.0,,,,,,,,,,,,,,,,,,
18194,-6.0,,,,,,,,,,,,,,,,,,
18198,-4.0,,,,,,,,,,,,,,,,,,
18199,-5.0,,,,,,,,,,,,,,,,,,
18200,-6.0,,,,,,,,,,,,,,,,,,
18203,-10.0,,,,,,,,,,,,,,,,,,
18206,-4.0,,,,,,,,,,,,,,,,,,
18210,-4.0,,,,,,,,,,,,,,,,,,
18215,-8.0,,,,,,,,,,,,,,,,,,
18219,-6.0,,,,,,,,,,,,,,,,,,
18222,-7.0,,,,,,,,,,,,,,,,,,
18228,-4.0,,,,,,,,,,,,,,,,,,
18241,-6.0,,,,,,,,,,,,,,,,,,
18242,-6.0,,,,,,,,,,,,,,,,,,
18245,-5.0,,,,,,,,,,,,,,,,,,
18250,-4.0,,,,,,,,,,,,,,,,,,
18255,-4.0,,,,,,,,,,,,,,,,,,
18261,-6.0,,,,,,,,,,,,,,,,,,
18263,-8.0,,,,,,,,,,,,,,,,,,
18265,-6.0,,,,,,,,,,,,,,,,,,
18267,-7.0,,,,,,,,,,,,,,,,,,
18268,-8.0,,,,,,,,,,,,,,,,,,
18269,-6.0,,,,,,,,,,,,,,,,,,
18270,-5.0,,,,,,,,,,,,,,,,,,
18272,-6.0,,,,,,,,,,,,,,,,,,
18284,-7.0,,,,,,,,,,,,,,,,,,
18291,-4.0,,,,,,,,,,,,,,,,,,
18296,-6.0,,,,,,,,,,,,,,,,,,
18300,-4.0,,,,,,,,,,,,,,,,,,
18301,-4.0,,,,,,,,,,,,,,,,,,
18305,-6.0,,,,,,,,,,,,,,,,,,
18309,-4.0,,,,,,,,,,,,,,,,,,
18314,-4.0,,,,,,,,,,,,,,,,,,
18334,-6.0,,,,,,,,,,,,,,,,,,
18335,-7.0,,,,,,,,,,,,,,,,,,
18345,-8.0,,,,,,,,,,,,,,,,,,
18365,-5.0,,,,,,,,,,,,,,,,,,
18366,-6.0,,,,,,,,,,,,,,,,,,
18372,-8.0,,,,,,,,,,,,,,,,,,
18377,-4.0,,,,,,,,,,,,,,,,,,
18380,-6.0,,,,,,,,,,,,,,,,,,
18388,-7.0,,,,,,,,,,,,,,,,,,
18389,-4.0,,,,,,,,,,,,,,,,,,
18390,-4.0,,,,,,,,,,,,,,,,,,
18397,-6.0,,,,,,,,,,,,,,,,,,
18398,-6.0,,,,,,,,,,,,,,,,,,
18399,-4.0,,,,,,,,,,,,,,,,,,
18404,-6.0,,,,,,,,,,,,,,,,,,
18405,-4.0,,,,,,,,,,,,,,,,,,
18406,-5.0,,,,,,,,,,,,,,,,,,
18408,-4.0,,,,,,,,,,,,,,,,,,
18416,-7.0,,,,,,,,,,,,,,,,,,
18420,-6.0,,,,,,,,,,,,,,,,,,
18422,-8.0,,,,,,,,,,,,,,,,,,
18433,-7.0,,,,,,,,,,,,,,,,,,
18439,-10.0,,,,,,,,,,,,,,,,,,
18442,-6.0,,,,,,,,,,,,,,,,,,
18453,-4.0,,,,,,,,,,,,,,,,,,
18466,-6.0,,,,,,,,,,,,,,,,,,
18475,-10.0,,,,,,,,,,,,,,,,,,
18478,-9.0,,,,,,,,,,,,,,,,,,
18483,-6.0,,,,,,,,,,,,,,,,,,
18493,-5.0,,,,,,,,,,,,,,,,,,
18495,-4.0,,,,,,,,,,,,,,,,,,
18497,-5.0,,,,,,,,,,,,,,,,,,
18500,-4.0,,,,,,,,,,,,,,,,,,
18502,-4.0,,,,,,,,,,,,,,,,,,
18505,-13.0,,,,,,,,,,,,,,,,,,
18511,-7.0,,,,,,,,,,,,,,,,,,
18521,-4.0,,,,,,,,,,,,,,,,,,
18524,-6.0,,,,,,,,,,,,,,,,,,
18525,-8.0,,,,,,,,,,,,,,,,,,
18527,-4.0,,,,,,,,,,,,,,,,,,
18529,-6.0,,,,,,,,,,,,,,,,,,
18533,-4.0,,,,,,,,,,,,,,,,,,
18534,-6.0,,,,,,,,,,,,,,,,,,
18536,-7.0,,,,,,,,,,,,,,,,,,
18542,-6.0,,,,,,,,,,,,,,,,,,
18543,-5.0,,,,,,,,,,,,,,,,,,
18544,-5.0,,,,,,,,,,,,,,,,,,
18546,-5.0,,,,,,,,,,,,,,,,,,
18551,-6.0,,,,,,,,,,,,,,,,,,
18553,-5.0,,,,,,,,,,,,,,,,,,
18556,-6.0,,,,,,,,,,,,,,,,,,
18557,-4.0,,,,,,,,,,,,,,,,,,
18558,-4.0,,,,,,,,,,,,,,,,,,
18564,-5.0,,,,,,,,,,,,,,,,,,
18568,-4.0,,,,,,,,,,,,,,,,,,
18576,-9.0,,,,,,,,,,,,,,,,,,
18579,-6.0,,,,,,,,,,,,,,,,,,
18580,-4.0,,,,,,,,,,,,,,,,,,
18582,-14.0,,,,,,,,,,,,,,,,,,
18583,-7.0,,,,,,,,,,,,,,,,,,
18584,-6.0,,,,,,,,,,,,,,,,,,
18585,-9.0,,,,,,,,,,,,,,,,,,
18586,-6.0,,,,,,,,,,,,,,,,,,
18591,-6.0,,,,,,,,,,,,,,,,,,
18599,-4.0,,,,,,,,,,,,,,,,,,
18600,-6.0,,,,,,,,,,,,,,,,,,
18602,-5.0,,,,,,,,,,,,,,,,,,
18603,-4.0,,,,,,,,,,,,,,,,,,
18605,-8.0,,,,,,,,,,,,,,,,,,
18607,-5.0,,,,,,,,,,,,,,,,,,
18610,-6.0,,,,,,,,,,,,,,,,,,
18613,-6.0,,,,,,,,,,,,,,,,,,
18627,-6.0,,,,,,,,,,,,,,,,,,
18631,-7.0,,,,,,,,,,,,,,,,,,
18635,-6.0,,,,,,,,,,,,,,,,,,
18637,-9.0,,,,,,,,,,,,,,,,,,
18639,-5.0,,,,,,,,,,,,,,,,,,
18650,-14.0,,,,,,,,,,,,,,,,,,
18656,-4.0,,,,,,,,,,,,,,,,,,
18661,-9.0,,,,,,,,,,,,,,,,,,
18665,-6.0,,,,,,,,,,,,,,,,,,
18667,-6.0,,,,,,,,,,,,,,,,,,
18669,-8.0,,,,,,,,,,,,,,,,,,
18670,-8.0,,,,,,,,,,,,,,,,,,
18671,-6.0,,,,,,,,,,,,,,,,,,
18674,-7.0,,,,,,,,,,,,,,,,,,
18677,-6.0,,,,,,,,,,,,,,,,,,
18679,-6.0,,,,,,,,,,,,,,,,,,
18680,-4.0,,,,,,,,,,,,,,,,,,
18682,-4.0,,,,,,,,,,,,,,,,,,
18683,-4.0,,,,,,,,,,,,,,,,,,
18685,-6.0,,,,,,,,,,,,,,,,,,
18687,-4.0,,,,,,,,,,,,,,,,,,
18689,-8.0,,,,,,,,,,,,,,,,,,
18694,-4.0,,,,,,,,,,,,,,,,,,
18700,-4.0,,,,,,,,,,,,,,,,,,
18701,-4.0,,,,,,,,,,,,,,,,,,
18713,-6.0,,,,,,,,,,,,,,,,,,
18717,-4.0,,,,,,,,,,,,,,,,,,
18724,-6.0,,,,,,,,,,,,,,,,,,
18725,-6.0,,,,,,,,,,,,,,,,,,
18729,-6.0,,,,,,,,,,,,,,,,,,
18730,-6.0,,,,,,,,,,,,,,,,,,
18734,-6.0,,,,,,,,,,,,,,,,,,
18739,-5.0,,,,,,,,,,,,,,,,,,
18740,-5.0,,,,,,,,,,,,,,,,,,
18744,-9.0,,,,,,,,,,,,,,,,,,
18746,-6.0,,,,,,,,,,,,,,,,,,
18748,-8.0,,,,,,,,,,,,,,,,,,
18757,-5.0,,,,,,,,,,,,,,,,,,
18762,-6.0,,,,,,,,,,,,,,,,,,
18764,-6.0,,,,,,,,,,,,,,,,,,
18774,-4.0,,,,,,,,,,,,,,,,,,
18775,-4.0,,,,,,,,,,,,,,,,,,
18783,-7.0,,,,,,,,,,,,,,,,,,
18789,-4.0,,,,,,,,,,,,,,,,,,
18790,-7.0,,,,,,,,,,,,,,,,,,
18792,-4.0,,,,,,,,,,,,,,,,,,
18804,-6.0,,,,,,,,,,,,,,,,,,
18806,-4.0,,,,,,,,,,,,,,,,,,
18812,-5.0,,,,,,,,,,,,,,,,,,
18818,-6.0,,,,,,,,,,,,,,,,,,
18821,-5.0,,,,,,,,,,,,,,,,,,
18824,-4.0,,,,,,,,,,,,,,,,,,
18827,-6.0,,,,,,,,,,,,,,,,,,
18829,-4.0,,,,,,,,,,,,,,,,,,
18832,-5.0,,,,,,,,,,,,,,,,,,
18841,-4.0,,,,,,,,,,,,,,,,,,
18858,-5.0,,,,,,,,,,,,,,,,,,
18859,-4.0,,,,,,,,,,,,,,,,,,
18868,-4.0,,,,,,,,,,,,,,,,,,
18869,-4.0,,,,,,,,,,,,,,,,,,
18870,-4.0,,,,,,,,,,,,,,,,,,
18880,-4.0,,,,,,,,,,,,,,,,,,
18881,-5.0,,,,,,,,,,,,,,,,,,
18882,-4.0,,,,,,,,,,,,,,,,,,
18889,-4.0,,,,,,,,,,,,,,,,,,
18890,-9.0,,,,,,,,,,,,,,,,,,
18892,-6.0,,,,,,,,,,,,,,,,,,
18893,-6.0,,,,,,,,,,,,,,,,,,
18895,-4.0,,,,,,,,,,,,,,,,,,
18896,-4.0,,,,,,,,,,,,,,,,,,
18898,-9.0,,,,,,,,,,,,,,,,,,
18900,-8.0,,,,,,,,,,,,,,,,,,
18911,-6.0,,,,,,,,,,,,,,,,,,
18915,-8.0,,,,,,,,,,,,,,,,,,
18916,-4.0,,,,,,,,,,,,,,,,,,
18920,-6.0,,,,,,,,,,,,,,,,,,
18926,-6.0,,,,,,,,,,,,,,,,,,
18928,-4.0,,,,,,,,,,,,,,,,,,
18933,-6.0,,,,,,,,,,,,,,,,,,
18941,-5.0,,,,,,,,,,,,,,,,,,
18944,-6.0,,,,,,,,,,,,,,,,,,
18945,-4.0,,,,,,,,,,,,,,,,,,
18963,-4.0,,,,,,,,,,,,,,,,,,
18965,-6.0,,,,,,,,,,,,,,,,,,
18967,-8.0,,,,,,,,,,,,,,,,,,
18970,-8.0,,,,,,,,,,,,,,,,,,
18974,-6.0,,,,,,,,,,,,,,,,,,
18975,-4.0,,,,,,,,,,,,,,,,,,
18976,-4.0,,,,,,,,,,,,,,,,,,
18977,-10.0,,,,,,,,,,,,,,,,,,
18992,-7.0,,,,,,,,,,,,,,,,,,
18995,-6.0,,,,,,,,,,,,,,,,,,
19006,-5.0,,,,,,,,,,,,,,,,,,
19009,-8.0,,,,,,,,,,,,,,,,,,
19010,-6.0,,,,,,,,,,,,,,,,,,
19013,-8.0,,,,,,,,,,,,,,,,,,
19017,-8.0,,,,,,,,,,,,,,,,,,
19021,-5.0,,,,,,,,,,,,,,,,,,
19023,-5.0,,,,,,,,,,,,,,,,,,
19024,-4.0,,,,,,,,,,,,,,,,,,
19027,-4.0,,,,,,,,,,,,,,,,,,
19028,-6.0,,,,,,,,,,,,,,,,,,
19029,-6.0,,,,,,,,,,,,,,,,,,
19034,-4.0,,,,,,,,,,,,,,,,,,
19039,-5.0,,,,,,,,,,,,,,,,,,
19040,-5.0,,,,,,,,,,,,,,,,,,
19043,-5.0,,,,,,,,,,,,,,,,,,
19063,-11.0,,,,,,,,,,,,,,,,,,
19069,-6.0,,,,,,,,,,,,,,,,,,
19070,-5.0,,,,,,,,,,,,,,,,,,
19071,-4.0,,,,,,,,,,,,,,,,,,
19074,-6.0,,,,,,,,,,,,,,,,,,
19076,-6.0,,,,,,,,,,,,,,,,,,
19083,-6.0,,,,,,,,,,,,,,,,,,
19084,-9.0,,,,,,,,,,,,,,,,,,
19085,-10.0,,,,,,,,,,,,,,,,,,
19088,-5.0,,,,,,,,,,,,,,,,,,
19095,-5.0,,,,,,,,,,,,,,,,,,
19098,-4.0,,,,,,,,,,,,,,,,,,
19103,-7.0,,,,,,,,,,,,,,,,,,
19113,-7.0,,,,,,,,,,,,,,,,,,
19115,-6.0,,,,,,,,,,,,,,,,,,
19117,-4.0,,,,,,,,,,,,,,,,,,
19118,-4.0,,,,,,,,,,,,,,,,,,
19122,-5.0,,,,,,,,,,,,,,,,,,
19127,-6.0,,,,,,,,,,,,,,,,,,
19129,-4.0,,,,,,,,,,,,,,,,,,
19136,-7.0,,,,,,,,,,,,,,,,,,
19138,-7.0,,,,,,,,,,,,,,,,,,
19147,-6.0,,,,,,,,,,,,,,,,,,
19148,-4.0,,,,,,,,,,,,,,,,,,
19152,-6.0,,,,,,,,,,,,,,,,,,
19154,-5.0,,,,,,,,,,,,,,,,,,
19175,-4.0,,,,,,,,,,,,,,,,,,
19180,-7.0,,,,,,,,,,,,,,,,,,
19188,-6.0,,,,,,,,,,,,,,,,,,
19201,-9.0,,,,,,,,,,,,,,,,,,
19204,-6.0,,,,,,,,,,,,,,,,,,
19206,-5.0,,,,,,,,,,,,,,,,,,
19208,-5.0,,,,,,,,,,,,,,,,,,
19209,-6.0,,,,,,,,,,,,,,,,,,
19211,-5.0,,,,,,,,,,,,,,,,,,
19222,-4.0,,,,,,,,,,,,,,,,,,
19225,-5.0,,,,,,,,,,,,,,,,,,
19227,-6.0,,,,,,,,,,,,,,,,,,
19231,-5.0,,,,,,,,,,,,,,,,,,
19234,-6.0,,,,,,,,,,,,,,,,,,
19237,-5.0,,,,,,,,,,,,,,,,,,
19241,-4.0,,,,,,,,,,,,,,,,,,
19245,-4.0,,,,,,,,,,,,,,,,,,
19246,-10.0,,,,,,,,,,,,,,,,,,
19248,-4.0,,,,,,,,,,,,,,,,,,
19250,-6.0,,,,,,,,,,,,,,,,,,
19261,-7.0,,,,,,,,,,,,,,,,,,
19269,-6.0,,,,,,,,,,,,,,,,,,
19271,-6.0,,,,,,,,,,,,,,,,,,
19272,-6.0,,,,,,,,,,,,,,,,,,
19275,-6.0,,,,,,,,,,,,,,,,,,
19280,-6.0,,,,,,,,,,,,,,,,,,
19281,-7.0,,,,,,,,,,,,,,,,,,
19285,-17.0,,,,,,,,,,,,,,,,,,
19290,-5.0,,,,,,,,,,,,,,,,,,
19294,-4.0,,,,,,,,,,,,,,,,,,
19300,-6.0,,,,,,,,,,,,,,,,,,
19314,-4.0,,,,,,,,,,,,,,,,,,
19318,-6.0,,,,,,,,,,,,,,,,,,
19319,-5.0,,,,,,,,,,,,,,,,,,
19329,-6.0,,,,,,,,,,,,,,,,,,
19334,-7.0,,,,,,,,,,,,,,,,,,
19346,-5.0,,,,,,,,,,,,,,,,,,
19351,-7.0,,,,,,,,,,,,,,,,,,
19356,-4.0,,,,,,,,,,,,,,,,,,
19358,-4.0,,,,,,,,,,,,,,,,,,
19359,-6.0,,,,,,,,,,,,,,,,,,
19370,-4.0,,,,,,,,,,,,,,,,,,
19373,-6.0,,,,,,,,,,,,,,,,,,
19379,-7.0,,,,,,,,,,,,,,,,,,
19381,-4.0,,,,,,,,,,,,,,,,,,
19382,-9.0,,,,,,,,,,,,,,,,,,
19383,-4.0,,,,,,,,,,,,,,,,,,
19387,-6.0,,,,,,,,,,,,,,,,,,
19389,-4.0,,,,,,,,,,,,,,,,,,
19396,-8.0,,,,,,,,,,,,,,,,,,
19398,-7.0,,,,,,,,,,,,,,,,,,
19399,-5.0,,,,,,,,,,,,,,,,,,
19404,-5.0,,,,,,,,,,,,,,,,,,
19407,-4.0,,,,,,,,,,,,,,,,,,
19408,-4.0,,,,,,,,,,,,,,,,,,
19419,-4.0,,,,,,,,,,,,,,,,,,
19422,-6.0,,,,,,,,,,,,,,,,,,
19430,-5.0,,,,,,,,,,,,,,,,,,
19439,-5.0,,,,,,,,,,,,,,,,,,
19441,-4.0,,,,,,,,,,,,,,,,,,
19442,-4.0,,,,,,,,,,,,,,,,,,
19443,-4.0,,,,,,,,,,,,,,,,,,
19454,-6.0,,,,,,,,,,,,,,,,,,
19458,-5.0,,,,,,,,,,,,,,,,,,
19462,-7.0,,,,,,,,,,,,,,,,,,
19470,-4.0,,,,,,,,,,,,,,,,,,
19473,-9.0,,,,,,,,,,,,,,,,,,
19477,-8.0,,,,,,,,,,,,,,,,,,
19483,-4.0,,,,,,,,,,,,,,,,,,
19485,-6.0,,,,,,,,,,,,,,,,,,
19486,-6.0,,,,,,,,,,,,,,,,,,
19493,-6.0,,,,,,,,,,,,,,,,,,
19495,-6.0,,,,,,,,,,,,,,,,,,
19498,-6.0,,,,,,,,,,,,,,,,,,
19505,-7.0,,,,,,,,,,,,,,,,,,
19506,-5.0,,,,,,,,,,,,,,,,,,
19508,-5.0,,,,,,,,,,,,,,,,,,
19509,-5.0,,,,,,,,,,,,,,,,,,
19510,-6.0,,,,,,,,,,,,,,,,,,
19512,-6.0,,,,,,,,,,,,,,,,,,
19515,-6.0,,,,,,,,,,,,,,,,,,
19522,-4.0,,,,,,,,,,,,,,,,,,
19526,-5.0,,,,,,,,,,,,,,,,,,
19528,-6.0,,,,,,,,,,,,,,,,,,
19530,-10.0,,,,,,,,,,,,,,,,,,
19532,-7.0,,,,,,,,,,,,,,,,,,
19534,-5.0,,,,,,,,,,,,,,,,,,
19535,-8.0,,,,,,,,,,,,,,,,,,
19537,-4.0,,,,,,,,,,,,,,,,,,
19538,-7.0,,,,,,,,,,,,,,,,,,
19542,-5.0,,,,,,,,,,,,,,,,,,
19547,-6.0,,,,,,,,,,,,,,,,,,
19549,-6.0,,,,,,,,,,,,,,,,,,
19551,-4.0,,,,,,,,,,,,,,,,,,
19561,-6.0,,,,,,,,,,,,,,,,,,
19563,-9.0,,,,,,,,,,,,,,,,,,
19572,-7.0,,,,,,,,,,,,,,,,,,
19576,-6.0,,,,,,,,,,,,,,,,,,
19579,-8.0,,,,,,,,,,,,,,,,,,
19581,-4.0,,,,,,,,,,,,,,,,,,
19583,-6.0,,,,,,,,,,,,,,,,,,
19585,-6.0,,,,,,,,,,,,,,,,,,
19586,-7.0,,,,,,,,,,,,,,,,,,
19592,-6.0,,,,,,,,,,,,,,,,,,
19596,-4.0,,,,,,,,,,,,,,,,,,
19597,-4.0,,,,,,,,,,,,,,,,,,
19599,-5.0,,,,,,,,,,,,,,,,,,
19603,-5.0,,,,,,,,,,,,,,,,,,
19605,-4.0,,,,,,,,,,,,,,,,,,
19612,-5.0,,,,,,,,,,,,,,,,,,
19617,-6.0,,,,,,,,,,,,,,,,,,
19621,-4.0,,,,,,,,,,,,,,,,,,
19626,-5.0,,,,,,,,,,,,,,,,,,
19643,-5.0,,,,,,,,,,,,,,,,,,
19645,-5.0,,,,,,,,,,,,,,,,,,
19662,-9.0,,,,,,,,,,,,,,,,,,
19671,-4.0,,,,,,,,,,,,,,,,,,
19673,-6.0,,,,,,,,,,,,,,,,,,
19674,-5.0,,,,,,,,,,,,,,,,,,
19675,-4.0,,,,,,,,,,,,,,,,,,
19682,-8.0,,,,,,,,,,,,,,,,,,
19687,-4.0,,,,,,,,,,,,,,,,,,
19693,-5.0,,,,,,,,,,,,,,,,,,
19696,-7.0,,,,,,,,,,,,,,,,,,
19699,-6.0,,,,,,,,,,,,,,,,,,
19702,-6.0,,,,,,,,,,,,,,,,,,
19703,-14.0,,,,,,,,,,,,,,,,,,
19704,-7.0,,,,,,,,,,,,,,,,,,
19709,-8.0,,,,,,,,,,,,,,,,,,
19711,-4.0,,,,,,,,,,,,,,,,,,
19714,-6.0,,,,,,,,,,,,,,,,,,
19717,-4.0,,,,,,,,,,,,,,,,,,
19718,-8.0,,,,,,,,,,,,,,,,,,
19726,-4.0,,,,,,,,,,,,,,,,,,
19727,-7.0,,,,,,,,,,,,,,,,,,
19735,-4.0,,,,,,,,,,,,,,,,,,
19738,-4.0,,,,,,,,,,,,,,,,,,
19745,-6.0,,,,,,,,,,,,,,,,,,
19753,-4.0,,,,,,,,,,,,,,,,,,
19754,-5.0,,,,,,,,,,,,,,,,,,
19755,-7.0,,,,,,,,,,,,,,,,,,
19758,-6.0,,,,,,,,,,,,,,,,,,
19759,-7.0,,,,,,,,,,,,,,,,,,
19760,-6.0,,,,,,,,,,,,,,,,,,
19762,-4.0,,,,,,,,,,,,,,,,,,
19763,-4.0,,,,,,,,,,,,,,,,,,
19766,-5.0,,,,,,,,,,,,,,,,,,
19767,-7.0,,,,,,,,,,,,,,,,,,
19769,-5.0,,,,,,,,,,,,,,,,,,
19772,-4.0,,,,,,,,,,,,,,,,,,
19777,-4.0,,,,,,,,,,,,,,,,,,
19782,-4.0,,,,,,,,,,,,,,,,,,
19787,-6.0,,,,,,,,,,,,,,,,,,
19789,-6.0,,,,,,,,,,,,,,,,,,
19791,-4.0,,,,,,,,,,,,,,,,,,
19800,-7.0,,,,,,,,,,,,,,,,,,
19801,-5.0,,,,,,,,,,,,,,,,,,
19802,-5.0,,,,,,,,,,,,,,,,,,
19803,-6.0,,,,,,,,,,,,,,,,,,
19805,-5.0,,,,,,,,,,,,,,,,,,
19806,-6.0,,,,,,,,,,,,,,,,,,
19807,-4.0,,,,,,,,,,,,,,,,,,
19810,-6.0,,,,,,,,,,,,,,,,,,
19819,-4.0,,,,,,,,,,,,,,,,,,
19830,-7.0,,,,,,,,,,,,,,,,,,
19839,-6.0,,,,,,,,,,,,,,,,,,
19840,-4.0,,,,,,,,,,,,,,,,,,
19842,-4.0,,,,,,,,,,,,,,,,,,
19849,-6.0,,,,,,,,,,,,,,,,,,
19850,-6.0,,,,,,,,,,,,,,,,,,
19854,-4.0,,,,,,,,,,,,,,,,,,
19855,-6.0,,,,,,,,,,,,,,,,,,
19866,-5.0,,,,,,,,,,,,,,,,,,
19875,-7.0,,,,,,,,,,,,,,,,,,
19879,-4.0,,,,,,,,,,,,,,,,,,
19880,-4.0,,,,,,,,,,,,,,,,,,
19881,-6.0,,,,,,,,,,,,,,,,,,
19883,-6.0,,,,,,,,,,,,,,,,,,
19889,-4.0,,,,,,,,,,,,,,,,,,
19893,-5.0,,,,,,,,,,,,,,,,,,
19894,-6.0,,,,,,,,,,,,,,,,,,
19897,-5.0,,,,,,,,,,,,,,,,,,
19901,-6.0,,,,,,,,,,,,,,,,,,
19902,-6.0,,,,,,,,,,,,,,,,,,
19905,-5.0,,,,,,,,,,,,,,,,,,
19909,-7.0,,,,,,,,,,,,,,,,,,
19911,-4.0,,,,,,,,,,,,,,,,,,
19932,-5.0,,,,,,,,,,,,,,,,,,
19935,-7.0,,,,,,,,,,,,,,,,,,
19937,-7.0,,,,,,,,,,,,,,,,,,
19938,-4.0,,,,,,,,,,,,,,,,,,
19943,-4.0,,,,,,,,,,,,,,,,,,
19944,-9.0,,,,,,,,,,,,,,,,,,
19947,-5.0,,,,,,,,,,,,,,,,,,
19951,-4.0,,,,,,,,,,,,,,,,,,
19953,-6.0,,,,,,,,,,,,,,,,,,
19955,-6.0,,,,,,,,,,,,,,,,,,
19958,-4.0,,,,,,,,,,,,,,,,,,
19960,-5.0,,,,,,,,,,,,,,,,,,
19965,-4.0,,,,,,,,,,,,,,,,,,
19966,-6.0,,,,,,,,,,,,,,,,,,
19977,-6.0,,,,,,,,,,,,,,,,,,
19978,-6.0,,,,,,,,,,,,,,,,,,
19988,-5.0,,,,,,,,,,,,,,,,,,
19989,-7.0,,,,,,,,,,,,,,,,,,
19992,-4.0,,,,,,,,,,,,,,,,,,
19993,-4.0,,,,,,,,,,,,,,,,,,
19994,-7.0,,,,,,,,,,,,,,,,,,
20014,-6.0,,,,,,,,,,,,,,,,,,
20018,-6.0,,,,,,,,,,,,,,,,,,
20021,-6.0,,,,,,,,,,,,,,,,,,
20022,-6.0,,,,,,,,,,,,,,,,,,
20023,-4.0,,,,,,,,,,,,,,,,,,
20024,-7.0,,,,,,,,,,,,,,,,,,
20034,-5.0,,,,,,,,,,,,,,,,,,
20039,-5.0,,,,,,,,,,,,,,,,,,
20040,-5.0,,,,,,,,,,,,,,,,,,
20044,-6.0,,,,,,,,,,,,,,,,,,
20049,-4.0,,,,,,,,,,,,,,,,,,
20053,-5.0,,,,,,,,,,,,,,,,,,
20054,-9.0,,,,,,,,,,,,,,,,,,
20064,-4.0,,,,,,,,,,,,,,,,,,
20071,-4.0,,,,,,,,,,,,,,,,,,
20072,-5.0,,,,,,,,,,,,,,,,,,
20075,-6.0,,,,,,,,,,,,,,,,,,
20077,-7.0,,,,,,,,,,,,,,,,,,
20080,-5.0,,,,,,,,,,,,,,,,,,
20083,-4.0,,,,,,,,,,,,,,,,,,
20087,-6.0,,,,,,,,,,,,,,,,,,
20091,-7.0,,,,,,,,,,,,,,,,,,
20098,-5.0,,,,,,,,,,,,,,,,,,
20100,-5.0,,,,,,,,,,,,,,,,,,
20112,-4.0,,,,,,,,,,,,,,,,,,
20116,-6.0,,,,,,,,,,,,,,,,,,
20120,-7.0,,,,,,,,,,,,,,,,,,
20122,-5.0,,,,,,,,,,,,,,,,,,
20123,-8.0,,,,,,,,,,,,,,,,,,
20127,-5.0,,,,,,,,,,,,,,,,,,
20128,-6.0,,,,,,,,,,,,,,,,,,
20129,-5.0,,,,,,,,,,,,,,,,,,
20130,-4.0,,,,,,,,,,,,,,,,,,
20145,-6.0,,,,,,,,,,,,,,,,,,
20146,-4.0,,,,,,,,,,,,,,,,,,
20150,-6.0,,,,,,,,,,,,,,,,,,
20151,-4.0,,,,,,,,,,,,,,,,,,
20160,-5.0,,,,,,,,,,,,,,,,,,
20164,-7.0,,,,,,,,,,,,,,,,,,
20167,-8.0,,,,,,,,,,,,,,,,,,
20168,-6.0,,,,,,,,,,,,,,,,,,
20169,-5.0,,,,,,,,,,,,,,,,,,
20171,-4.0,,,,,,,,,,,,,,,,,,
20178,-8.0,,,,,,,,,,,,,,,,,,
20184,-7.0,,,,,,,,,,,,,,,,,,
20193,-4.0,,,,,,,,,,,,,,,,,,
20194,-6.0,,,,,,,,,,,,,,,,,,
20200,-4.0,,,,,,,,,,,,,,,,,,
20221,-4.0,,,,,,,,,,,,,,,,,,
20222,-6.0,,,,,,,,,,,,,,,,,,
20223,-6.0,,,,,,,,,,,,,,,,,,
20235,-7.0,,,,,,,,,,,,,,,,,,
20238,-9.0,,,,,,,,,,,,,,,,,,
20240,-7.0,,,,,,,,,,,,,,,,,,
20245,-4.0,,,,,,,,,,,,,,,,,,
20246,-4.0,,,,,,,,,,,,,,,,,,
20248,-4.0,,,,,,,,,,,,,,,,,,
20250,-4.0,,,,,,,,,,,,,,,,,,
20257,-7.0,,,,,,,,,,,,,,,,,,
20258,-4.0,,,,,,,,,,,,,,,,,,
20260,-7.0,,,,,,,,,,,,,,,,,,
20270,-5.0,,,,,,,,,,,,,,,,,,
20271,-4.0,,,,,,,,,,,,,,,,,,
20275,-4.0,,,,,,,,,,,,,,,,,,
20278,-4.0,,,,,,,,,,,,,,,,,,
20282,-7.0,,,,,,,,,,,,,,,,,,
20284,-4.0,,,,,,,,,,,,,,,,,,
20285,-5.0,,,,,,,,,,,,,,,,,,
20288,-4.0,,,,,,,,,,,,,,,,,,
20289,-6.0,,,,,,,,,,,,,,,,,,
20293,-4.0,,,,,,,,,,,,,,,,,,
20298,-5.0,,,,,,,,,,,,,,,,,,
20304,-4.0,,,,,,,,,,,,,,,,,,
20308,-5.0,,,,,,,,,,,,,,,,,,
20315,-6.0,,,,,,,,,,,,,,,,,,
20318,-6.0,,,,,,,,,,,,,,,,,,
20325,-11.0,,,,,,,,,,,,,,,,,,
20329,-6.0,,,,,,,,,,,,,,,,,,
20330,-4.0,,,,,,,,,,,,,,,,,,
20331,-5.0,,,,,,,,,,,,,,,,,,
20334,-7.0,,,,,,,,,,,,,,,,,,
20339,-5.0,,,,,,,,,,,,,,,,,,
20344,-6.0,,,,,,,,,,,,,,,,,,
20346,-4.0,,,,,,,,,,,,,,,,,,
20348,-4.0,,,,,,,,,,,,,,,,,,
20350,-4.0,,,,,,,,,,,,,,,,,,
20353,-4.0,,,,,,,,,,,,,,,,,,
20360,-6.0,,,,,,,,,,,,,,,,,,
20365,-7.0,,,,,,,,,,,,,,,,,,
20368,-4.0,,,,,,,,,,,,,,,,,,
20376,-6.0,,,,,,,,,,,,,,,,,,
20380,-5.0,,,,,,,,,,,,,,,,,,
20387,-6.0,,,,,,,,,,,,,,,,,,
20391,-4.0,,,,,,,,,,,,,,,,,,
20392,-4.0,,,,,,,,,,,,,,,,,,
20397,-7.0,,,,,,,,,,,,,,,,,,
20405,-6.0,,,,,,,,,,,,,,,,,,
20409,-5.0,,,,,,,,,,,,,,,,,,
20410,-6.0,,,,,,,,,,,,,,,,,,
20411,-4.0,,,,,,,,,,,,,,,,,,
20415,-4.0,,,,,,,,,,,,,,,,,,
20421,-4.0,,,,,,,,,,,,,,,,,,
20422,-5.0,,,,,,,,,,,,,,,,,,
20435,-7.0,,,,,,,,,,,,,,,,,,
20436,-5.0,,,,,,,,,,,,,,,,,,
20440,-7.0,,,,,,,,,,,,,,,,,,
20445,-4.0,,,,,,,,,,,,,,,,,,
20448,-4.0,,,,,,,,,,,,,,,,,,
20452,-4.0,,,,,,,,,,,,,,,,,,
20458,-5.0,,,,,,,,,,,,,,,,,,
20461,-5.0,,,,,,,,,,,,,,,,,,
20471,-10.0,,,,,,,,,,,,,,,,,,
20472,-6.0,,,,,,,,,,,,,,,,,,
20473,-4.0,,,,,,,,,,,,,,,,,,
20482,-6.0,,,,,,,,,,,,,,,,,,
20486,-5.0,,,,,,,,,,,,,,,,,,
20488,-4.0,,,,,,,,,,,,,,,,,,
20491,-5.0,,,,,,,,,,,,,,,,,,
20493,-8.0,,,,,,,,,,,,,,,,,,
20497,-4.0,,,,,,,,,,,,,,,,,,
20498,-4.0,,,,,,,,,,,,,,,,,,
20500,-4.0,,,,,,,,,,,,,,,,,,
20508,-4.0,,,,,,,,,,,,,,,,,,
20511,-6.0,,,,,,,,,,,,,,,,,,
20523,-6.0,,,,,,,,,,,,,,,,,,
20524,-4.0,,,,,,,,,,,,,,,,,,
20527,-4.0,,,,,,,,,,,,,,,,,,
20540,-5.0,,,,,,,,,,,,,,,,,,
20544,-4.0,,,,,,,,,,,,,,,,,,
20546,-4.0,,,,,,,,,,,,,,,,,,
20553,-6.0,,,,,,,,,,,,,,,,,,
20556,-4.0,,,,,,,,,,,,,,,,,,
20561,-7.0,,,,,,,,,,,,,,,,,,
20562,-4.0,,,,,,,,,,,,,,,,,,
20563,-9.0,,,,,,,,,,,,,,,,,,
20564,-4.0,,,,,,,,,,,,,,,,,,
20569,-4.0,,,,,,,,,,,,,,,,,,
20575,-4.0,,,,,,,,,,,,,,,,,,
20577,-5.0,,,,,,,,,,,,,,,,,,
20582,-4.0,,,,,,,,,,,,,,,,,,
20586,-6.0,,,,,,,,,,,,,,,,,,
20590,-4.0,,,,,,,,,,,,,,,,,,
20591,-6.0,,,,,,,,,,,,,,,,,,
20593,-4.0,,,,,,,,,,,,,,,,,,
20595,-6.0,,,,,,,,,,,,,,,,,,
20597,-4.0,,,,,,,,,,,,,,,,,,
20605,-4.0,,,,,,,,,,,,,,,,,,
20612,-6.0,,,,,,,,,,,,,,,,,,
20615,-14.0,,,,,,,,,,,,,,,,,,
20618,-5.0,,,,,,,,,,,,,,,,,,
20635,-7.0,,,,,,,,,,,,,,,,,,
20638,-6.0,,,,,,,,,,,,,,,,,,
20646,-4.0,,,,,,,,,,,,,,,,,,
20649,-7.0,,,,,,,,,,,,,,,,,,
20654,-4.0,,,,,,,,,,,,,,,,,,
20655,-4.0,,,,,,,,,,,,,,,,,,
20658,-5.0,,,,,,,,,,,,,,,,,,
20660,-4.0,,,,,,,,,,,,,,,,,,
20662,-4.0,,,,,,,,,,,,,,,,,,
20665,-6.0,,,,,,,,,,,,,,,,,,
20667,-7.0,,,,,,,,,,,,,,,,,,
20674,-10.0,,,,,,,,,,,,,,,,,,
20675,-4.0,,,,,,,,,,,,,,,,,,
20678,-4.0,,,,,,,,,,,,,,,,,,
20681,-4.0,,,,,,,,,,,,,,,,,,
20683,-4.0,,,,,,,,,,,,,,,,,,
20685,-4.0,,,,,,,,,,,,,,,,,,
20689,-5.0,,,,,,,,,,,,,,,,,,
20691,-6.0,,,,,,,,,,,,,,,,,,
20703,-5.0,,,,,,,,,,,,,,,,,,
20704,-6.0,,,,,,,,,,,,,,,,,,
20706,-5.0,,,,,,,,,,,,,,,,,,
20712,-4.0,,,,,,,,,,,,,,,,,,
20714,-9.0,,,,,,,,,,,,,,,,,,
20716,-10.0,,,,,,,,,,,,,,,,,,
20720,-4.0,,,,,,,,,,,,,,,,,,
20727,-9.0,,,,,,,,,,,,,,,,,,
20731,-5.0,,,,,,,,,,,,,,,,,,
20738,-5.0,,,,,,,,,,,,,,,,,,
20739,-5.0,,,,,,,,,,,,,,,,,,
20740,-6.0,,,,,,,,,,,,,,,,,,
20743,-4.0,,,,,,,,,,,,,,,,,,
20744,-4.0,,,,,,,,,,,,,,,,,,
20748,-8.0,,,,,,,,,,,,,,,,,,
20749,-5.0,,,,,,,,,,,,,,,,,,
20760,-4.0,,,,,,,,,,,,,,,,,,
20764,-5.0,,,,,,,,,,,,,,,,,,
20770,-4.0,,,,,,,,,,,,,,,,,,
20775,-4.0,,,,,,,,,,,,,,,,,,
20781,-4.0,,,,,,,,,,,,,,,,,,
20782,-6.0,,,,,,,,,,,,,,,,,,
20784,-4.0,,,,,,,,,,,,,,,,,,
20792,-8.0,,,,,,,,,,,,,,,,,,
20806,-4.0,,,,,,,,,,,,,,,,,,
20810,-5.0,,,,,,,,,,,,,,,,,,
20811,-4.0,,,,,,,,,,,,,,,,,,
20817,-4.0,,,,,,,,,,,,,,,,,,
20818,-8.0,,,,,,,,,,,,,,,,,,
20821,-4.0,,,,,,,,,,,,,,,,,,
20847,-6.0,,,,,,,,,,,,,,,,,,
20851,-6.0,,,,,,,,,,,,,,,,,,
20853,-4.0,,,,,,,,,,,,,,,,,,
20857,-6.0,,,,,,,,,,,,,,,,,,
20869,-8.0,,,,,,,,,,,,,,,,,,
20870,-8.0,,,,,,,,,,,,,,,,,,
20877,-4.0,,,,,,,,,,,,,,,,,,
20889,-5.0,,,,,,,,,,,,,,,,,,
20895,-4.0,,,,,,,,,,,,,,,,,,
20914,-6.0,,,,,,,,,,,,,,,,,,
20918,-4.0,,,,,,,,,,,,,,,,,,
20922,-5.0,,,,,,,,,,,,,,,,,,
20927,-6.0,,,,,,,,,,,,,,,,,,
20928,-5.0,,,,,,,,,,,,,,,,,,
20930,-6.0,,,,,,,,,,,,,,,,,,
20939,-4.0,,,,,,,,,,,,,,,,,,
20940,-4.0,,,,,,,,,,,,,,,,,,
20942,-4.0,,,,,,,,,,,,,,,,,,
20947,-6.0,,,,,,,,,,,,,,,,,,
20952,-5.0,,,,,,,,,,,,,,,,,,
20962,-5.0,,,,,,,,,,,,,,,,,,
20966,-4.0,,,,,,,,,,,,,,,,,,
20969,-5.0,,,,,,,,,,,,,,,,,,
20980,-6.0,,,,,,,,,,,,,,,,,,
20985,-5.0,,,,,,,,,,,,,,,,,,
20998,-4.0,,,,,,,,,,,,,,,,,,
20999,-7.0,,,,,,,,,,,,,,,,,,
21004,-5.0,,,,,,,,,,,,,,,,,,
21010,-7.0,,,,,,,,,,,,,,,,,,
21013,-4.0,,,,,,,,,,,,,,,,,,
21023,-4.0,,,,,,,,,,,,,,,,,,
21027,-7.0,,,,,,,,,,,,,,,,,,
21040,-4.0,,,,,,,,,,,,,,,,,,
21042,-8.0,,,,,,,,,,,,,,,,,,
21044,-5.0,,,,,,,,,,,,,,,,,,
21046,-5.0,,,,,,,,,,,,,,,,,,
21056,-7.0,,,,,,,,,,,,,,,,,,
21058,-7.0,,,,,,,,,,,,,,,,,,
21059,-7.0,,,,,,,,,,,,,,,,,,
21065,-4.0,,,,,,,,,,,,,,,,,,
21068,-4.0,,,,,,,,,,,,,,,,,,
21069,-6.0,,,,,,,,,,,,,,,,,,
21071,-5.0,,,,,,,,,,,,,,,,,,
21076,-4.0,,,,,,,,,,,,,,,,,,
21078,-6.0,,,,,,,,,,,,,,,,,,
21080,-10.0,,,,,,,,,,,,,,,,,,
21088,-4.0,,,,,,,,,,,,,,,,,,
21092,-4.0,,,,,,,,,,,,,,,,,,
21096,-4.0,,,,,,,,,,,,,,,,,,
21110,-5.0,,,,,,,,,,,,,,,,,,
21111,-4.0,,,,,,,,,,,,,,,,,,
21114,-7.0,,,,,,,,,,,,,,,,,,
21118,-4.0,,,,,,,,,,,,,,,,,,
21123,-4.0,,,,,,,,,,,,,,,,,,
21124,-4.0,,,,,,,,,,,,,,,,,,
21125,-4.0,,,,,,,,,,,,,,,,,,
21134,-7.0,,,,,,,,,,,,,,,,,,
21137,-6.0,,,,,,,,,,,,,,,,,,
21141,-6.0,,,,,,,,,,,,,,,,,,
21142,-7.0,,,,,,,,,,,,,,,,,,
21143,-4.0,,,,,,,,,,,,,,,,,,
21144,-6.0,,,,,,,,,,,,,,,,,,
21146,-4.0,,,,,,,,,,,,,,,,,,
21154,-5.0,,,,,,,,,,,,,,,,,,
21156,-4.0,,,,,,,,,,,,,,,,,,
21157,-4.0,,,,,,,,,,,,,,,,,,
21169,-5.0,,,,,,,,,,,,,,,,,,
21171,-4.0,,,,,,,,,,,,,,,,,,
21174,-5.0,,,,,,,,,,,,,,,,,,
21176,-4.0,,,,,,,,,,,,,,,,,,
21179,-6.0,,,,,,,,,,,,,,,,,,
21182,-4.0,,,,,,,,,,,,,,,,,,
21183,-6.0,,,,,,,,,,,,,,,,,,
21185,-4.0,,,,,,,,,,,,,,,,,,
21187,-4.0,,,,,,,,,,,,,,,,,,
21189,-5.0,,,,,,,,,,,,,,,,,,
21190,-4.0,,,,,,,,,,,,,,,,,,
21195,-7.0,,,,,,,,,,,,,,,,,,
21198,-4.0,,,,,,,,,,,,,,,,,,
21202,-5.0,,,,,,,,,,,,,,,,,,
21205,-6.0,,,,,,,,,,,,,,,,,,
21206,-4.0,,,,,,,,,,,,,,,,,,
21209,-9.0,,,,,,,,,,,,,,,,,,
21210,-4.0,,,,,,,,,,,,,,,,,,
21212,-4.0,,,,,,,,,,,,,,,,,,
21215,-4.0,,,,,,,,,,,,,,,,,,
21218,-5.0,,,,,,,,,,,,,,,,,,
21228,-6.0,,,,,,,,,,,,,,,,,,
21229,-4.0,,,,,,,,,,,,,,,,,,
21233,-6.0,,,,,,,,,,,,,,,,,,
21240,-6.0,,,,,,,,,,,,,,,,,,
21246,-4.0,,,,,,,,,,,,,,,,,,
21250,-5.0,,,,,,,,,,,,,,,,,,
21251,-4.0,,,,,,,,,,,,,,,,,,
21257,-7.0,,,,,,,,,,,,,,,,,,
21258,-4.0,,,,,,,,,,,,,,,,,,
21259,-4.0,,,,,,,,,,,,,,,,,,
21261,-5.0,,,,,,,,,,,,,,,,,,
21268,-5.0,,,,,,,,,,,,,,,,,,
21277,-4.0,,,,,,,,,,,,,,,,,,
21281,-4.0,,,,,,,,,,,,,,,,,,
21282,-5.0,,,,,,,,,,,,,,,,,,
21286,-5.0,,,,,,,,,,,,,,,,,,
21290,-4.0,,,,,,,,,,,,,,,,,,
21291,-4.0,,,,,,,,,,,,,,,,,,
21296,-4.0,,,,,,,,,,,,,,,,,,
21297,-4.0,,,,,,,,,,,,,,,,,,
21298,-5.0,,,,,,,,,,,,,,,,,,
21300,-4.0,,,,,,,,,,,,,,,,,,
21301,-4.0,,,,,,,,,,,,,,,,,,
21302,-5.0,,,,,,,,,,,,,,,,,,
21312,-4.0,,,,,,,,,,,,,,,,,,
21313,-5.0,,,,,,,,,,,,,,,,,,
21318,-7.0,,,,,,,,,,,,,,,,,,
21319,-4.0,,,,,,,,,,,,,,,,,,
21321,-4.0,,,,,,,,,,,,,,,,,,
21324,-7.0,,,,,,,,,,,,,,,,,,
21332,-7.0,,,,,,,,,,,,,,,,,,
21334,-5.0,,,,,,,,,,,,,,,,,,
21335,-4.0,,,,,,,,,,,,,,,,,,
21337,-6.0,,,,,,,,,,,,,,,,,,
21344,-7.0,,,,,,,,,,,,,,,,,,
21346,-5.0,,,,,,,,,,,,,,,,,,
21348,-4.0,,,,,,,,,,,,,,,,,,
21351,-4.0,,,,,,,,,,,,,,,,,,
21353,-5.0,,,,,,,,,,,,,,,,,,
21356,-6.0,,,,,,,,,,,,,,,,,,
21357,-4.0,,,,,,,,,,,,,,,,,,
21360,-5.0,,,,,,,,,,,,,,,,,,
21362,-5.0,,,,,,,,,,,,,,,,,,
21365,-5.0,,,,,,,,,,,,,,,,,,
21372,-4.0,,,,,,,,,,,,,,,,,,
21374,-5.0,,,,,,,,,,,,,,,,,,
21381,-4.0,,,,,,,,,,,,,,,,,,
21385,-6.0,,,,,,,,,,,,,,,,,,
21389,-4.0,,,,,,,,,,,,,,,,,,
21398,-7.0,,,,,,,,,,,,,,,,,,
21401,-4.0,,,,,,,,,,,,,,,,,,
21404,-4.0,,,,,,,,,,,,,,,,,,
21411,-7.0,,,,,,,,,,,,,,,,,,
21414,-6.0,,,,,,,,,,,,,,,,,,
21418,-5.0,,,,,,,,,,,,,,,,,,
21424,-5.0,,,,,,,,,,,,,,,,,,
21433,-5.0,,,,,,,,,,,,,,,,,,
21438,-4.0,,,,,,,,,,,,,,,,,,
21442,-4.0,,,,,,,,,,,,,,,,,,
21449,-4.0,,,,,,,,,,,,,,,,,,
21454,-4.0,,,,,,,,,,,,,,,,,,
21464,-5.0,,,,,,,,,,,,,,,,,,
21465,-6.0,,,,,,,,,,,,,,,,,,
21468,-4.0,,,,,,,,,,,,,,,,,,
21475,-4.0,,,,,,,,,,,,,,,,,,
21487,-7.0,,,,,,,,,,,,,,,,,,
21490,-6.0,,,,,,,,,,,,,,,,,,
21498,-9.0,,,,,,,,,,,,,,,,,,
21500,-6.0,,,,,,,,,,,,,,,,,,
21505,-6.0,,,,,,,,,,,,,,,,,,
21507,-4.0,,,,,,,,,,,,,,,,,,
21509,-4.0,,,,,,,,,,,,,,,,,,
21514,-4.0,,,,,,,,,,,,,,,,,,
21515,-4.0,,,,,,,,,,,,,,,,,,
21523,-4.0,,,,,,,,,,,,,,,,,,
21527,-4.0,,,,,,,,,,,,,,,,,,
21528,-6.0,,,,,,,,,,,,,,,,,,
21529,-4.0,,,,,,,,,,,,,,,,,,
21531,-6.0,,,,,,,,,,,,,,,,,,
21532,-5.0,,,,,,,,,,,,,,,,,,
21544,-7.0,,,,,,,,,,,,,,,,,,
21547,-6.0,,,,,,,,,,,,,,,,,,
21548,-5.0,,,,,,,,,,,,,,,,,,
21551,-4.0,,,,,,,,,,,,,,,,,,
21553,-6.0,,,,,,,,,,,,,,,,,,
21555,-6.0,,,,,,,,,,,,,,,,,,
21564,-5.0,,,,,,,,,,,,,,,,,,
21567,-5.0,,,,,,,,,,,,,,,,,,
21569,-4.0,,,,,,,,,,,,,,,,,,
21570,-4.0,,,,,,,,,,,,,,,,,,
21571,-6.0,,,,,,,,,,,,,,,,,,
21577,-4.0,,,,,,,,,,,,,,,,,,
21585,-6.0,,,,,,,,,,,,,,,,,,
21596,-4.0,,,,,,,,,,,,,,,,,,
21598,-4.0,,,,,,,,,,,,,,,,,,
21599,-4.0,,,,,,,,,,,,,,,,,,
21601,-5.0,,,,,,,,,,,,,,,,,,
21602,-7.0,,,,,,,,,,,,,,,,,,
21610,-7.0,,,,,,,,,,,,,,,,,,
21615,-5.0,,,,,,,,,,,,,,,,,,
21617,-7.0,,,,,,,,,,,,,,,,,,
21627,-4.0,,,,,,,,,,,,,,,,,,
21628,-7.0,,,,,,,,,,,,,,,,,,
21633,-4.0,,,,,,,,,,,,,,,,,,
21634,-5.0,,,,,,,,,,,,,,,,,,
21654,-6.0,,,,,,,,,,,,,,,,,,
21660,-4.0,,,,,,,,,,,,,,,,,,
21664,-4.0,,,,,,,,,,,,,,,,,,
21667,-5.0,,,,,,,,,,,,,,,,,,
21669,-4.0,,,,,,,,,,,,,,,,,,
21677,-7.0,,,,,,,,,,,,,,,,,,
21678,-4.0,,,,,,,,,,,,,,,,,,
21683,-6.0,,,,,,,,,,,,,,,,,,
21686,-4.0,,,,,,,,,,,,,,,,,,
21687,-4.0,,,,,,,,,,,,,,,,,,
21694,-4.0,,,,,,,,,,,,,,,,,,
21696,-5.0,,,,,,,,,,,,,,,,,,
21700,-5.0,,,,,,,,,,,,,,,,,,
21702,-4.0,,,,,,,,,,,,,,,,,,
21703,-4.0,,,,,,,,,,,,,,,,,,
21704,-5.0,,,,,,,,,,,,,,,,,,
21706,-5.0,,,,,,,,,,,,,,,,,,
21708,-6.0,,,,,,,,,,,,,,,,,,
21712,-4.0,,,,,,,,,,,,,,,,,,
21713,-6.0,,,,,,,,,,,,,,,,,,
21717,-5.0,,,,,,,,,,,,,,,,,,
21726,-4.0,,,,,,,,,,,,,,,,,,
21732,-5.0,,,,,,,,,,,,,,,,,,
21733,-4.0,,,,,,,,,,,,,,,,,,
21734,-5.0,,,,,,,,,,,,,,,,,,
21738,-4.0,,,,,,,,,,,,,,,,,,
21744,-4.0,,,,,,,,,,,,,,,,,,
21748,-4.0,,,,,,,,,,,,,,,,,,
21750,-4.0,,,,,,,,,,,,,,,,,,
21754,-4.0,,,,,,,,,,,,,,,,,,
21770,-4.0,,,,,,,,,,,,,,,,,,
21771,-4.0,,,,,,,,,,,,,,,,,,
21775,-4.0,,,,,,,,,,,,,,,,,,
21776,-6.0,,,,,,,,,,,,,,,,,,
21786,-4.0,,,,,,,,,,,,,,,,,,
21788,-4.0,,,,,,,,,,,,,,,,,,
21789,-4.0,,,,,,,,,,,,,,,,,,
21793,-10.0,,,,,,,,,,,,,,,,,,
21798,-5.0,,,,,,,,,,,,,,,,,,
21800,-5.0,,,,,,,,,,,,,,,,,,
21805,-4.0,,,,,,,,,,,,,,,,,,
21808,-4.0,,,,,,,,,,,,,,,,,,
21810,-4.0,,,,,,,,,,,,,,,,,,
21822,-6.0,,,,,,,,,,,,,,,,,,
21823,-6.0,,,,,,,,,,,,,,,,,,
21826,-5.0,,,,,,,,,,,,,,,,,,
21828,-4.0,,,,,,,,,,,,,,,,,,
21831,-5.0,,,,,,,,,,,,,,,,,,
21837,-4.0,,,,,,,,,,,,,,,,,,
21840,-4.0,,,,,,,,,,,,,,,,,,
21851,-5.0,,,,,,,,,,,,,,,,,,
21859,-7.0,,,,,,,,,,,,,,,,,,
21862,-4.0,,,,,,,,,,,,,,,,,,
21865,-6.0,,,,,,,,,,,,,,,,,,
21868,-4.0,,,,,,,,,,,,,,,,,,
21869,-5.0,,,,,,,,,,,,,,,,,,
21871,-4.0,,,,,,,,,,,,,,,,,,
21873,-12.0,,,,,,,,,,,,,,,,,,
21874,-4.0,,,,,,,,,,,,,,,,,,
21877,-4.0,,,,,,,,,,,,,,,,,,
21881,-4.0,,,,,,,,,,,,,,,,,,
21888,-7.0,,,,,,,,,,,,,,,,,,
21890,-4.0,,,,,,,,,,,,,,,,,,
21897,-5.0,,,,,,,,,,,,,,,,,,
21898,-5.0,,,,,,,,,,,,,,,,,,
21900,-5.0,,,,,,,,,,,,,,,,,,
21906,-6.0,,,,,,,,,,,,,,,,,,
21911,-4.0,,,,,,,,,,,,,,,,,,
21912,-4.0,,,,,,,,,,,,,,,,,,
21914,-7.0,,,,,,,,,,,,,,,,,,
21915,-5.0,,,,,,,,,,,,,,,,,,
21916,-4.0,,,,,,,,,,,,,,,,,,
21917,-4.0,,,,,,,,,,,,,,,,,,
21918,-4.0,,,,,,,,,,,,,,,,,,
21920,-4.0,,,,,,,,,,,,,,,,,,
21923,-5.0,,,,,,,,,,,,,,,,,,
21931,-7.0,,,,,,,,,,,,,,,,,,
21933,-4.0,,,,,,,,,,,,,,,,,,
21936,-5.0,,,,,,,,,,,,,,,,,,
21941,-4.0,,,,,,,,,,,,,,,,,,
21949,-4.0,,,,,,,,,,,,,,,,,,
21955,-4.0,,,,,,,,,,,,,,,,,,
21962,-6.0,,,,,,,,,,,,,,,,,,
21963,-4.0,,,,,,,,,,,,,,,,,,
21966,-5.0,,,,,,,,,,,,,,,,,,
21967,-4.0,,,,,,,,,,,,,,,,,,
21974,-4.0,,,,,,,,,,,,,,,,,,
21978,-4.0,,,,,,,,,,,,,,,,,,
21980,-4.0,,,,,,,,,,,,,,,,,,
21981,-4.0,,,,,,,,,,,,,,,,,,
21982,-7.0,,,,,,,,,,,,,,,,,,
21983,-10.0,,,,,,,,,,,,,,,,,,
21985,-4.0,,,,,,,,,,,,,,,,,,
21988,-6.0,,,,,,,,,,,,,,,,,,
21996,-4.0,,,,,,,,,,,,,,,,,,
22002,-7.0,,,,,,,,,,,,,,,,,,
22006,-4.0,,,,,,,,,,,,,,,,,,
22007,-4.0,,,,,,,,,,,,,,,,,,
22019,-5.0,,,,,,,,,,,,,,,,,,
22025,-4.0,,,,,,,,,,,,,,,,,,
22026,-4.0,,,,,,,,,,,,,,,,,,
22030,-4.0,,,,,,,,,,,,,,,,,,
22039,-5.0,,,,,,,,,,,,,,,,,,
22041,-7.0,,,,,,,,,,,,,,,,,,
22044,-5.0,,,,,,,,,,,,,,,,,,
22052,-4.0,,,,,,,,,,,,,,,,,,
22055,-5.0,,,,,,,,,,,,,,,,,,
22062,-4.0,,,,,,,,,,,,,,,,,,
22068,-5.0,,,,,,,,,,,,,,,,,,
22070,-5.0,,,,,,,,,,,,,,,,,,
22078,-6.0,,,,,,,,,,,,,,,,,,
22079,-4.0,,,,,,,,,,,,,,,,,,
22082,-6.0,,,,,,,,,,,,,,,,,,
22087,-5.0,,,,,,,,,,,,,,,,,,
22088,-4.0,,,,,,,,,,,,,,,,,,
22092,-5.0,,,,,,,,,,,,,,,,,,
22100,-4.0,,,,,,,,,,,,,,,,,,
22101,-4.0,,,,,,,,,,,,,,,,,,
22104,-4.0,,,,,,,,,,,,,,,,,,
22119,-6.0,,,,,,,,,,,,,,,,,,
22124,-13.0,,,,,,,,,,,,,,,,,,
22135,-4.0,,,,,,,,,,,,,,,,,,
22136,-4.0,,,,,,,,,,,,,,,,,,
22145,-4.0,,,,,,,,,,,,,,,,,,
22146,-7.0,,,,,,,,,,,,,,,,,,
22148,-6.0,,,,,,,,,,,,,,,,,,
22150,-5.0,,,,,,,,,,,,,,,,,,
22152,-4.0,,,,,,,,,,,,,,,,,,
22157,-5.0,,,,,,,,,,,,,,,,,,
22160,-5.0,,,,,,,,,,,,,,,,,,
22161,-4.0,,,,,,,,,,,,,,,,,,
22168,-4.0,,,,,,,,,,,,,,,,,,
22170,-5.0,,,,,,,,,,,,,,,,,,
22172,-4.0,,,,,,,,,,,,,,,,,,
22176,-4.0,,,,,,,,,,,,,,,,,,
22177,-4.0,,,,,,,,,,,,,,,,,,
22178,-4.0,,,,,,,,,,,,,,,,,,
22179,-4.0,,,,,,,,,,,,,,,,,,
22180,-5.0,,,,,,,,,,,,,,,,,,
22183,-5.0,,,,,,,,,,,,,,,,,,
22185,-4.0,,,,,,,,,,,,,,,,,,
22192,-4.0,,,,,,,,,,,,,,,,,,
22198,-7.0,,,,,,,,,,,,,,,,,,
22202,-4.0,,,,,,,,,,,,,,,,,,
22204,-5.0,,,,,,,,,,,,,,,,,,
22205,-7.0,,,,,,,,,,,,,,,,,,
22210,-4.0,,,,,,,,,,,,,,,,,,
22215,-4.0,,,,,,,,,,,,,,,,,,
22220,-4.0,,,,,,,,,,,,,,,,,,
22227,-5.0,,,,,,,,,,,,,,,,,,
22229,-5.0,,,,,,,,,,,,,,,,,,
22233,-6.0,,,,,,,,,,,,,,,,,,
22238,-5.0,,,,,,,,,,,,,,,,,,
22242,-4.0,,,,,,,,,,,,,,,,,,
22246,-4.0,,,,,,,,,,,,,,,,,,
22259,-5.0,,,,,,,,,,,,,,,,,,
22261,-4.0,,,,,,,,,,,,,,,,,,
22262,-4.0,,,,,,,,,,,,,,,,,,
22269,-5.0,,,,,,,,,,,,,,,,,,
22270,-4.0,,,,,,,,,,,,,,,,,,
22276,-4.0,,,,,,,,,,,,,,,,,,
22278,-4.0,,,,,,,,,,,,,,,,,,
22281,-5.0,,,,,,,,,,,,,,,,,,
22283,-5.0,,,,,,,,,,,,,,,,,,
22285,-4.0,,,,,,,,,,,,,,,,,,
22287,-4.0,,,,,,,,,,,,,,,,,,
22289,-4.0,,,,,,,,,,,,,,,,,,
22290,-4.0,,,,,,,,,,,,,,,,,,
22294,-5.0,,,,,,,,,,,,,,,,,,
22295,-5.0,,,,,,,,,,,,,,,,,,
22296,-4.0,,,,,,,,,,,,,,,,,,
22298,-4.0,,,,,,,,,,,,,,,,,,
22304,-6.0,,,,,,,,,,,,,,,,,,
22311,-4.0,,,,,,,,,,,,,,,,,,
22317,-5.0,,,,,,,,,,,,,,,,,,
22318,-5.0,,,,,,,,,,,,,,,,,,
22320,-6.0,,,,,,,,,,,,,,,,,,
22326,-4.0,,,,,,,,,,,,,,,,,,
22332,-5.0,,,,,,,,,,,,,,,,,,
22334,-4.0,,,,,,,,,,,,,,,,,,
22337,-6.0,,,,,,,,,,,,,,,,,,
22343,-4.0,,,,,,,,,,,,,,,,,,
22347,-5.0,,,,,,,,,,,,,,,,,,
22348,-4.0,,,,,,,,,,,,,,,,,,
22349,-4.0,,,,,,,,,,,,,,,,,,
22361,-5.0,,,,,,,,,,,,,,,,,,
22375,-6.0,,,,,,,,,,,,,,,,,,
22378,-6.0,,,,,,,,,,,,,,,,,,
22379,-4.0,,,,,,,,,,,,,,,,,,
22382,-4.0,,,,,,,,,,,,,,,,,,
22391,-7.0,,,,,,,,,,,,,,,,,,
22393,-4.0,,,,,,,,,,,,,,,,,,
22395,-4.0,,,,,,,,,,,,,,,,,,
22400,-4.0,,,,,,,,,,,,,,,,,,
22401,-5.0,,,,,,,,,,,,,,,,,,
22403,-4.0,,,,,,,,,,,,,,,,,,
22407,-4.0,,,,,,,,,,,,,,,,,,
22414,-4.0,,,,,,,,,,,,,,,,,,
22415,-4.0,,,,,,,,,,,,,,,,,,
22419,-4.0,,,,,,,,,,,,,,,,,,
22420,-5.0,,,,,,,,,,,,,,,,,,
22424,-6.0,,,,,,,,,,,,,,,,,,
22425,-4.0,,,,,,,,,,,,,,,,,,
22434,-4.0,,,,,,,,,,,,,,,,,,
22440,-4.0,,,,,,,,,,,,,,,,,,
22444,-5.0,,,,,,,,,,,,,,,,,,
22449,-7.0,,,,,,,,,,,,,,,,,,
22455,-4.0,,,,,,,,,,,,,,,,,,
22458,-5.0,,,,,,,,,,,,,,,,,,
22460,-4.0,,,,,,,,,,,,,,,,,,
22466,-4.0,,,,,,,,,,,,,,,,,,
22470,-5.0,,,,,,,,,,,,,,,,,,
22475,-4.0,,,,,,,,,,,,,,,,,,
22476,-4.0,,,,,,,,,,,,,,,,,,
22478,-5.0,,,,,,,,,,,,,,,,,,
22479,-4.0,,,,,,,,,,,,,,,,,,
22482,-7.0,,,,,,,,,,,,,,,,,,
22485,-4.0,,,,,,,,,,,,,,,,,,
22488,-4.0,,,,,,,,,,,,,,,,,,
22491,-4.0,,,,,,,,,,,,,,,,,,
22495,-4.0,,,,,,,,,,,,,,,,,,
22496,-5.0,,,,,,,,,,,,,,,,,,
22497,-4.0,,,,,,,,,,,,,,,,,,
22502,-8.0,,,,,,,,,,,,,,,,,,
22507,-4.0,,,,,,,,,,,,,,,,,,
22508,-4.0,,,,,,,,,,,,,,,,,,
22511,-4.0,,,,,,,,,,,,,,,,,,
22517,-5.0,,,,,,,,,,,,,,,,,,
22518,-5.0,,,,,,,,,,,,,,,,,,
22519,-4.0,,,,,,,,,,,,,,,,,,
22524,-5.0,,,,,,,,,,,,,,,,,,
22526,-5.0,,,,,,,,,,,,,,,,,,
22528,-10.0,,,,,,,,,,,,,,,,,,
22529,-5.0,,,,,,,,,,,,,,,,,,
22531,-4.0,,,,,,,,,,,,,,,,,,
22532,-4.0,,,,,,,,,,,,,,,,,,
22534,-5.0,,,,,,,,,,,,,,,,,,
22541,-4.0,,,,,,,,,,,,,,,,,,
22542,-4.0,,,,,,,,,,,,,,,,,,
22554,-4.0,,,,,,,,,,,,,,,,,,
22559,-4.0,,,,,,,,,,,,,,,,,,
22566,-7.0,,,,,,,,,,,,,,,,,,
22568,-4.0,,,,,,,,,,,,,,,,,,
22569,-4.0,,,,,,,,,,,,,,,,,,
22570,-6.0,,,,,,,,,,,,,,,,,,
22571,-4.0,,,,,,,,,,,,,,,,,,
22572,-4.0,,,,,,,,,,,,,,,,,,
22575,-6.0,,,,,,,,,,,,,,,,,,
22576,-5.0,,,,,,,,,,,,,,,,,,
22577,-5.0,,,,,,,,,,,,,,,,,,
22587,-4.0,,,,,,,,,,,,,,,,,,
22589,-6.0,,,,,,,,,,,,,,,,,,
22590,-4.0,,,,,,,,,,,,,,,,,,
22599,-4.0,,,,,,,,,,,,,,,,,,
22612,-4.0,,,,,,,,,,,,,,,,,,
22615,-5.0,,,,,,,,,,,,,,,,,,
22617,-4.0,,,,,,,,,,,,,,,,,,
22620,-4.0,,,,,,,,,,,,,,,,,,
22625,-7.0,,,,,,,,,,,,,,,,,,
22627,-5.0,,,,,,,,,,,,,,,,,,
22637,-5.0,,,,,,,,,,,,,,,,,,
22643,-5.0,,,,,,,,,,,,,,,,,,
22647,-7.0,,,,,,,,,,,,,,,,,,
22649,-4.0,,,,,,,,,,,,,,,,,,
22652,-5.0,,,,,,,,,,,,,,,,,,
22655,-4.0,,,,,,,,,,,,,,,,,,
22661,-4.0,,,,,,,,,,,,,,,,,,
22662,-5.0,,,,,,,,,,,,,,,,,,
22665,-5.0,,,,,,,,,,,,,,,,,,
22666,-4.0,,,,,,,,,,,,,,,,,,
22667,-5.0,,,,,,,,,,,,,,,,,,
22671,-7.0,,,,,,,,,,,,,,,,,,
22672,-4.0,,,,,,,,,,,,,,,,,,
22675,-4.0,,,,,,,,,,,,,,,,,,
22678,-4.0,,,,,,,,,,,,,,,,,,
22679,-4.0,,,,,,,,,,,,,,,,,,
22680,-4.0,,,,,,,,,,,,,,,,,,
22682,-4.0,,,,,,,,,,,,,,,,,,
22686,-4.0,,,,,,,,,,,,,,,,,,
22692,-4.0,,,,,,,,,,,,,,,,,,
22693,-4.0,,,,,,,,,,,,,,,,,,
22694,-4.0,,,,,,,,,,,,,,,,,,
22704,-4.0,,,,,,,,,,,,,,,,,,
22708,-4.0,,,,,,,,,,,,,,,,,,
22710,-4.0,,,,,,,,,,,,,,,,,,
22717,-4.0,,,,,,,,,,,,,,,,,,
22718,-16.0,,,,,,,,,,,,,,,,,,
22723,-5.0,,,,,,,,,,,,,,,,,,
22727,-4.0,,,,,,,,,,,,,,,,,,
22740,-4.0,,,,,,,,,,,,,,,,,,
22742,-4.0,,,,,,,,,,,,,,,,,,
22744,-4.0,,,,,,,,,,,,,,,,,,
22754,-4.0,,,,,,,,,,,,,,,,,,
22758,-5.0,,,,,,,,,,,,,,,,,,
22760,-5.0,,,,,,,,,,,,,,,,,,
22769,-5.0,,,,,,,,,,,,,,,,,,
22772,-5.0,,,,,,,,,,,,,,,,,,
22774,-4.0,,,,,,,,,,,,,,,,,,
22778,-5.0,,,,,,,,,,,,,,,,,,
22784,-4.0,,,,,,,,,,,,,,,,,,
22785,-5.0,,,,,,,,,,,,,,,,,,
22787,-4.0,,,,,,,,,,,,,,,,,,
22795,-4.0,,,,,,,,,,,,,,,,,,
22800,-6.0,,,,,,,,,,,,,,,,,,
22807,-5.0,,,,,,,,,,,,,,,,,,
22810,-4.0,,,,,,,,,,,,,,,,,,
22812,-4.0,,,,,,,,,,,,,,,,,,
22815,-4.0,,,,,,,,,,,,,,,,,,
22818,-5.0,,,,,,,,,,,,,,,,,,
22820,-4.0,,,,,,,,,,,,,,,,,,
22829,-4.0,,,,,,,,,,,,,,,,,,
22838,-4.0,,,,,,,,,,,,,,,,,,
22842,-5.0,,,,,,,,,,,,,,,,,,
22858,-6.0,,,,,,,,,,,,,,,,,,
22863,-5.0,,,,,,,,,,,,,,,,,,
22870,-4.0,,,,,,,,,,,,,,,,,,
22875,-4.0,,,,,,,,,,,,,,,,,,
22876,-5.0,,,,,,,,,,,,,,,,,,
22880,-5.0,,,,,,,,,,,,,,,,,,
22883,-4.0,,,,,,,,,,,,,,,,,,
22886,-4.0,,,,,,,,,,,,,,,,,,
22888,-4.0,,,,,,,,,,,,,,,,,,
22891,-5.0,,,,,,,,,,,,,,,,,,
22895,-4.0,,,,,,,,,,,,,,,,,,
22901,-4.0,,,,,,,,,,,,,,,,,,
22902,-5.0,,,,,,,,,,,,,,,,,,
22907,-4.0,,,,,,,,,,,,,,,,,,
22912,-4.0,,,,,,,,,,,,,,,,,,
22913,-8.0,,,,,,,,,,,,,,,,,,
22922,-4.0,,,,,,,,,,,,,,,,,,
22925,-4.0,,,,,,,,,,,,,,,,,,
22929,-5.0,,,,,,,,,,,,,,,,,,
22937,-4.0,,,,,,,,,,,,,,,,,,
22945,-5.0,,,,,,,,,,,,,,,,,,
22948,-4.0,,,,,,,,,,,,,,,,,,
22949,-4.0,,,,,,,,,,,,,,,,,,
22950,-5.0,,,,,,,,,,,,,,,,,,
22955,-4.0,,,,,,,,,,,,,,,,,,
22960,-4.0,,,,,,,,,,,,,,,,,,
22961,-4.0,,,,,,,,,,,,,,,,,,
22968,-4.0,,,,,,,,,,,,,,,,,,
22970,-8.0,,,,,,,,,,,,,,,,,,
22983,-4.0,,,,,,,,,,,,,,,,,,
22986,-4.0,,,,,,,,,,,,,,,,,,
22987,-4.0,,,,,,,,,,,,,,,,,,
22988,-4.0,,,,,,,,,,,,,,,,,,
22990,-5.0,,,,,,,,,,,,,,,,,,
22993,-4.0,,,,,,,,,,,,,,,,,,
22998,-4.0,,,,,,,,,,,,,,,,,,
23011,-7.0,,,,,,,,,,,,,,,,,,
23015,-6.0,,,,,,,,,,,,,,,,,,
23016,-4.0,,,,,,,,,,,,,,,,,,
23023,-5.0,,,,,,,,,,,,,,,,,,
23025,-5.0,,,,,,,,,,,,,,,,,,
23035,-5.0,,,,,,,,,,,,,,,,,,
23038,-5.0,,,,,,,,,,,,,,,,,,
23039,-5.0,,,,,,,,,,,,,,,,,,
23042,-12.0,,,,,,,,,,,,,,,,,,
23055,-4.0,,,,,,,,,,,,,,,,,,
23060,-4.0,,,,,,,,,,,,,,,,,,
23064,-5.0,,,,,,,,,,,,,,,,,,
23079,-5.0,,,,,,,,,,,,,,,,,,
23080,-5.0,,,,,,,,,,,,,,,,,,
23095,-4.0,,,,,,,,,,,,,,,,,,
23098,-4.0,,,,,,,,,,,,,,,,,,
23100,-7.0,,,,,,,,,,,,,,,,,,
23102,-5.0,,,,,,,,,,,,,,,,,,
23103,-4.0,,,,,,,,,,,,,,,,,,
23106,-4.0,,,,,,,,,,,,,,,,,,
23110,-5.0,,,,,,,,,,,,,,,,,,
23113,-4.0,,,,,,,,,,,,,,,,,,
23114,-4.0,,,,,,,,,,,,,,,,,,
23117,-4.0,,,,,,,,,,,,,,,,,,
23128,-4.0,,,,,,,,,,,,,,,,,,
23129,-5.0,,,,,,,,,,,,,,,,,,
23130,-4.0,,,,,,,,,,,,,,,,,,
23143,-5.0,,,,,,,,,,,,,,,,,,
23145,-5.0,,,,,,,,,,,,,,,,,,
23154,-4.0,,,,,,,,,,,,,,,,,,
23164,-5.0,,,,,,,,,,,,,,,,,,
23173,-4.0,,,,,,,,,,,,,,,,,,
23175,-4.0,,,,,,,,,,,,,,,,,,
23179,-4.0,,,,,,,,,,,,,,,,,,
23182,-4.0,,,,,,,,,,,,,,,,,,
23183,-5.0,,,,,,,,,,,,,,,,,,
23195,-4.0,,,,,,,,,,,,,,,,,,
23199,-4.0,,,,,,,,,,,,,,,,,,
23200,-5.0,,,,,,,,,,,,,,,,,,
23218,-4.0,,,,,,,,,,,,,,,,,,
23219,-6.0,,,,,,,,,,,,,,,,,,
23226,-4.0,,,,,,,,,,,,,,,,,,
23227,-4.0,,,,,,,,,,,,,,,,,,
23228,-4.0,,,,,,,,,,,,,,,,,,
23232,-4.0,,,,,,,,,,,,,,,,,,
23233,-5.0,,,,,,,,,,,,,,,,,,
23235,-5.0,,,,,,,,,,,,,,,,,,
23238,-4.0,,,,,,,,,,,,,,,,,,
23242,-4.0,,,,,,,,,,,,,,,,,,
23243,-4.0,,,,,,,,,,,,,,,,,,
23244,-4.0,,,,,,,,,,,,,,,,,,
23246,-4.0,,,,,,,,,,,,,,,,,,
23250,-4.0,,,,,,,,,,,,,,,,,,
23252,-6.0,,,,,,,,,,,,,,,,,,
23254,-4.0,,,,,,,,,,,,,,,,,,
23255,-6.0,,,,,,,,,,,,,,,,,,
23258,-5.0,,,,,,,,,,,,,,,,,,
23260,-4.0,,,,,,,,,,,,,,,,,,
23263,-5.0,,,,,,,,,,,,,,,,,,
23265,-4.0,,,,,,,,,,,,,,,,,,
23281,-5.0,,,,,,,,,,,,,,,,,,
23285,-4.0,,,,,,,,,,,,,,,,,,
23286,-4.0,,,,,,,,,,,,,,,,,,
23288,-4.0,,,,,,,,,,,,,,,,,,
23291,-7.0,,,,,,,,,,,,,,,,,,
23292,-4.0,,,,,,,,,,,,,,,,,,
23303,-4.0,,,,,,,,,,,,,,,,,,
23305,-7.0,,,,,,,,,,,,,,,,,,
23310,-5.0,,,,,,,,,,,,,,,,,,
23311,-4.0,,,,,,,,,,,,,,,,,,
23314,-7.0,,,,,,,,,,,,,,,,,,
23315,-7.0,,,,,,,,,,,,,,,,,,
23318,-4.0,,,,,,,,,,,,,,,,,,
23322,-4.0,,,,,,,,,,,,,,,,,,
23324,-4.0,,,,,,,,,,,,,,,,,,
23326,-4.0,,,,,,,,,,,,,,,,,,
23327,-4.0,,,,,,,,,,,,,,,,,,
23329,-4.0,,,,,,,,,,,,,,,,,,
23341,-5.0,,,,,,,,,,,,,,,,,,
23342,-5.0,,,,,,,,,,,,,,,,,,
23345,-5.0,,,,,,,,,,,,,,,,,,
23348,-4.0,,,,,,,,,,,,,,,,,,
23349,-5.0,,,,,,,,,,,,,,,,,,
23352,-5.0,,,,,,,,,,,,,,,,,,
23359,-4.0,,,,,,,,,,,,,,,,,,
23364,-4.0,,,,,,,,,,,,,,,,,,
23365,-5.0,,,,,,,,,,,,,,,,,,
23366,-4.0,,,,,,,,,,,,,,,,,,
23368,-5.0,,,,,,,,,,,,,,,,,,
23378,-5.0,,,,,,,,,,,,,,,,,,
23382,-4.0,,,,,,,,,,,,,,,,,,
23387,-4.0,,,,,,,,,,,,,,,,,,
23390,-4.0,,,,,,,,,,,,,,,,,,
23394,-4.0,,,,,,,,,,,,,,,,,,
23395,-4.0,,,,,,,,,,,,,,,,,,
23398,-5.0,,,,,,,,,,,,,,,,,,
23408,-5.0,,,,,,,,,,,,,,,,,,
23410,-5.0,,,,,,,,,,,,,,,,,,
23411,-4.0,,,,,,,,,,,,,,,,,,
23414,-5.0,,,,,,,,,,,,,,,,,,
23427,-6.0,,,,,,,,,,,,,,,,,,
23430,-4.0,,,,,,,,,,,,,,,,,,
23432,-4.0,,,,,,,,,,,,,,,,,,
23433,-4.0,,,,,,,,,,,,,,,,,,
23444,-5.0,,,,,,,,,,,,,,,,,,
23445,-4.0,,,,,,,,,,,,,,,,,,
23448,-4.0,,,,,,,,,,,,,,,,,,
23456,-4.0,,,,,,,,,,,,,,,,,,
23467,-5.0,,,,,,,,,,,,,,,,,,
23468,-4.0,,,,,,,,,,,,,,,,,,
23475,-4.0,,,,,,,,,,,,,,,,,,
23480,-5.0,,,,,,,,,,,,,,,,,,
23486,-4.0,,,,,,,,,,,,,,,,,,
23495,-4.0,,,,,,,,,,,,,,,,,,
23496,-4.0,,,,,,,,,,,,,,,,,,
23497,-4.0,,,,,,,,,,,,,,,,,,
23507,-5.0,,,,,,,,,,,,,,,,,,
23511,-4.0,,,,,,,,,,,,,,,,,,
23519,-4.0,,,,,,,,,,,,,,,,,,
23521,-7.0,,,,,,,,,,,,,,,,,,
23526,-5.0,,,,,,,,,,,,,,,,,,
23529,-4.0,,,,,,,,,,,,,,,,,,
23531,-4.0,,,,,,,,,,,,,,,,,,
23540,-4.0,,,,,,,,,,,,,,,,,,
23545,-4.0,,,,,,,,,,,,,,,,,,
23547,-5.0,,,,,,,,,,,,,,,,,,
23553,-4.0,,,,,,,,,,,,,,,,,,
23560,-7.0,,,,,,,,,,,,,,,,,,
23564,-4.0,,,,,,,,,,,,,,,,,,
23577,-4.0,,,,,,,,,,,,,,,,,,
23579,-4.0,,,,,,,,,,,,,,,,,,
23581,-4.0,,,,,,,,,,,,,,,,,,
23586,-6.0,,,,,,,,,,,,,,,,,,
23605,-5.0,,,,,,,,,,,,,,,,,,
23606,-5.0,,,,,,,,,,,,,,,,,,
23608,-4.0,,,,,,,,,,,,,,,,,,
23612,-4.0,,,,,,,,,,,,,,,,,,
23615,-5.0,,,,,,,,,,,,,,,,,,
23630,-5.0,,,,,,,,,,,,,,,,,,
23632,-5.0,,,,,,,,,,,,,,,,,,
23635,-4.0,,,,,,,,,,,,,,,,,,
23644,-4.0,,,,,,,,,,,,,,,,,,
23646,-4.0,,,,,,,,,,,,,,,,,,
23661,-4.0,,,,,,,,,,,,,,,,,,
23663,-4.0,,,,,,,,,,,,,,,,,,
23673,-4.0,,,,,,,,,,,,,,,,,,
23679,-5.0,,,,,,,,,,,,,,,,,,
23682,-4.0,,,,,,,,,,,,,,,,,,
23688,-5.0,,,,,,,,,,,,,,,,,,
23689,-4.0,,,,,,,,,,,,,,,,,,
23690,-4.0,,,,,,,,,,,,,,,,,,
23700,-4.0,,,,,,,,,,,,,,,,,,
23702,-4.0,,,,,,,,,,,,,,,,,,
23704,-5.0,,,,,,,,,,,,,,,,,,
23713,-4.0,,,,,,,,,,,,,,,,,,
23714,-5.0,,,,,,,,,,,,,,,,,,
23718,-4.0,,,,,,,,,,,,,,,,,,
23720,-4.0,,,,,,,,,,,,,,,,,,
23724,-4.0,,,,,,,,,,,,,,,,,,
23728,-4.0,,,,,,,,,,,,,,,,,,
23735,-6.0,,,,,,,,,,,,,,,,,,
23737,-4.0,,,,,,,,,,,,,,,,,,
23740,-4.0,,,,,,,,,,,,,,,,,,
23741,-4.0,,,,,,,,,,,,,,,,,,
23745,-6.0,,,,,,,,,,,,,,,,,,
23747,-4.0,,,,,,,,,,,,,,,,,,
23748,-4.0,,,,,,,,,,,,,,,,,,
23752,-4.0,,,,,,,,,,,,,,,,,,
23757,-5.0,,,,,,,,,,,,,,,,,,
23759,-4.0,,,,,,,,,,,,,,,,,,
23765,-5.0,,,,,,,,,,,,,,,,,,
23770,-5.0,,,,,,,,,,,,,,,,,,
23778,-5.0,,,,,,,,,,,,,,,,,,
23780,-5.0,,,,,,,,,,,,,,,,,,
23789,-4.0,,,,,,,,,,,,,,,,,,
23791,-4.0,,,,,,,,,,,,,,,,,,
23795,-4.0,,,,,,,,,,,,,,,,,,
23800,-5.0,,,,,,,,,,,,,,,,,,
23801,-4.0,,,,,,,,,,,,,,,,,,
23803,-5.0,,,,,,,,,,,,,,,,,,
23805,-4.0,,,,,,,,,,,,,,,,,,
23809,-5.0,,,,,,,,,,,,,,,,,,
23810,-10.0,,,,,,,,,,,,,,,,,,
23811,-5.0,,,,,,,,,,,,,,,,,,
23812,-5.0,,,,,,,,,,,,,,,,,,
23817,-4.0,,,,,,,,,,,,,,,,,,
23822,-6.0,,,,,,,,,,,,,,,,,,
23823,-5.0,,,,,,,,,,,,,,,,,,
23824,-4.0,,,,,,,,,,,,,,,,,,
23831,-4.0,,,,,,,,,,,,,,,,,,
23842,-5.0,,,,,,,,,,,,,,,,,,
23845,-5.0,,,,,,,,,,,,,,,,,,
23870,-4.0,,,,,,,,,,,,,,,,,,
23878,-4.0,,,,,,,,,,,,,,,,,,
23880,-5.0,,,,,,,,,,,,,,,,,,
23889,-4.0,,,,,,,,,,,,,,,,,,
23898,-6.0,,,,,,,,,,,,,,,,,,
23899,-4.0,,,,,,,,,,,,,,,,,,
23901,-4.0,,,,,,,,,,,,,,,,,,
23913,-4.0,,,,,,,,,,,,,,,,,,
23916,-5.0,,,,,,,,,,,,,,,,,,
23920,-4.0,,,,,,,,,,,,,,,,,,
23923,-7.0,,,,,,,,,,,,,,,,,,
23924,-4.0,,,,,,,,,,,,,,,,,,
23928,-7.0,,,,,,,,,,,,,,,,,,
23930,-6.0,,,,,,,,,,,,,,,,,,
23937,-5.0,,,,,,,,,,,,,,,,,,
23939,-5.0,,,,,,,,,,,,,,,,,,
23940,-4.0,,,,,,,,,,,,,,,,,,
23941,-4.0,,,,,,,,,,,,,,,,,,
23946,-5.0,,,,,,,,,,,,,,,,,,
23949,-4.0,,,,,,,,,,,,,,,,,,
23950,-4.0,,,,,,,,,,,,,,,,,,
23952,-5.0,,,,,,,,,,,,,,,,,,
23955,-4.0,,,,,,,,,,,,,,,,,,
23959,-4.0,,,,,,,,,,,,,,,,,,
23961,-4.0,,,,,,,,,,,,,,,,,,
23962,-4.0,,,,,,,,,,,,,,,,,,
23987,-5.0,,,,,,,,,,,,,,,,,,
24004,-5.0,,,,,,,,,,,,,,,,,,
24007,-5.0,,,,,,,,,,,,,,,,,,
24015,-4.0,,,,,,,,,,,,,,,,,,
24016,-4.0,,,,,,,,,,,,,,,,,,
24020,-4.0,,,,,,,,,,,,,,,,,,
24022,-4.0,,,,,,,,,,,,,,,,,,
24023,-4.0,,,,,,,,,,,,,,,,,,
24024,-5.0,,,,,,,,,,,,,,,,,,
24025,-5.0,,,,,,,,,,,,,,,,,,
24026,-4.0,,,,,,,,,,,,,,,,,,
24029,-5.0,,,,,,,,,,,,,,,,,,
24044,-5.0,,,,,,,,,,,,,,,,,,
24050,-5.0,,,,,,,,,,,,,,,,,,
24051,-5.0,,,,,,,,,,,,,,,,,,
24058,-5.0,,,,,,,,,,,,,,,,,,
24060,-4.0,,,,,,,,,,,,,,,,,,
24063,-4.0,,,,,,,,,,,,,,,,,,
24074,-4.0,,,,,,,,,,,,,,,,,,
24083,-5.0,,,,,,,,,,,,,,,,,,
24097,-4.0,,,,,,,,,,,,,,,,,,
24107,-4.0,,,,,,,,,,,,,,,,,,
24112,-4.0,,,,,,,,,,,,,,,,,,
24115,-4.0,,,,,,,,,,,,,,,,,,
24121,-4.0,,,,,,,,,,,,,,,,,,
24122,-4.0,,,,,,,,,,,,,,,,,,
24127,-4.0,,,,,,,,,,,,,,,,,,
24131,-5.0,,,,,,,,,,,,,,,,,,
24139,-4.0,,,,,,,,,,,,,,,,,,
24149,-4.0,,,,,,,,,,,,,,,,,,
24151,-5.0,,,,,,,,,,,,,,,,,,
24157,-4.0,,,,,,,,,,,,,,,,,,
24159,-4.0,,,,,,,,,,,,,,,,,,
24165,-4.0,,,,,,,,,,,,,,,,,,
24172,-4.0,,,,,,,,,,,,,,,,,,
24190,-4.0,,,,,,,,,,,,,,,,,,
24193,-4.0,,,,,,,,,,,,,,,,,,
24194,-5.0,,,,,,,,,,,,,,,,,,
24195,-5.0,,,,,,,,,,,,,,,,,,
24205,-4.0,,,,,,,,,,,,,,,,,,
24208,-4.0,,,,,,,,,,,,,,,,,,
24209,-4.0,,,,,,,,,,,,,,,,,,
24214,-5.0,,,,,,,,,,,,,,,,,,
24217,-5.0,,,,,,,,,,,,,,,,,,
24222,-7.0,,,,,,,,,,,,,,,,,,
24225,-4.0,,,,,,,,,,,,,,,,,,
24226,-4.0,,,,,,,,,,,,,,,,,,
24234,-5.0,,,,,,,,,,,,,,,,,,
24236,-4.0,,,,,,,,,,,,,,,,,,
24243,-4.0,,,,,,,,,,,,,,,,,,
24244,-4.0,,,,,,,,,,,,,,,,,,
24259,-4.0,,,,,,,,,,,,,,,,,,
24266,-4.0,,,,,,,,,,,,,,,,,,
24276,-4.0,,,,,,,,,,,,,,,,,,
24286,-5.0,,,,,,,,,,,,,,,,,,
24290,-4.0,,,,,,,,,,,,,,,,,,
24296,-5.0,,,,,,,,,,,,,,,,,,
24299,-4.0,,,,,,,,,,,,,,,,,,
24301,-5.0,,,,,,,,,,,,,,,,,,
24303,-5.0,,,,,,,,,,,,,,,,,,
24304,-4.0,,,,,,,,,,,,,,,,,,
24312,-5.0,,,,,,,,,,,,,,,,,,
24313,-4.0,,,,,,,,,,,,,,,,,,
24325,-4.0,,,,,,,,,,,,,,,,,,
24331,-4.0,,,,,,,,,,,,,,,,,,
24334,-4.0,,,,,,,,,,,,,,,,,,
24336,-4.0,,,,,,,,,,,,,,,,,,
24339,-5.0,,,,,,,,,,,,,,,,,,
24342,-4.0,,,,,,,,,,,,,,,,,,
24345,-4.0,,,,,,,,,,,,,,,,,,
24357,-4.0,,,,,,,,,,,,,,,,,,
24359,-4.0,,,,,,,,,,,,,,,,,,
24360,-4.0,,,,,,,,,,,,,,,,,,
24378,-4.0,,,,,,,,,,,,,,,,,,
24383,-5.0,,,,,,,,,,,,,,,,,,
24389,-4.0,,,,,,,,,,,,,,,,,,
24390,-5.0,,,,,,,,,,,,,,,,,,
24405,-4.0,,,,,,,,,,,,,,,,,,
24408,-4.0,,,,,,,,,,,,,,,,,,
24409,-4.0,,,,,,,,,,,,,,,,,,
24419,-4.0,,,,,,,,,,,,,,,,,,
24431,-5.0,,,,,,,,,,,,,,,,,,
24441,-4.0,,,,,,,,,,,,,,,,,,
24444,-4.0,,,,,,,,,,,,,,,,,,
24449,-4.0,,,,,,,,,,,,,,,,,,
24455,-4.0,,,,,,,,,,,,,,,,,,
24456,-4.0,,,,,,,,,,,,,,,,,,
24459,-5.0,,,,,,,,,,,,,,,,,,
24464,-4.0,,,,,,,,,,,,,,,,,,
24465,-5.0,,,,,,,,,,,,,,,,,,
24468,-5.0,,,,,,,,,,,,,,,,,,
24470,-4.0,,,,,,,,,,,,,,,,,,
24472,-4.0,,,,,,,,,,,,,,,,,,
24473,-4.0,,,,,,,,,,,,,,,,,,
24476,-4.0,,,,,,,,,,,,,,,,,,
24481,-5.0,,,,,,,,,,,,,,,,,,
24485,-4.0,,,,,,,,,,,,,,,,,,
24509,-4.0,,,,,,,,,,,,,,,,,,
24515,-5.0,,,,,,,,,,,,,,,,,,
24521,-4.0,,,,,,,,,,,,,,,,,,
24527,-5.0,,,,,,,,,,,,,,,,,,
24530,-4.0,,,,,,,,,,,,,,,,,,
24539,-4.0,,,,,,,,,,,,,,,,,,
24540,-6.0,,,,,,,,,,,,,,,,,,
24550,-4.0,,,,,,,,,,,,,,,,,,
24556,-5.0,,,,,,,,,,,,,,,,,,
24558,-4.0,,,,,,,,,,,,,,,,,,
24562,-4.0,,,,,,,,,,,,,,,,,,
24579,-4.0,,,,,,,,,,,,,,,,,,
24584,-4.0,,,,,,,,,,,,,,,,,,
24585,-4.0,,,,,,,,,,,,,,,,,,
24587,-4.0,,,,,,,,,,,,,,,,,,
24590,-5.0,,,,,,,,,,,,,,,,,,
24596,-4.0,,,,,,,,,,,,,,,,,,
24597,-5.0,,,,,,,,,,,,,,,,,,
24598,-5.0,,,,,,,,,,,,,,,,,,
24600,-4.0,,,,,,,,,,,,,,,,,,
24608,-7.0,,,,,,,,,,,,,,,,,,
24613,-4.0,,,,,,,,,,,,,,,,,,
24614,-5.0,,,,,,,,,,,,,,,,,,
24616,-4.0,,,,,,,,,,,,,,,,,,
24617,-5.0,,,,,,,,,,,,,,,,,,
24618,-4.0,,,,,,,,,,,,,,,,,,
24622,-7.0,,,,,,,,,,,,,,,,,,
24625,-5.0,,,,,,,,,,,,,,,,,,
24644,-4.0,,,,,,,,,,,,,,,,,,
24646,-5.0,,,,,,,,,,,,,,,,,,
24657,-4.0,,,,,,,,,,,,,,,,,,
24658,-4.0,,,,,,,,,,,,,,,,,,
24662,-4.0,,,,,,,,,,,,,,,,,,
24663,-4.0,,,,,,,,,,,,,,,,,,
24664,-4.0,,,,,,,,,,,,,,,,,,
24666,-4.0,,,,,,,,,,,,,,,,,,
24669,-5.0,,,,,,,,,,,,,,,,,,
24672,-4.0,,,,,,,,,,,,,,,,,,
24676,-4.0,,,,,,,,,,,,,,,,,,
24686,-4.0,,,,,,,,,,,,,,,,,,
24690,-4.0,,,,,,,,,,,,,,,,,,
24691,-4.0,,,,,,,,,,,,,,,,,,
24694,-5.0,,,,,,,,,,,,,,,,,,
24700,-4.0,,,,,,,,,,,,,,,,,,
24709,-5.0,,,,,,,,,,,,,,,,,,
24711,-4.0,,,,,,,,,,,,,,,,,,
24713,-5.0,,,,,,,,,,,,,,,,,,
24716,-4.0,,,,,,,,,,,,,,,,,,
24719,-5.0,,,,,,,,,,,,,,,,,,
24720,-4.0,,,,,,,,,,,,,,,,,,
24724,-4.0,,,,,,,,,,,,,,,,,,
24727,-4.0,,,,,,,,,,,,,,,,,,
24730,-5.0,,,,,,,,,,,,,,,,,,
24736,-4.0,,,,,,,,,,,,,,,,,,
24737,-4.0,,,,,,,,,,,,,,,,,,
24744,-4.0,,,,,,,,,,,,,,,,,,
24763,-5.0,,,,,,,,,,,,,,,,,,
24767,-4.0,,,,,,,,,,,,,,,,,,
24787,-4.0,,,,,,,,,,,,,,,,,,
24793,-4.0,,,,,,,,,,,,,,,,,,
24797,-4.0,,,,,,,,,,,,,,,,,,
24803,-4.0,,,,,,,,,,,,,,,,,,
24804,-4.0,,,,,,,,,,,,,,,,,,
24813,-6.0,,,,,,,,,,,,,,,,,,
24814,-5.0,,,,,,,,,,,,,,,,,,
24818,-5.0,,,,,,,,,,,,,,,,,,
24822,-4.0,,,,,,,,,,,,,,,,,,
24830,-5.0,,,,,,,,,,,,,,,,,,
24834,-4.0,,,,,,,,,,,,,,,,,,
24836,-4.0,,,,,,,,,,,,,,,,,,
24844,-4.0,,,,,,,,,,,,,,,,,,
24847,-4.0,,,,,,,,,,,,,,,,,,
24851,-5.0,,,,,,,,,,,,,,,,,,
24852,-4.0,,,,,,,,,,,,,,,,,,
24856,-4.0,,,,,,,,,,,,,,,,,,
24857,-6.0,,,,,,,,,,,,,,,,,,
24870,-4.0,,,,,,,,,,,,,,,,,,
24873,-4.0,,,,,,,,,,,,,,,,,,
24879,-5.0,,,,,,,,,,,,,,,,,,
24880,-4.0,,,,,,,,,,,,,,,,,,
24882,-5.0,,,,,,,,,,,,,,,,,,
24887,-4.0,,,,,,,,,,,,,,,,,,
24890,-5.0,,,,,,,,,,,,,,,,,,
24895,-5.0,,,,,,,,,,,,,,,,,,
24900,-4.0,,,,,,,,,,,,,,,,,,
24903,-5.0,,,,,,,,,,,,,,,,,,
24905,-4.0,,,,,,,,,,,,,,,,,,
24906,-4.0,,,,,,,,,,,,,,,,,,
24911,-4.0,,,,,,,,,,,,,,,,,,
24916,-4.0,,,,,,,,,,,,,,,,,,
24917,-4.0,,,,,,,,,,,,,,,,,,
24920,-4.0,,,,,,,,,,,,,,,,,,
24924,-4.0,,,,,,,,,,,,,,,,,,
24926,-4.0,,,,,,,,,,,,,,,,,,
24934,-4.0,,,,,,,,,,,,,,,,,,
24938,-7.0,,,,,,,,,,,,,,,,,,
24942,-4.0,,,,,,,,,,,,,,,,,,
24949,-4.0,,,,,,,,,,,,,,,,,,
24950,-5.0,,,,,,,,,,,,,,,,,,
24953,-5.0,,,,,,,,,,,,,,,,,,
24954,-5.0,,,,,,,,,,,,,,,,,,
24958,-4.0,,,,,,,,,,,,,,,,,,
24959,-4.0,,,,,,,,,,,,,,,,,,
24961,-5.0,,,,,,,,,,,,,,,,,,
24971,-5.0,,,,,,,,,,,,,,,,,,
24976,-4.0,,,,,,,,,,,,,,,,,,
24978,-4.0,,,,,,,,,,,,,,,,,,
24984,-4.0,,,,,,,,,,,,,,,,,,
24988,-4.0,,,,,,,,,,,,,,,,,,
24990,-4.0,,,,,,,,,,,,,,,,,,
24993,-4.0,,,,,,,,,,,,,,,,,,
24995,-4.0,,,,,,,,,,,,,,,,,,
24996,-4.0,,,,,,,,,,,,,,,,,,
25002,-4.0,,,,,,,,,,,,,,,,,,
25007,-5.0,,,,,,,,,,,,,,,,,,
25017,-6.0,,,,,,,,,,,,,,,,,,
25023,-5.0,,,,,,,,,,,,,,,,,,
25026,-4.0,,,,,,,,,,,,,,,,,,
25027,-4.0,,,,,,,,,,,,,,,,,,
25029,-4.0,,,,,,,,,,,,,,,,,,
25030,-4.0,,,,,,,,,,,,,,,,,,
25038,-4.0,,,,,,,,,,,,,,,,,,
25040,-4.0,,,,,,,,,,,,,,,,,,
25041,-4.0,,,,,,,,,,,,,,,,,,
25042,-4.0,,,,,,,,,,,,,,,,,,
25043,-4.0,,,,,,,,,,,,,,,,,,
25046,-4.0,,,,,,,,,,,,,,,,,,
25048,-4.0,,,,,,,,,,,,,,,,,,
25050,-5.0,,,,,,,,,,,,,,,,,,
25051,-4.0,,,,,,,,,,,,,,,,,,
25058,-8.0,,,,,,,,,,,,,,,,,,
25061,-5.0,,,,,,,,,,,,,,,,,,
25063,-5.0,,,,,,,,,,,,,,,,,,
25071,-4.0,,,,,,,,,,,,,,,,,,
25080,-5.0,,,,,,,,,,,,,,,,,,
25083,-4.0,,,,,,,,,,,,,,,,,,
25086,-5.0,,,,,,,,,,,,,,,,,,
25088,-5.0,,,,,,,,,,,,,,,,,,
25092,-4.0,,,,,,,,,,,,,,,,,,
25095,-4.0,,,,,,,,,,,,,,,,,,
25101,-5.0,,,,,,,,,,,,,,,,,,
25117,-4.0,,,,,,,,,,,,,,,,,,
25119,-4.0,,,,,,,,,,,,,,,,,,
25124,-5.0,,,,,,,,,,,,,,,,,,
25126,-4.0,,,,,,,,,,,,,,,,,,
25129,-4.0,,,,,,,,,,,,,,,,,,
25131,-4.0,,,,,,,,,,,,,,,,,,
25132,-5.0,,,,,,,,,,,,,,,,,,
25143,-4.0,,,,,,,,,,,,,,,,,,
25144,-4.0,,,,,,,,,,,,,,,,,,
25148,-5.0,,,,,,,,,,,,,,,,,,
25151,-4.0,,,,,,,,,,,,,,,,,,
25153,-4.0,,,,,,,,,,,,,,,,,,
25173,-5.0,,,,,,,,,,,,,,,,,,
25180,-4.0,,,,,,,,,,,,,,,,,,
25181,-5.0,,,,,,,,,,,,,,,,,,
25183,-4.0,,,,,,,,,,,,,,,,,,
25184,-4.0,,,,,,,,,,,,,,,,,,
25185,-4.0,,,,,,,,,,,,,,,,,,
25196,-4.0,,,,,,,,,,,,,,,,,,
25203,-4.0,,,,,,,,,,,,,,,,,,
25208,-4.0,,,,,,,,,,,,,,,,,,
25210,-5.0,,,,,,,,,,,,,,,,,,
25217,-4.0,,,,,,,,,,,,,,,,,,
25218,-4.0,,,,,,,,,,,,,,,,,,
25227,-5.0,,,,,,,,,,,,,,,,,,
25231,-4.0,,,,,,,,,,,,,,,,,,
25238,-4.0,,,,,,,,,,,,,,,,,,
25247,-5.0,,,,,,,,,,,,,,,,,,
25249,-4.0,,,,,,,,,,,,,,,,,,
25253,-4.0,,,,,,,,,,,,,,,,,,
25273,-5.0,,,,,,,,,,,,,,,,,,
25280,-4.0,,,,,,,,,,,,,,,,,,
25288,-5.0,,,,,,,,,,,,,,,,,,
25290,-4.0,,,,,,,,,,,,,,,,,,
25292,-4.0,,,,,,,,,,,,,,,,,,
25293,-5.0,,,,,,,,,,,,,,,,,,
25294,-4.0,,,,,,,,,,,,,,,,,,
25297,-4.0,,,,,,,,,,,,,,,,,,
25298,-5.0,,,,,,,,,,,,,,,,,,
25299,-4.0,,,,,,,,,,,,,,,,,,
25305,-4.0,,,,,,,,,,,,,,,,,,
25306,-4.0,,,,,,,,,,,,,,,,,,
25311,-4.0,,,,,,,,,,,,,,,,,,
25315,-4.0,,,,,,,,,,,,,,,,,,
25316,-5.0,,,,,,,,,,,,,,,,,,
25317,-5.0,,,,,,,,,,,,,,,,,,
25319,-4.0,,,,,,,,,,,,,,,,,,
25323,-6.0,,,,,,,,,,,,,,,,,,
25325,-4.0,,,,,,,,,,,,,,,,,,
25329,-4.0,,,,,,,,,,,,,,,,,,
25332,-4.0,,,,,,,,,,,,,,,,,,
25333,-6.0,,,,,,,,,,,,,,,,,,
25336,-5.0,,,,,,,,,,,,,,,,,,
25339,-4.0,,,,,,,,,,,,,,,,,,
25342,-4.0,,,,,,,,,,,,,,,,,,
25345,-4.0,,,,,,,,,,,,,,,,,,
25346,-4.0,,,,,,,,,,,,,,,,,,
25349,-5.0,,,,,,,,,,,,,,,,,,
25351,-4.0,,,,,,,,,,,,,,,,,,
25352,-4.0,,,,,,,,,,,,,,,,,,
25355,-4.0,,,,,,,,,,,,,,,,,,
25358,-4.0,,,,,,,,,,,,,,,,,,
25359,-4.0,,,,,,,,,,,,,,,,,,
25364,-5.0,,,,,,,,,,,,,,,,,,
25366,-4.0,,,,,,,,,,,,,,,,,,
25367,-4.0,,,,,,,,,,,,,,,,,,
25371,-4.0,,,,,,,,,,,,,,,,,,
25376,-4.0,,,,,,,,,,,,,,,,,,
25378,-4.0,,,,,,,,,,,,,,,,,,
25381,-4.0,,,,,,,,,,,,,,,,,,
25385,-4.0,,,,,,,,,,,,,,,,,,
25386,-4.0,,,,,,,,,,,,,,,,,,
25389,-4.0,,,,,,,,,,,,,,,,,,
25392,-4.0,,,,,,,,,,,,,,,,,,
25393,-6.0,,,,,,,,,,,,,,,,,,
25394,-4.0,,,,,,,,,,,,,,,,,,
25398,-4.0,,,,,,,,,,,,,,,,,,
25401,-4.0,,,,,,,,,,,,,,,,,,
25407,-4.0,,,,,,,,,,,,,,,,,,
25410,-4.0,,,,,,,,,,,,,,,,,,
25417,-4.0,,,,,,,,,,,,,,,,,,
25421,-4.0,,,,,,,,,,,,,,,,,,
25423,-5.0,,,,,,,,,,,,,,,,,,
25426,-4.0,,,,,,,,,,,,,,,,,,
25427,-5.0,,,,,,,,,,,,,,,,,,
25442,-4.0,,,,,,,,,,,,,,,,,,
25448,-13.0,,,,,,,,,,,,,,,,,,
25457,-4.0,,,,,,,,,,,,,,,,,,
25463,-5.0,,,,,,,,,,,,,,,,,,
25475,-5.0,,,,,,,,,,,,,,,,,,
25486,-5.0,,,,,,,,,,,,,,,,,,
25490,-4.0,,,,,,,,,,,,,,,,,,
25503,-5.0,,,,,,,,,,,,,,,,,,
25507,-5.0,,,,,,,,,,,,,,,,,,
25511,-4.0,,,,,,,,,,,,,,,,,,
25512,-4.0,,,,,,,,,,,,,,,,,,
25515,-7.0,,,,,,,,,,,,,,,,,,
25518,-4.0,,,,,,,,,,,,,,,,,,
25521,-4.0,,,,,,,,,,,,,,,,,,
25522,-4.0,,,,,,,,,,,,,,,,,,
25524,-4.0,,,,,,,,,,,,,,,,,,
25526,-5.0,,,,,,,,,,,,,,,,,,
25527,-5.0,,,,,,,,,,,,,,,,,,
25530,-4.0,,,,,,,,,,,,,,,,,,
25542,-4.0,,,,,,,,,,,,,,,,,,
25544,-4.0,,,,,,,,,,,,,,,,,,
25554,-4.0,,,,,,,,,,,,,,,,,,
25555,-5.0,,,,,,,,,,,,,,,,,,
25571,-5.0,,,,,,,,,,,,,,,,,,
25573,-4.0,,,,,,,,,,,,,,,,,,
25575,-4.0,,,,,,,,,,,,,,,,,,
25576,-5.0,,,,,,,,,,,,,,,,,,
25579,-6.0,,,,,,,,,,,,,,,,,,
25590,-5.0,,,,,,,,,,,,,,,,,,
25593,-5.0,,,,,,,,,,,,,,,,,,
25603,-4.0,,,,,,,,,,,,,,,,,,
25606,-4.0,,,,,,,,,,,,,,,,,,
25618,-5.0,,,,,,,,,,,,,,,,,,
25620,-4.0,,,,,,,,,,,,,,,,,,
25624,-4.0,,,,,,,,,,,,,,,,,,
25626,-4.0,,,,,,,,,,,,,,,,,,
25630,-4.0,,,,,,,,,,,,,,,,,,
25632,-5.0,,,,,,,,,,,,,,,,,,
25633,-4.0,,,,,,,,,,,,,,,,,,
25640,-5.0,,,,,,,,,,,,,,,,,,
25644,-5.0,,,,,,,,,,,,,,,,,,
25645,-5.0,,,,,,,,,,,,,,,,,,
25649,-4.0,,,,,,,,,,,,,,,,,,
25658,-4.0,,,,,,,,,,,,,,,,,,
25660,-4.0,,,,,,,,,,,,,,,,,,
25672,-4.0,,,,,,,,,,,,,,,,,,
25679,-4.0,,,,,,,,,,,,,,,,,,
25684,-4.0,,,,,,,,,,,,,,,,,,
25686,-5.0,,,,,,,,,,,,,,,,,,
25692,-4.0,,,,,,,,,,,,,,,,,,
25697,-4.0,,,,,,,,,,,,,,,,,,
25700,-4.0,,,,,,,,,,,,,,,,,,
25701,-6.0,,,,,,,,,,,,,,,,,,
25709,-5.0,,,,,,,,,,,,,,,,,,
25711,-4.0,,,,,,,,,,,,,,,,,,
25714,-4.0,,,,,,,,,,,,,,,,,,
25716,-5.0,,,,,,,,,,,,,,,,,,
25729,-4.0,,,,,,,,,,,,,,,,,,
25734,-5.0,,,,,,,,,,,,,,,,,,
25739,-5.0,,,,,,,,,,,,,,,,,,
25756,-5.0,,,,,,,,,,,,,,,,,,
25759,-4.0,,,,,,,,,,,,,,,,,,
25763,-4.0,,,,,,,,,,,,,,,,,,
25764,-4.0,,,,,,,,,,,,,,,,,,
25765,-4.0,,,,,,,,,,,,,,,,,,
25767,-5.0,,,,,,,,,,,,,,,,,,
25776,-4.0,,,,,,,,,,,,,,,,,,
25783,-4.0,,,,,,,,,,,,,,,,,,
25785,-4.0,,,,,,,,,,,,,,,,,,
25788,-4.0,,,,,,,,,,,,,,,,,,
25791,-4.0,,,,,,,,,,,,,,,,,,
25792,-4.0,,,,,,,,,,,,,,,,,,
25794,-4.0,,,,,,,,,,,,,,,,,,
25795,-4.0,,,,,,,,,,,,,,,,,,
25800,-4.0,,,,,,,,,,,,,,,,,,
25803,-4.0,,,,,,,,,,,,,,,,,,
25804,-4.0,,,,,,,,,,,,,,,,,,
25807,-4.0,,,,,,,,,,,,,,,,,,
25817,-4.0,,,,,,,,,,,,,,,,,,
25821,-4.0,,,,,,,,,,,,,,,,,,
25824,-4.0,,,,,,,,,,,,,,,,,,
25828,-4.0,,,,,,,,,,,,,,,,,,
25832,-5.0,,,,,,,,,,,,,,,,,,
25833,-4.0,,,,,,,,,,,,,,,,,,
25836,-4.0,,,,,,,,,,,,,,,,,,
25841,-4.0,,,,,,,,,,,,,,,,,,
25849,-4.0,,,,,,,,,,,,,,,,,,
25852,-4.0,,,,,,,,,,,,,,,,,,
25856,-4.0,,,,,,,,,,,,,,,,,,
25863,-4.0,,,,,,,,,,,,,,,,,,
25867,-4.0,,,,,,,,,,,,,,,,,,
25868,-5.0,,,,,,,,,,,,,,,,,,
25871,-6.0,,,,,,,,,,,,,,,,,,
25873,-13.0,,,,,,,,,,,,,,,,,,
25874,-4.0,,,,,,,,,,,,,,,,,,
25876,-4.0,,,,,,,,,,,,,,,,,,
25880,-5.0,,,,,,,,,,,,,,,,,,
25881,-4.0,,,,,,,,,,,,,,,,,,
25882,-5.0,,,,,,,,,,,,,,,,,,
25886,-4.0,,,,,,,,,,,,,,,,,,
25887,-4.0,,,,,,,,,,,,,,,,,,
25890,-4.0,,,,,,,,,,,,,,,,,,
25892,-6.0,,,,,,,,,,,,,,,,,,
25894,-4.0,,,,,,,,,,,,,,,,,,
25897,-4.0,,,,,,,,,,,,,,,,,,
25898,-4.0,,,,,,,,,,,,,,,,,,
25900,-5.0,,,,,,,,,,,,,,,,,,
25903,-5.0,,,,,,,,,,,,,,,,,,
25906,-5.0,,,,,,,,,,,,,,,,,,
25908,-4.0,,,,,,,,,,,,,,,,,,
25910,-4.0,,,,,,,,,,,,,,,,,,
25911,-5.0,,,,,,,,,,,,,,,,,,
25913,-4.0,,,,,,,,,,,,,,,,,,
25917,-5.0,,,,,,,,,,,,,,,,,,
25921,-5.0,,,,,,,,,,,,,,,,,,
25922,-5.0,,,,,,,,,,,,,,,,,,
25929,-5.0,,,,,,,,,,,,,,,,,,
25935,-4.0,,,,,,,,,,,,,,,,,,
25936,-4.0,,,,,,,,,,,,,,,,,,
25940,-4.0,,,,,,,,,,,,,,,,,,
25943,-4.0,,,,,,,,,,,,,,,,,,
25947,-4.0,,,,,,,,,,,,,,,,,,
25955,-4.0,,,,,,,,,,,,,,,,,,
25956,-4.0,,,,,,,,,,,,,,,,,,
25957,-4.0,,,,,,,,,,,,,,,,,,
25962,-4.0,,,,,,,,,,,,,,,,,,
25966,-5.0,,,,,,,,,,,,,,,,,,
25967,-4.0,,,,,,,,,,,,,,,,,,
25968,-6.0,,,,,,,,,,,,,,,,,,
25970,-4.0,,,,,,,,,,,,,,,,,,
25971,-4.0,,,,,,,,,,,,,,,,,,
25974,-5.0,,,,,,,,,,,,,,,,,,
25982,-4.0,,,,,,,,,,,,,,,,,,
25987,-4.0,,,,,,,,,,,,,,,,,,
25989,-5.0,,,,,,,,,,,,,,,,,,
25994,-4.0,,,,,,,,,,,,,,,,,,
25996,-7.0,,,,,,,,,,,,,,,,,,
26000,-6.0,,,,,,,,,,,,,,,,,,
26001,-4.0,,,,,,,,,,,,,,,,,,
26002,-4.0,,,,,,,,,,,,,,,,,,
26011,-5.0,,,,,,,,,,,,,,,,,,
26024,-4.0,,,,,,,,,,,,,,,,,,
26026,-4.0,,,,,,,,,,,,,,,,,,
26032,-5.0,,,,,,,,,,,,,,,,,,
26033,-5.0,,,,,,,,,,,,,,,,,,
26035,-5.0,,,,,,,,,,,,,,,,,,
26040,-4.0,,,,,,,,,,,,,,,,,,
26042,-4.0,,,,,,,,,,,,,,,,,,
26043,-5.0,,,,,,,,,,,,,,,,,,
26046,-4.0,,,,,,,,,,,,,,,,,,
26054,-4.0,,,,,,,,,,,,,,,,,,
26059,-4.0,,,,,,,,,,,,,,,,,,
26061,-5.0,,,,,,,,,,,,,,,,,,
26063,-5.0,,,,,,,,,,,,,,,,,,
26064,-5.0,,,,,,,,,,,,,,,,,,
26066,-4.0,,,,,,,,,,,,,,,,,,
26069,-4.0,,,,,,,,,,,,,,,,,,
26071,-4.0,,,,,,,,,,,,,,,,,,
26072,-4.0,,,,,,,,,,,,,,,,,,
26073,-4.0,,,,,,,,,,,,,,,,,,
26079,-5.0,,,,,,,,,,,,,,,,,,
26083,-4.0,,,,,,,,,,,,,,,,,,
26085,-4.0,,,,,,,,,,,,,,,,,,
26095,-4.0,,,,,,,,,,,,,,,,,,
26096,-4.0,,,,,,,,,,,,,,,,,,
26100,-5.0,,,,,,,,,,,,,,,,,,
26103,-6.0,,,,,,,,,,,,,,,,,,
26113,-4.0,,,,,,,,,,,,,,,,,,
26114,-4.0,,,,,,,,,,,,,,,,,,
26115,-4.0,,,,,,,,,,,,,,,,,,
26117,-4.0,,,,,,,,,,,,,,,,,,
26131,-5.0,,,,,,,,,,,,,,,,,,
26136,-4.0,,,,,,,,,,,,,,,,,,
26140,-4.0,,,,,,,,,,,,,,,,,,
26147,-6.0,,,,,,,,,,,,,,,,,,
26148,-5.0,,,,,,,,,,,,,,,,,,
26154,-4.0,,,,,,,,,,,,,,,,,,
26161,-6.0,,,,,,,,,,,,,,,,,,
26163,-4.0,,,,,,,,,,,,,,,,,,
26164,-4.0,,,,,,,,,,,,,,,,,,
26166,-4.0,,,,,,,,,,,,,,,,,,
26167,-4.0,,,,,,,,,,,,,,,,,,
26170,-4.0,,,,,,,,,,,,,,,,,,
26176,-4.0,,,,,,,,,,,,,,,,,,
26177,-4.0,,,,,,,,,,,,,,,,,,
26178,-4.0,,,,,,,,,,,,,,,,,,
26179,-5.0,,,,,,,,,,,,,,,,,,
26187,-4.0,,,,,,,,,,,,,,,,,,
26188,-4.0,,,,,,,,,,,,,,,,,,
26189,-4.0,,,,,,,,,,,,,,,,,,
26190,-5.0,,,,,,,,,,,,,,,,,,
26191,-5.0,,,,,,,,,,,,,,,,,,
26194,-4.0,,,,,,,,,,,,,,,,,,
26195,-5.0,,,,,,,,,,,,,,,,,,
26198,-4.0,,,,,,,,,,,,,,,,,,
26205,-4.0,,,,,,,,,,,,,,,,,,
26210,-4.0,,,,,,,,,,,,,,,,,,
26218,-4.0,,,,,,,,,,,,,,,,,,
26219,-5.0,,,,,,,,,,,,,,,,,,
26221,-4.0,,,,,,,,,,,,,,,,,,
26231,-4.0,,,,,,,,,,,,,,,,,,
26232,-4.0,,,,,,,,,,,,,,,,,,
26236,-5.0,,,,,,,,,,,,,,,,,,
26244,-4.0,,,,,,,,,,,,,,,,,,
26249,-4.0,,,,,,,,,,,,,,,,,,
26257,-4.0,,,,,,,,,,,,,,,,,,
26259,-4.0,,,,,,,,,,,,,,,,,,
26260,-5.0,,,,,,,,,,,,,,,,,,
26266,-5.0,,,,,,,,,,,,,,,,,,
26267,-4.0,,,,,,,,,,,,,,,,,,
26268,-5.0,,,,,,,,,,,,,,,,,,
26270,-4.0,,,,,,,,,,,,,,,,,,
26272,-5.0,,,,,,,,,,,,,,,,,,
26274,-4.0,,,,,,,,,,,,,,,,,,
26277,-4.0,,,,,,,,,,,,,,,,,,
26279,-4.0,,,,,,,,,,,,,,,,,,
26288,-4.0,,,,,,,,,,,,,,,,,,
26289,-4.0,,,,,,,,,,,,,,,,,,
26292,-5.0,,,,,,,,,,,,,,,,,,
26293,-5.0,,,,,,,,,,,,,,,,,,
26296,-4.0,,,,,,,,,,,,,,,,,,
26302,-4.0,,,,,,,,,,,,,,,,,,
26310,-5.0,,,,,,,,,,,,,,,,,,
26313,-5.0,,,,,,,,,,,,,,,,,,
26321,-4.0,,,,,,,,,,,,,,,,,,
26325,-4.0,,,,,,,,,,,,,,,,,,
26328,-4.0,,,,,,,,,,,,,,,,,,
26331,-4.0,,,,,,,,,,,,,,,,,,
26339,-4.0,,,,,,,,,,,,,,,,,,
26340,-4.0,,,,,,,,,,,,,,,,,,
26345,-4.0,,,,,,,,,,,,,,,,,,
26350,-5.0,,,,,,,,,,,,,,,,,,
26352,-5.0,,,,,,,,,,,,,,,,,,
26355,-4.0,,,,,,,,,,,,,,,,,,
26361,-4.0,,,,,,,,,,,,,,,,,,
26375,-4.0,,,,,,,,,,,,,,,,,,
26376,-4.0,,,,,,,,,,,,,,,,,,
26378,-5.0,,,,,,,,,,,,,,,,,,
26385,-5.0,,,,,,,,,,,,,,,,,,
26387,-4.0,,,,,,,,,,,,,,,,,,
26391,-5.0,,,,,,,,,,,,,,,,,,
26396,-6.0,,,,,,,,,,,,,,,,,,
26397,-5.0,,,,,,,,,,,,,,,,,,
26399,-5.0,,,,,,,,,,,,,,,,,,
26403,-4.0,,,,,,,,,,,,,,,,,,
26404,-4.0,,,,,,,,,,,,,,,,,,
26407,-4.0,,,,,,,,,,,,,,,,,,
26408,-4.0,,,,,,,,,,,,,,,,,,
26423,-5.0,,,,,,,,,,,,,,,,,,
26435,-4.0,,,,,,,,,,,,,,,,,,
26449,-4.0,,,,,,,,,,,,,,,,,,
26452,-4.0,,,,,,,,,,,,,,,,,,
26463,-4.0,,,,,,,,,,,,,,,,,,
26464,-4.0,,,,,,,,,,,,,,,,,,
26474,-4.0,,,,,,,,,,,,,,,,,,
26480,-5.0,,,,,,,,,,,,,,,,,,
26489,-5.0,,,,,,,,,,,,,,,,,,
26495,-4.0,,,,,,,,,,,,,,,,,,
26499,-4.0,,,,,,,,,,,,,,,,,,
26501,-5.0,,,,,,,,,,,,,,,,,,
26505,-4.0,,,,,,,,,,,,,,,,,,
26511,-4.0,,,,,,,,,,,,,,,,,,
26522,-4.0,,,,,,,,,,,,,,,,,,
26525,-4.0,,,,,,,,,,,,,,,,,,
26539,-4.0,,,,,,,,,,,,,,,,,,
26546,-5.0,,,,,,,,,,,,,,,,,,
26549,-4.0,,,,,,,,,,,,,,,,,,
26550,-5.0,,,,,,,,,,,,,,,,,,
26557,-5.0,,,,,,,,,,,,,,,,,,
26580,-4.0,,,,,,,,,,,,,,,,,,
26582,-4.0,,,,,,,,,,,,,,,,,,
26588,-4.0,,,,,,,,,,,,,,,,,,
26593,-4.0,,,,,,,,,,,,,,,,,,
26597,-4.0,,,,,,,,,,,,,,,,,,
26619,-5.0,,,,,,,,,,,,,,,,,,
26624,-4.0,,,,,,,,,,,,,,,,,,
26627,-4.0,,,,,,,,,,,,,,,,,,
26629,-5.0,,,,,,,,,,,,,,,,,,
26633,-6.0,,,,,,,,,,,,,,,,,,
26638,-5.0,,,,,,,,,,,,,,,,,,
26640,-4.0,,,,,,,,,,,,,,,,,,
26641,-5.0,,,,,,,,,,,,,,,,,,
26647,-4.0,,,,,,,,,,,,,,,,,,
26653,-4.0,,,,,,,,,,,,,,,,,,
26656,-5.0,,,,,,,,,,,,,,,,,,
26658,-4.0,,,,,,,,,,,,,,,,,,
26666,-4.0,,,,,,,,,,,,,,,,,,
26669,-4.0,,,,,,,,,,,,,,,,,,
26672,-4.0,,,,,,,,,,,,,,,,,,
26678,-5.0,,,,,,,,,,,,,,,,,,
26690,-4.0,,,,,,,,,,,,,,,,,,
26692,-5.0,,,,,,,,,,,,,,,,,,
26694,-4.0,,,,,,,,,,,,,,,,,,
26696,-5.0,,,,,,,,,,,,,,,,,,
26697,-5.0,,,,,,,,,,,,,,,,,,
26699,-4.0,,,,,,,,,,,,,,,,,,
26700,-5.0,,,,,,,,,,,,,,,,,,
26701,-5.0,,,,,,,,,,,,,,,,,,
26703,-5.0,,,,,,,,,,,,,,,,,,
26712,-4.0,,,,,,,,,,,,,,,,,,
26716,-5.0,,,,,,,,,,,,,,,,,,
26717,-4.0,,,,,,,,,,,,,,,,,,
26731,-4.0,,,,,,,,,,,,,,,,,,
26734,-4.0,,,,,,,,,,,,,,,,,,
26740,-4.0,,,,,,,,,,,,,,,,,,
26741,-4.0,,,,,,,,,,,,,,,,,,
26745,-4.0,,,,,,,,,,,,,,,,,,
26747,-4.0,,,,,,,,,,,,,,,,,,
26749,-4.0,,,,,,,,,,,,,,,,,,
26750,-4.0,,,,,,,,,,,,,,,,,,
26753,-4.0,,,,,,,,,,,,,,,,,,
26756,-4.0,,,,,,,,,,,,,,,,,,
26759,-5.0,,,,,,,,,,,,,,,,,,
26761,-4.0,,,,,,,,,,,,,,,,,,
26762,-4.0,,,,,,,,,,,,,,,,,,
26773,-4.0,,,,,,,,,,,,,,,,,,
26774,-8.0,,,,,,,,,,,,,,,,,,
26775,-4.0,,,,,,,,,,,,,,,,,,
26781,-5.0,,,,,,,,,,,,,,,,,,
26791,-4.0,,,,,,,,,,,,,,,,,,
26801,-4.0,,,,,,,,,,,,,,,,,,
26803,-4.0,,,,,,,,,,,,,,,,,,
26811,-5.0,,,,,,,,,,,,,,,,,,
26814,-4.0,,,,,,,,,,,,,,,,,,
26829,-4.0,,,,,,,,,,,,,,,,,,
26839,-4.0,,,,,,,,,,,,,,,,,,
26843,-7.0,,,,,,,,,,,,,,,,,,
26848,-5.0,,,,,,,,,,,,,,,,,,
26854,-4.0,,,,,,,,,,,,,,,,,,
26858,-4.0,,,,,,,,,,,,,,,,,,
26863,-5.0,,,,,,,,,,,,,,,,,,
26864,-4.0,,,,,,,,,,,,,,,,,,
26866,-4.0,,,,,,,,,,,,,,,,,,
26868,-4.0,,,,,,,,,,,,,,,,,,
26873,-5.0,,,,,,,,,,,,,,,,,,
26877,-4.0,,,,,,,,,,,,,,,,,,
26881,-6.0,,,,,,,,,,,,,,,,,,
26887,-5.0,,,,,,,,,,,,,,,,,,
26888,-4.0,,,,,,,,,,,,,,,,,,
26890,-5.0,,,,,,,,,,,,,,,,,,
26891,-4.0,,,,,,,,,,,,,,,,,,
26908,-5.0,,,,,,,,,,,,,,,,,,
26920,-7.0,,,,,,,,,,,,,,,,,,
26921,-4.0,,,,,,,,,,,,,,,,,,
26922,-6.0,,,,,,,,,,,,,,,,,,
26927,-4.0,,,,,,,,,,,,,,,,,,
26928,-4.0,,,,,,,,,,,,,,,,,,
26929,-4.0,,,,,,,,,,,,,,,,,,
26931,-4.0,,,,,,,,,,,,,,,,,,
26941,-5.0,,,,,,,,,,,,,,,,,,
26943,-4.0,,,,,,,,,,,,,,,,,,
26945,-4.0,,,,,,,,,,,,,,,,,,
26947,-4.0,,,,,,,,,,,,,,,,,,
26948,-5.0,,,,,,,,,,,,,,,,,,
26949,-4.0,,,,,,,,,,,,,,,,,,
26953,-4.0,,,,,,,,,,,,,,,,,,
26955,-5.0,,,,,,,,,,,,,,,,,,
26957,-4.0,,,,,,,,,,,,,,,,,,
26963,-4.0,,,,,,,,,,,,,,,,,,
26968,-4.0,,,,,,,,,,,,,,,,,,
26971,-5.0,,,,,,,,,,,,,,,,,,
26972,-4.0,,,,,,,,,,,,,,,,,,
26974,-4.0,,,,,,,,,,,,,,,,,,
26976,-4.0,,,,,,,,,,,,,,,,,,
26979,-4.0,,,,,,,,,,,,,,,,,,
26983,-4.0,,,,,,,,,,,,,,,,,,
26987,-4.0,,,,,,,,,,,,,,,,,,
26991,-4.0,,,,,,,,,,,,,,,,,,
26992,-4.0,,,,,,,,,,,,,,,,,,
26994,-5.0,,,,,,,,,,,,,,,,,,
26997,-5.0,,,,,,,,,,,,,,,,,,
26998,-5.0,,,,,,,,,,,,,,,,,,
27000,-4.0,,,,,,,,,,,,,,,,,,
27001,-4.0,,,,,,,,,,,,,,,,,,
27002,-4.0,,,,,,,,,,,,,,,,,,
27012,-4.0,,,,,,,,,,,,,,,,,,
27015,-4.0,,,,,,,,,,,,,,,,,,
27018,-4.0,,,,,,,,,,,,,,,,,,
27019,-4.0,,,,,,,,,,,,,,,,,,
27024,-4.0,,,,,,,,,,,,,,,,,,
27042,-4.0,,,,,,,,,,,,,,,,,,
27046,-4.0,,,,,,,,,,,,,,,,,,
27053,-5.0,,,,,,,,,,,,,,,,,,
27058,-4.0,,,,,,,,,,,,,,,,,,
27059,-4.0,,,,,,,,,,,,,,,,,,
27060,-4.0,,,,,,,,,,,,,,,,,,
27062,-5.0,,,,,,,,,,,,,,,,,,
27064,-5.0,,,,,,,,,,,,,,,,,,
27067,-4.0,,,,,,,,,,,,,,,,,,
27068,-4.0,,,,,,,,,,,,,,,,,,
27071,-11.0,,,,,,,,,,,,,,,,,,
27074,-4.0,,,,,,,,,,,,,,,,,,
27075,-4.0,,,,,,,,,,,,,,,,,,
27079,-4.0,,,,,,,,,,,,,,,,,,
27083,-4.0,,,,,,,,,,,,,,,,,,
27103,-4.0,,,,,,,,,,,,,,,,,,
27110,-5.0,,,,,,,,,,,,,,,,,,
27111,-4.0,,,,,,,,,,,,,,,,,,
27114,-4.0,,,,,,,,,,,,,,,,,,
27115,-4.0,,,,,,,,,,,,,,,,,,
27119,-4.0,,,,,,,,,,,,,,,,,,
27120,-4.0,,,,,,,,,,,,,,,,,,
27121,-4.0,,,,,,,,,,,,,,,,,,
27126,-5.0,,,,,,,,,,,,,,,,,,
27134,-4.0,,,,,,,,,,,,,,,,,,
27135,-4.0,,,,,,,,,,,,,,,,,,
27136,-4.0,,,,,,,,,,,,,,,,,,
27137,-4.0,,,,,,,,,,,,,,,,,,
27138,-4.0,,,,,,,,,,,,,,,,,,
27146,-4.0,,,,,,,,,,,,,,,,,,
27150,-4.0,,,,,,,,,,,,,,,,,,
27162,-4.0,,,,,,,,,,,,,,,,,,
27166,-4.0,,,,,,,,,,,,,,,,,,
27167,-5.0,,,,,,,,,,,,,,,,,,
27169,-4.0,,,,,,,,,,,,,,,,,,
27179,-5.0,,,,,,,,,,,,,,,,,,
27182,-5.0,,,,,,,,,,,,,,,,,,
27186,-4.0,,,,,,,,,,,,,,,,,,
27188,-5.0,,,,,,,,,,,,,,,,,,
27192,-4.0,,,,,,,,,,,,,,,,,,
27198,-4.0,,,,,,,,,,,,,,,,,,
27203,-4.0,,,,,,,,,,,,,,,,,,
27210,-4.0,,,,,,,,,,,,,,,,,,
27212,-4.0,,,,,,,,,,,,,,,,,,
27213,-4.0,,,,,,,,,,,,,,,,,,
27218,-4.0,,,,,,,,,,,,,,,,,,
27220,-5.0,,,,,,,,,,,,,,,,,,
27221,-4.0,,,,,,,,,,,,,,,,,,
27225,-5.0,,,,,,,,,,,,,,,,,,
27228,-4.0,,,,,,,,,,,,,,,,,,
27234,-4.0,,,,,,,,,,,,,,,,,,
27235,-4.0,,,,,,,,,,,,,,,,,,
27238,-4.0,,,,,,,,,,,,,,,,,,
27239,-4.0,,,,,,,,,,,,,,,,,,
27244,-4.0,,,,,,,,,,,,,,,,,,
27246,-4.0,,,,,,,,,,,,,,,,,,
27247,-4.0,,,,,,,,,,,,,,,,,,
27249,-4.0,,,,,,,,,,,,,,,,,,
27254,-4.0,,,,,,,,,,,,,,,,,,
27265,-5.0,,,,,,,,,,,,,,,,,,
27267,-5.0,,,,,,,,,,,,,,,,,,
27272,-5.0,,,,,,,,,,,,,,,,,,
27273,-4.0,,,,,,,,,,,,,,,,,,
27284,-4.0,,,,,,,,,,,,,,,,,,
27285,-4.0,,,,,,,,,,,,,,,,,,
27296,-4.0,,,,,,,,,,,,,,,,,,
27300,-5.0,,,,,,,,,,,,,,,,,,
27313,-4.0,,,,,,,,,,,,,,,,,,
27319,-5.0,,,,,,,,,,,,,,,,,,
27322,-4.0,,,,,,,,,,,,,,,,,,
27325,-4.0,,,,,,,,,,,,,,,,,,
27326,-4.0,,,,,,,,,,,,,,,,,,
27329,-4.0,,,,,,,,,,,,,,,,,,
27330,-4.0,,,,,,,,,,,,,,,,,,
27347,-4.0,,,,,,,,,,,,,,,,,,
27352,-4.0,,,,,,,,,,,,,,,,,,
27354,-16.0,,,,,,,,,,,,,,,,,,
27357,-4.0,,,,,,,,,,,,,,,,,,
27362,-5.0,,,,,,,,,,,,,,,,,,
27363,-4.0,,,,,,,,,,,,,,,,,,
27368,-5.0,,,,,,,,,,,,,,,,,,
27370,-4.0,,,,,,,,,,,,,,,,,,
27380,-5.0,,,,,,,,,,,,,,,,,,
27384,-5.0,,,,,,,,,,,,,,,,,,
27387,-4.0,,,,,,,,,,,,,,,,,,
27388,-4.0,,,,,,,,,,,,,,,,,,
27389,-4.0,,,,,,,,,,,,,,,,,,
27395,-4.0,,,,,,,,,,,,,,,,,,
27402,-4.0,,,,,,,,,,,,,,,,,,
27406,-5.0,,,,,,,,,,,,,,,,,,
27410,-8.0,,,,,,,,,,,,,,,,,,
27413,-4.0,,,,,,,,,,,,,,,,,,
27419,-4.0,,,,,,,,,,,,,,,,,,
27424,-4.0,,,,,,,,,,,,,,,,,,
27428,-5.0,,,,,,,,,,,,,,,,,,
27440,-10.0,,,,,,,,,,,,,,,,,,
27443,-4.0,,,,,,,,,,,,,,,,,,
27448,-5.0,,,,,,,,,,,,,,,,,,
27451,-4.0,,,,,,,,,,,,,,,,,,
27455,-4.0,,,,,,,,,,,,,,,,,,
27462,-4.0,,,,,,,,,,,,,,,,,,
27466,-4.0,,,,,,,,,,,,,,,,,,
27476,-4.0,,,,,,,,,,,,,,,,,,
27487,-5.0,,,,,,,,,,,,,,,,,,
27492,-4.0,,,,,,,,,,,,,,,,,,
27493,-4.0,,,,,,,,,,,,,,,,,,
27500,-4.0,,,,,,,,,,,,,,,,,,
27502,-4.0,,,,,,,,,,,,,,,,,,
27504,-8.0,,,,,,,,,,,,,,,,,,
27506,-9.0,,,,,,,,,,,,,,,,,,
27514,-5.0,,,,,,,,,,,,,,,,,,
27515,-4.0,,,,,,,,,,,,,,,,,,
27524,-4.0,,,,,,,,,,,,,,,,,,
27530,-5.0,,,,,,,,,,,,,,,,,,
27533,-4.0,,,,,,,,,,,,,,,,,,
27534,-4.0,,,,,,,,,,,,,,,,,,
27549,-5.0,,,,,,,,,,,,,,,,,,
27560,-4.0,,,,,,,,,,,,,,,,,,
27564,-4.0,,,,,,,,,,,,,,,,,,
27566,-4.0,,,,,,,,,,,,,,,,,,
27570,-5.0,,,,,,,,,,,,,,,,,,
27571,-4.0,,,,,,,,,,,,,,,,,,
27575,-4.0,,,,,,,,,,,,,,,,,,
27580,-4.0,,,,,,,,,,,,,,,,,,
27581,-5.0,,,,,,,,,,,,,,,,,,
27582,-5.0,,,,,,,,,,,,,,,,,,
27583,-5.0,,,,,,,,,,,,,,,,,,
27588,-6.0,,,,,,,,,,,,,,,,,,
27590,-4.0,,,,,,,,,,,,,,,,,,
27593,-5.0,,,,,,,,,,,,,,,,,,
27596,-4.0,,,,,,,,,,,,,,,,,,
27599,-4.0,,,,,,,,,,,,,,,,,,
27603,-5.0,,,,,,,,,,,,,,,,,,
27606,-4.0,,,,,,,,,,,,,,,,,,
27611,-4.0,,,,,,,,,,,,,,,,,,
27614,-5.0,,,,,,,,,,,,,,,,,,
27615,-5.0,,,,,,,,,,,,,,,,,,
27624,-4.0,,,,,,,,,,,,,,,,,,
27625,-4.0,,,,,,,,,,,,,,,,,,
27632,-4.0,,,,,,,,,,,,,,,,,,
27634,-5.0,,,,,,,,,,,,,,,,,,
27635,-4.0,,,,,,,,,,,,,,,,,,
27640,-4.0,,,,,,,,,,,,,,,,,,
27642,-4.0,,,,,,,,,,,,,,,,,,
27648,-4.0,,,,,,,,,,,,,,,,,,
27652,-4.0,,,,,,,,,,,,,,,,,,
27654,-4.0,,,,,,,,,,,,,,,,,,
27656,-4.0,,,,,,,,,,,,,,,,,,
27657,-4.0,,,,,,,,,,,,,,,,,,
27660,-5.0,,,,,,,,,,,,,,,,,,
27662,-4.0,,,,,,,,,,,,,,,,,,
27663,-5.0,,,,,,,,,,,,,,,,,,
27665,-4.0,,,,,,,,,,,,,,,,,,
27666,-5.0,,,,,,,,,,,,,,,,,,
27668,-4.0,,,,,,,,,,,,,,,,,,
27669,-4.0,,,,,,,,,,,,,,,,,,
27673,-4.0,,,,,,,,,,,,,,,,,,
27677,-4.0,,,,,,,,,,,,,,,,,,
27679,-4.0,,,,,,,,,,,,,,,,,,
27684,-4.0,,,,,,,,,,,,,,,,,,
27686,-7.0,,,,,,,,,,,,,,,,,,
27695,-4.0,,,,,,,,,,,,,,,,,,
27704,-4.0,,,,,,,,,,,,,,,,,,
27707,-4.0,,,,,,,,,,,,,,,,,,
27709,-4.0,,,,,,,,,,,,,,,,,,
27710,-4.0,,,,,,,,,,,,,,,,,,
27711,-5.0,,,,,,,,,,,,,,,,,,
27712,-4.0,,,,,,,,,,,,,,,,,,
27715,-5.0,,,,,,,,,,,,,,,,,,
27720,-4.0,,,,,,,,,,,,,,,,,,
27723,-5.0,,,,,,,,,,,,,,,,,,
27729,-4.0,,,,,,,,,,,,,,,,,,
27730,-4.0,,,,,,,,,,,,,,,,,,
27739,-4.0,,,,,,,,,,,,,,,,,,
27748,-4.0,,,,,,,,,,,,,,,,,,
27749,-4.0,,,,,,,,,,,,,,,,,,
27752,-5.0,,,,,,,,,,,,,,,,,,
27757,-4.0,,,,,,,,,,,,,,,,,,
27758,-5.0,,,,,,,,,,,,,,,,,,
27761,-4.0,,,,,,,,,,,,,,,,,,
27764,-5.0,,,,,,,,,,,,,,,,,,
27766,-5.0,,,,,,,,,,,,,,,,,,
27769,-4.0,,,,,,,,,,,,,,,,,,
27775,-4.0,,,,,,,,,,,,,,,,,,
27781,-4.0,,,,,,,,,,,,,,,,,,
27782,-4.0,,,,,,,,,,,,,,,,,,
27783,-5.0,,,,,,,,,,,,,,,,,,
27790,-4.0,,,,,,,,,,,,,,,,,,
27792,-4.0,,,,,,,,,,,,,,,,,,
27793,-4.0,,,,,,,,,,,,,,,,,,
27795,-5.0,,,,,,,,,,,,,,,,,,
27798,-4.0,,,,,,,,,,,,,,,,,,
27806,-4.0,,,,,,,,,,,,,,,,,,
27808,-5.0,,,,,,,,,,,,,,,,,,
27809,-5.0,,,,,,,,,,,,,,,,,,
27810,-4.0,,,,,,,,,,,,,,,,,,
27815,-4.0,,,,,,,,,,,,,,,,,,
27819,-4.0,,,,,,,,,,,,,,,,,,
27823,-4.0,,,,,,,,,,,,,,,,,,
27825,-5.0,,,,,,,,,,,,,,,,,,
27835,-4.0,,,,,,,,,,,,,,,,,,
27839,-4.0,,,,,,,,,,,,,,,,,,
27860,-4.0,,,,,,,,,,,,,,,,,,
27862,-5.0,,,,,,,,,,,,,,,,,,
27882,-4.0,,,,,,,,,,,,,,,,,,
27885,-4.0,,,,,,,,,,,,,,,,,,
27886,-4.0,,,,,,,,,,,,,,,,,,
27897,-4.0,,,,,,,,,,,,,,,,,,
27899,-6.0,,,,,,,,,,,,,,,,,,
27903,-4.0,,,,,,,,,,,,,,,,,,
27908,-4.0,,,,,,,,,,,,,,,,,,
27910,-5.0,,,,,,,,,,,,,,,,,,
27911,-4.0,,,,,,,,,,,,,,,,,,
27912,-4.0,,,,,,,,,,,,,,,,,,
27913,-4.0,,,,,,,,,,,,,,,,,,
27915,-4.0,,,,,,,,,,,,,,,,,,
27920,-4.0,,,,,,,,,,,,,,,,,,
27922,-4.0,,,,,,,,,,,,,,,,,,
27928,-4.0,,,,,,,,,,,,,,,,,,
27930,-4.0,,,,,,,,,,,,,,,,,,
27935,-4.0,,,,,,,,,,,,,,,,,,
27937,-5.0,,,,,,,,,,,,,,,,,,
27938,-4.0,,,,,,,,,,,,,,,,,,
27947,-5.0,,,,,,,,,,,,,,,,,,
27948,-5.0,,,,,,,,,,,,,,,,,,
27951,-4.0,,,,,,,,,,,,,,,,,,
27955,-4.0,,,,,,,,,,,,,,,,,,
27960,-4.0,,,,,,,,,,,,,,,,,,
27975,-6.0,,,,,,,,,,,,,,,,,,
27980,-4.0,,,,,,,,,,,,,,,,,,
27984,-5.0,,,,,,,,,,,,,,,,,,
27986,-4.0,,,,,,,,,,,,,,,,,,
27987,-4.0,,,,,,,,,,,,,,,,,,
27991,-4.0,,,,,,,,,,,,,,,,,,
27993,-4.0,,,,,,,,,,,,,,,,,,
27999,-4.0,,,,,,,,,,,,,,,,,,
28003,-5.0,,,,,,,,,,,,,,,,,,
28004,-4.0,,,,,,,,,,,,,,,,,,
28010,-4.0,,,,,,,,,,,,,,,,,,
28018,-6.0,,,,,,,,,,,,,,,,,,
28020,-5.0,,,,,,,,,,,,,,,,,,
28021,-4.0,,,,,,,,,,,,,,,,,,
28025,-4.0,,,,,,,,,,,,,,,,,,
28028,-4.0,,,,,,,,,,,,,,,,,,
28029,-4.0,,,,,,,,,,,,,,,,,,
28033,-5.0,,,,,,,,,,,,,,,,,,
28035,-4.0,,,,,,,,,,,,,,,,,,
28038,-4.0,,,,,,,,,,,,,,,,,,
28040,-4.0,,,,,,,,,,,,,,,,,,
28043,-5.0,,,,,,,,,,,,,,,,,,
28045,-5.0,,,,,,,,,,,,,,,,,,
28049,-5.0,,,,,,,,,,,,,,,,,,
28052,-4.0,,,,,,,,,,,,,,,,,,
28057,-4.0,,,,,,,,,,,,,,,,,,
28058,-5.0,,,,,,,,,,,,,,,,,,
28059,-5.0,,,,,,,,,,,,,,,,,,
28060,-7.0,,,,,,,,,,,,,,,,,,
28061,-5.0,,,,,,,,,,,,,,,,,,
28064,-4.0,,,,,,,,,,,,,,,,,,
28072,-4.0,,,,,,,,,,,,,,,,,,
28073,-4.0,,,,,,,,,,,,,,,,,,
28080,-4.0,,,,,,,,,,,,,,,,,,
28083,-4.0,,,,,,,,,,,,,,,,,,
28086,-4.0,,,,,,,,,,,,,,,,,,
28087,-4.0,,,,,,,,,,,,,,,,,,
28093,-4.0,,,,,,,,,,,,,,,,,,
28096,-5.0,,,,,,,,,,,,,,,,,,
28097,-4.0,,,,,,,,,,,,,,,,,,
28098,-5.0,,,,,,,,,,,,,,,,,,
28099,-5.0,,,,,,,,,,,,,,,,,,
28101,-5.0,,,,,,,,,,,,,,,,,,
28102,-4.0,,,,,,,,,,,,,,,,,,
28109,-4.0,,,,,,,,,,,,,,,,,,
28118,-8.0,,,,,,,,,,,,,,,,,,
28120,-4.0,,,,,,,,,,,,,,,,,,
28121,-4.0,,,,,,,,,,,,,,,,,,
28127,-4.0,,,,,,,,,,,,,,,,,,
28128,-4.0,,,,,,,,,,,,,,,,,,
28145,-4.0,,,,,,,,,,,,,,,,,,
28148,-5.0,,,,,,,,,,,,,,,,,,
28153,-4.0,,,,,,,,,,,,,,,,,,
28155,-4.0,,,,,,,,,,,,,,,,,,
28168,-5.0,,,,,,,,,,,,,,,,,,
28179,-4.0,,,,,,,,,,,,,,,,,,
28181,-5.0,,,,,,,,,,,,,,,,,,
28182,-5.0,,,,,,,,,,,,,,,,,,
28190,-4.0,,,,,,,,,,,,,,,,,,
28192,-4.0,,,,,,,,,,,,,,,,,,
28197,-4.0,,,,,,,,,,,,,,,,,,
28204,-5.0,,,,,,,,,,,,,,,,,,
28205,-4.0,,,,,,,,,,,,,,,,,,
28206,-4.0,,,,,,,,,,,,,,,,,,
28207,-5.0,,,,,,,,,,,,,,,,,,
28209,-4.0,,,,,,,,,,,,,,,,,,
28213,-5.0,,,,,,,,,,,,,,,,,,
28214,-4.0,,,,,,,,,,,,,,,,,,
28215,-5.0,,,,,,,,,,,,,,,,,,
28217,-4.0,,,,,,,,,,,,,,,,,,
28218,-6.0,,,,,,,,,,,,,,,,,,
28219,-4.0,,,,,,,,,,,,,,,,,,
28220,-5.0,,,,,,,,,,,,,,,,,,
28221,-7.0,,,,,,,,,,,,,,,,,,
28222,-6.0,,,,,,,,,,,,,,,,,,
28223,-5.0,,,,,,,,,,,,,,,,,,
28224,-5.0,,,,,,,,,,,,,,,,,,
28227,-4.0,,,,,,,,,,,,,,,,,,
28230,-4.0,,,,,,,,,,,,,,,,,,
28232,-4.0,,,,,,,,,,,,,,,,,,
28233,-4.0,,,,,,,,,,,,,,,,,,
28234,-4.0,,,,,,,,,,,,,,,,,,
28235,-4.0,,,,,,,,,,,,,,,,,,
28239,-5.0,,,,,,,,,,,,,,,,,,
28240,-5.0,,,,,,,,,,,,,,,,,,
28242,-4.0,,,,,,,,,,,,,,,,,,
28248,-4.0,,,,,,,,,,,,,,,,,,
28251,-5.0,,,,,,,,,,,,,,,,,,
28257,-4.0,,,,,,,,,,,,,,,,,,
28264,-4.0,,,,,,,,,,,,,,,,,,
28265,-4.0,,,,,,,,,,,,,,,,,,
28281,-5.0,,,,,,,,,,,,,,,,,,
28282,-4.0,,,,,,,,,,,,,,,,,,
28284,-5.0,,,,,,,,,,,,,,,,,,
28288,-5.0,,,,,,,,,,,,,,,,,,
28297,-4.0,,,,,,,,,,,,,,,,,,
28300,-4.0,,,,,,,,,,,,,,,,,,
28307,-4.0,,,,,,,,,,,,,,,,,,
28311,-4.0,,,,,,,,,,,,,,,,,,
28314,-7.0,,,,,,,,,,,,,,,,,,
28315,-4.0,,,,,,,,,,,,,,,,,,
28317,-4.0,,,,,,,,,,,,,,,,,,
28325,-5.0,,,,,,,,,,,,,,,,,,
28326,-4.0,,,,,,,,,,,,,,,,,,
28345,-5.0,,,,,,,,,,,,,,,,,,
28351,-4.0,,,,,,,,,,,,,,,,,,
28353,-4.0,,,,,,,,,,,,,,,,,,
28360,-5.0,,,,,,,,,,,,,,,,,,
28366,-4.0,,,,,,,,,,,,,,,,,,
28367,-4.0,,,,,,,,,,,,,,,,,,
28380,-6.0,,,,,,,,,,,,,,,,,,
28385,-4.0,,,,,,,,,,,,,,,,,,
28386,-5.0,,,,,,,,,,,,,,,,,,
28395,-4.0,,,,,,,,,,,,,,,,,,
28398,-4.0,,,,,,,,,,,,,,,,,,
28403,-5.0,,,,,,,,,,,,,,,,,,
28408,-4.0,,,,,,,,,,,,,,,,,,
28413,-4.0,,,,,,,,,,,,,,,,,,
28418,-5.0,,,,,,,,,,,,,,,,,,
28422,-4.0,,,,,,,,,,,,,,,,,,
28425,-5.0,,,,,,,,,,,,,,,,,,
28428,-4.0,,,,,,,,,,,,,,,,,,
28429,-4.0,,,,,,,,,,,,,,,,,,
28430,-4.0,,,,,,,,,,,,,,,,,,
28439,-5.0,,,,,,,,,,,,,,,,,,
28443,-4.0,,,,,,,,,,,,,,,,,,
28448,-5.0,,,,,,,,,,,,,,,,,,
28454,-6.0,,,,,,,,,,,,,,,,,,
28466,-5.0,,,,,,,,,,,,,,,,,,
28467,-4.0,,,,,,,,,,,,,,,,,,
28477,-4.0,,,,,,,,,,,,,,,,,,
28485,-4.0,,,,,,,,,,,,,,,,,,
28487,-4.0,,,,,,,,,,,,,,,,,,
28488,-4.0,,,,,,,,,,,,,,,,,,
28489,-4.0,,,,,,,,,,,,,,,,,,
28490,-4.0,,,,,,,,,,,,,,,,,,
28502,-4.0,,,,,,,,,,,,,,,,,,
28504,-5.0,,,,,,,,,,,,,,,,,,
28508,-4.0,,,,,,,,,,,,,,,,,,
28510,-4.0,,,,,,,,,,,,,,,,,,
28514,-4.0,,,,,,,,,,,,,,,,,,
28532,-4.0,,,,,,,,,,,,,,,,,,
28536,-4.0,,,,,,,,,,,,,,,,,,
28538,-4.0,,,,,,,,,,,,,,,,,,
28539,-4.0,,,,,,,,,,,,,,,,,,
28546,-4.0,,,,,,,,,,,,,,,,,,
28549,-4.0,,,,,,,,,,,,,,,,,,
28551,-4.0,,,,,,,,,,,,,,,,,,
28552,-4.0,,,,,,,,,,,,,,,,,,
28553,-4.0,,,,,,,,,,,,,,,,,,
28556,-5.0,,,,,,,,,,,,,,,,,,
28557,-4.0,,,,,,,,,,,,,,,,,,
28559,-4.0,,,,,,,,,,,,,,,,,,
28561,-4.0,,,,,,,,,,,,,,,,,,
28571,-5.0,,,,,,,,,,,,,,,,,,
28573,-5.0,,,,,,,,,,,,,,,,,,
28574,-4.0,,,,,,,,,,,,,,,,,,
28580,-4.0,,,,,,,,,,,,,,,,,,
28583,-5.0,,,,,,,,,,,,,,,,,,
28586,-5.0,,,,,,,,,,,,,,,,,,
28587,-4.0,,,,,,,,,,,,,,,,,,
28590,-5.0,,,,,,,,,,,,,,,,,,
28591,-4.0,,,,,,,,,,,,,,,,,,
28601,-4.0,,,,,,,,,,,,,,,,,,
28607,-5.0,,,,,,,,,,,,,,,,,,
28612,-4.0,,,,,,,,,,,,,,,,,,
28613,-4.0,,,,,,,,,,,,,,,,,,
28615,-4.0,,,,,,,,,,,,,,,,,,
28619,-5.0,,,,,,,,,,,,,,,,,,
28623,-4.0,,,,,,,,,,,,,,,,,,
28626,-4.0,,,,,,,,,,,,,,,,,,
28633,-5.0,,,,,,,,,,,,,,,,,,
28634,-4.0,,,,,,,,,,,,,,,,,,
28638,-4.0,,,,,,,,,,,,,,,,,,
28645,-4.0,,,,,,,,,,,,,,,,,,
28654,-4.0,,,,,,,,,,,,,,,,,,
28658,-4.0,,,,,,,,,,,,,,,,,,
28661,-5.0,,,,,,,,,,,,,,,,,,
28667,-4.0,,,,,,,,,,,,,,,,,,
28670,-4.0,,,,,,,,,,,,,,,,,,
28683,-4.0,,,,,,,,,,,,,,,,,,
28684,-4.0,,,,,,,,,,,,,,,,,,
28685,-4.0,,,,,,,,,,,,,,,,,,
28686,-4.0,,,,,,,,,,,,,,,,,,
28687,-5.0,,,,,,,,,,,,,,,,,,
28689,-4.0,,,,,,,,,,,,,,,,,,
28695,-6.0,,,,,,,,,,,,,,,,,,
28704,-4.0,,,,,,,,,,,,,,,,,,
28712,-5.0,,,,,,,,,,,,,,,,,,
28717,-4.0,,,,,,,,,,,,,,,,,,
28727,-4.0,,,,,,,,,,,,,,,,,,
28732,-4.0,,,,,,,,,,,,,,,,,,
28733,-4.0,,,,,,,,,,,,,,,,,,
28735,-4.0,,,,,,,,,,,,,,,,,,
28738,-4.0,,,,,,,,,,,,,,,,,,
28749,-5.0,,,,,,,,,,,,,,,,,,
28753,-4.0,,,,,,,,,,,,,,,,,,
28757,-4.0,,,,,,,,,,,,,,,,,,
28765,-5.0,,,,,,,,,,,,,,,,,,
28767,-4.0,,,,,,,,,,,,,,,,,,
28775,-4.0,,,,,,,,,,,,,,,,,,
28776,-4.0,,,,,,,,,,,,,,,,,,
28777,-5.0,,,,,,,,,,,,,,,,,,
28783,-5.0,,,,,,,,,,,,,,,,,,
28785,-5.0,,,,,,,,,,,,,,,,,,
28788,-4.0,,,,,,,,,,,,,,,,,,
28803,-5.0,,,,,,,,,,,,,,,,,,
28812,-4.0,,,,,,,,,,,,,,,,,,
28817,-6.0,,,,,,,,,,,,,,,,,,
28820,-4.0,,,,,,,,,,,,,,,,,,
28822,-4.0,,,,,,,,,,,,,,,,,,
28824,-4.0,,,,,,,,,,,,,,,,,,
28831,-4.0,,,,,,,,,,,,,,,,,,
28840,-4.0,,,,,,,,,,,,,,,,,,
28845,-4.0,,,,,,,,,,,,,,,,,,
28853,-4.0,,,,,,,,,,,,,,,,,,
28858,-4.0,,,,,,,,,,,,,,,,,,
28859,-4.0,,,,,,,,,,,,,,,,,,
28861,-5.0,,,,,,,,,,,,,,,,,,
28865,-5.0,,,,,,,,,,,,,,,,,,
28868,-5.0,,,,,,,,,,,,,,,,,,
28869,-5.0,,,,,,,,,,,,,,,,,,
28872,-4.0,,,,,,,,,,,,,,,,,,
28873,-4.0,,,,,,,,,,,,,,,,,,
28874,-5.0,,,,,,,,,,,,,,,,,,
28878,-4.0,,,,,,,,,,,,,,,,,,
28880,-5.0,,,,,,,,,,,,,,,,,,
28881,-4.0,,,,,,,,,,,,,,,,,,
28890,-4.0,,,,,,,,,,,,,,,,,,
28891,-5.0,,,,,,,,,,,,,,,,,,
28898,-5.0,,,,,,,,,,,,,,,,,,
28905,-4.0,,,,,,,,,,,,,,,,,,
28907,-4.0,,,,,,,,,,,,,,,,,,
28912,-4.0,,,,,,,,,,,,,,,,,,
28915,-4.0,,,,,,,,,,,,,,,,,,
28916,-5.0,,,,,,,,,,,,,,,,,,
28917,-5.0,,,,,,,,,,,,,,,,,,
28920,-4.0,,,,,,,,,,,,,,,,,,
28930,-4.0,,,,,,,,,,,,,,,,,,
28931,-5.0,,,,,,,,,,,,,,,,,,
28935,-4.0,,,,,,,,,,,,,,,,,,
28936,-5.0,,,,,,,,,,,,,,,,,,
28940,-4.0,,,,,,,,,,,,,,,,,,
28942,-5.0,,,,,,,,,,,,,,,,,,
28946,-5.0,,,,,,,,,,,,,,,,,,
28950,-5.0,,,,,,,,,,,,,,,,,,
28952,-5.0,,,,,,,,,,,,,,,,,,
28961,-5.0,,,,,,,,,,,,,,,,,,
28962,-5.0,,,,,,,,,,,,,,,,,,
28964,-4.0,,,,,,,,,,,,,,,,,,
28966,-4.0,,,,,,,,,,,,,,,,,,
28986,-4.0,,,,,,,,,,,,,,,,,,
28988,-5.0,,,,,,,,,,,,,,,,,,
28999,-4.0,,,,,,,,,,,,,,,,,,
29000,-5.0,,,,,,,,,,,,,,,,,,
29001,-5.0,,,,,,,,,,,,,,,,,,
29004,-5.0,,,,,,,,,,,,,,,,,,
29006,-4.0,,,,,,,,,,,,,,,,,,
29008,-4.0,,,,,,,,,,,,,,,,,,
29014,-4.0,,,,,,,,,,,,,,,,,,
29015,-4.0,,,,,,,,,,,,,,,,,,
29020,-4.0,,,,,,,,,,,,,,,,,,
29022,-5.0,,,,,,,,,,,,,,,,,,
29029,-5.0,,,,,,,,,,,,,,,,,,
29034,-4.0,,,,,,,,,,,,,,,,,,
29036,-4.0,,,,,,,,,,,,,,,,,,
29038,-5.0,,,,,,,,,,,,,,,,,,
29042,-6.0,,,,,,,,,,,,,,,,,,
29043,-4.0,,,,,,,,,,,,,,,,,,
29044,-4.0,,,,,,,,,,,,,,,,,,
29048,-5.0,,,,,,,,,,,,,,,,,,
29050,-4.0,,,,,,,,,,,,,,,,,,
29051,-4.0,,,,,,,,,,,,,,,,,,
29056,-5.0,,,,,,,,,,,,,,,,,,
29059,-4.0,,,,,,,,,,,,,,,,,,
29062,-5.0,,,,,,,,,,,,,,,,,,
29063,-4.0,,,,,,,,,,,,,,,,,,
29068,-4.0,,,,,,,,,,,,,,,,,,
29069,-4.0,,,,,,,,,,,,,,,,,,
29071,-4.0,,,,,,,,,,,,,,,,,,
29087,-5.0,,,,,,,,,,,,,,,,,,
29089,-4.0,,,,,,,,,,,,,,,,,,
29090,-5.0,,,,,,,,,,,,,,,,,,
29091,-4.0,,,,,,,,,,,,,,,,,,
29092,-4.0,,,,,,,,,,,,,,,,,,
29099,-4.0,,,,,,,,,,,,,,,,,,
29102,-5.0,,,,,,,,,,,,,,,,,,
29106,-5.0,,,,,,,,,,,,,,,,,,
29107,-4.0,,,,,,,,,,,,,,,,,,
29112,-5.0,,,,,,,,,,,,,,,,,,
29114,-4.0,,,,,,,,,,,,,,,,,,
29119,-4.0,,,,,,,,,,,,,,,,,,
29120,-4.0,,,,,,,,,,,,,,,,,,
29126,-4.0,,,,,,,,,,,,,,,,,,
29137,-4.0,,,,,,,,,,,,,,,,,,
29147,-4.0,,,,,,,,,,,,,,,,,,
29155,-4.0,,,,,,,,,,,,,,,,,,
29160,-5.0,,,,,,,,,,,,,,,,,,
29168,-5.0,,,,,,,,,,,,,,,,,,
29180,-4.0,,,,,,,,,,,,,,,,,,
29185,-5.0,,,,,,,,,,,,,,,,,,
29188,-5.0,,,,,,,,,,,,,,,,,,
29194,-6.0,,,,,,,,,,,,,,,,,,
29196,-5.0,,,,,,,,,,,,,,,,,,
29200,-4.0,,,,,,,,,,,,,,,,,,
29201,-5.0,,,,,,,,,,,,,,,,,,
29203,-7.0,,,,,,,,,,,,,,,,,,
29208,-4.0,,,,,,,,,,,,,,,,,,
29209,-4.0,,,,,,,,,,,,,,,,,,
29210,-5.0,,,,,,,,,,,,,,,,,,
29212,-5.0,,,,,,,,,,,,,,,,,,
29219,-4.0,,,,,,,,,,,,,,,,,,
29222,-4.0,,,,,,,,,,,,,,,,,,
29224,-4.0,,,,,,,,,,,,,,,,,,
29226,-4.0,,,,,,,,,,,,,,,,,,
29228,-4.0,,,,,,,,,,,,,,,,,,
29244,-4.0,,,,,,,,,,,,,,,,,,
29255,-4.0,,,,,,,,,,,,,,,,,,
29257,-4.0,,,,,,,,,,,,,,,,,,
29264,-4.0,,,,,,,,,,,,,,,,,,
29269,-5.0,,,,,,,,,,,,,,,,,,
29272,-5.0,,,,,,,,,,,,,,,,,,
29278,-4.0,,,,,,,,,,,,,,,,,,
29279,-4.0,,,,,,,,,,,,,,,,,,
29296,-4.0,,,,,,,,,,,,,,,,,,
29300,-4.0,,,,,,,,,,,,,,,,,,
29301,-4.0,,,,,,,,,,,,,,,,,,
29303,-4.0,,,,,,,,,,,,,,,,,,
29315,-4.0,,,,,,,,,,,,,,,,,,
29323,-4.0,,,,,,,,,,,,,,,,,,
29325,-4.0,,,,,,,,,,,,,,,,,,
29330,-5.0,,,,,,,,,,,,,,,,,,
29331,-4.0,,,,,,,,,,,,,,,,,,
29332,-4.0,,,,,,,,,,,,,,,,,,
29335,-4.0,,,,,,,,,,,,,,,,,,
29336,-5.0,,,,,,,,,,,,,,,,,,
29338,-4.0,,,,,,,,,,,,,,,,,,
29343,-4.0,,,,,,,,,,,,,,,,,,
29348,-5.0,,,,,,,,,,,,,,,,,,
29351,-4.0,,,,,,,,,,,,,,,,,,
29352,-4.0,,,,,,,,,,,,,,,,,,
29358,-4.0,,,,,,,,,,,,,,,,,,
29370,-4.0,,,,,,,,,,,,,,,,,,
29374,-4.0,,,,,,,,,,,,,,,,,,
29376,-5.0,,,,,,,,,,,,,,,,,,
29382,-5.0,,,,,,,,,,,,,,,,,,
29392,-5.0,,,,,,,,,,,,,,,,,,
29395,-5.0,,,,,,,,,,,,,,,,,,
29400,-4.0,,,,,,,,,,,,,,,,,,
29409,-4.0,,,,,,,,,,,,,,,,,,
29413,-4.0,,,,,,,,,,,,,,,,,,
29417,-5.0,,,,,,,,,,,,,,,,,,
29419,-5.0,,,,,,,,,,,,,,,,,,
29427,-5.0,,,,,,,,,,,,,,,,,,
29433,-4.0,,,,,,,,,,,,,,,,,,
29439,-4.0,,,,,,,,,,,,,,,,,,
29447,-5.0,,,,,,,,,,,,,,,,,,
29449,-5.0,,,,,,,,,,,,,,,,,,
29451,-5.0,,,,,,,,,,,,,,,,,,
29454,-4.0,,,,,,,,,,,,,,,,,,
29456,-4.0,,,,,,,,,,,,,,,,,,
29462,-5.0,,,,,,,,,,,,,,,,,,
29471,-4.0,,,,,,,,,,,,,,,,,,
29474,-4.0,,,,,,,,,,,,,,,,,,
29479,-5.0,,,,,,,,,,,,,,,,,,
29483,-5.0,,,,,,,,,,,,,,,,,,
29487,-4.0,,,,,,,,,,,,,,,,,,
29497,-12.0,,,,,,,,,,,,,,,,,,
29503,-4.0,,,,,,,,,,,,,,,,,,
29507,-5.0,,,,,,,,,,,,,,,,,,
29514,-4.0,,,,,,,,,,,,,,,,,,
29523,-4.0,,,,,,,,,,,,,,,,,,
29524,-5.0,,,,,,,,,,,,,,,,,,
29525,-5.0,,,,,,,,,,,,,,,,,,
29527,-5.0,,,,,,,,,,,,,,,,,,
29528,-4.0,,,,,,,,,,,,,,,,,,
29529,-4.0,,,,,,,,,,,,,,,,,,
29534,-4.0,,,,,,,,,,,,,,,,,,
29536,-4.0,,,,,,,,,,,,,,,,,,
29537,-4.0,,,,,,,,,,,,,,,,,,
29538,-5.0,,,,,,,,,,,,,,,,,,
29539,-4.0,,,,,,,,,,,,,,,,,,
29547,-4.0,,,,,,,,,,,,,,,,,,
29549,-4.0,,,,,,,,,,,,,,,,,,
29557,-4.0,,,,,,,,,,,,,,,,,,
29565,-6.0,,,,,,,,,,,,,,,,,,
29570,-5.0,,,,,,,,,,,,,,,,,,
29571,-5.0,,,,,,,,,,,,,,,,,,
29579,-4.0,,,,,,,,,,,,,,,,,,
29584,-4.0,,,,,,,,,,,,,,,,,,
29585,-4.0,,,,,,,,,,,,,,,,,,
29588,-5.0,,,,,,,,,,,,,,,,,,
29590,-4.0,,,,,,,,,,,,,,,,,,
29592,-4.0,,,,,,,,,,,,,,,,,,
29593,-4.0,,,,,,,,,,,,,,,,,,
29597,-5.0,,,,,,,,,,,,,,,,,,
29598,-5.0,,,,,,,,,,,,,,,,,,
29599,-4.0,,,,,,,,,,,,,,,,,,
29609,-4.0,,,,,,,,,,,,,,,,,,
29611,-4.0,,,,,,,,,,,,,,,,,,
29616,-4.0,,,,,,,,,,,,,,,,,,
29618,-4.0,,,,,,,,,,,,,,,,,,
29620,-4.0,,,,,,,,,,,,,,,,,,
29622,-4.0,,,,,,,,,,,,,,,,,,
29627,-5.0,,,,,,,,,,,,,,,,,,
29631,-4.0,,,,,,,,,,,,,,,,,,
29651,-4.0,,,,,,,,,,,,,,,,,,
29655,-4.0,,,,,,,,,,,,,,,,,,
29662,-5.0,,,,,,,,,,,,,,,,,,
29677,-5.0,,,,,,,,,,,,,,,,,,
29678,-4.0,,,,,,,,,,,,,,,,,,
29687,-4.0,,,,,,,,,,,,,,,,,,
29696,-4.0,,,,,,,,,,,,,,,,,,
29697,-5.0,,,,,,,,,,,,,,,,,,
29701,-5.0,,,,,,,,,,,,,,,,,,
29704,-5.0,,,,,,,,,,,,,,,,,,
29707,-4.0,,,,,,,,,,,,,,,,,,
29708,-4.0,,,,,,,,,,,,,,,,,,
29717,-4.0,,,,,,,,,,,,,,,,,,
29724,-5.0,,,,,,,,,,,,,,,,,,
29725,-4.0,,,,,,,,,,,,,,,,,,
29731,-4.0,,,,,,,,,,,,,,,,,,
29732,-4.0,,,,,,,,,,,,,,,,,,
29734,-4.0,,,,,,,,,,,,,,,,,,
29740,-5.0,,,,,,,,,,,,,,,,,,
29741,-5.0,,,,,,,,,,,,,,,,,,
29742,-4.0,,,,,,,,,,,,,,,,,,
29748,-4.0,,,,,,,,,,,,,,,,,,
29749,-4.0,,,,,,,,,,,,,,,,,,
29750,-4.0,,,,,,,,,,,,,,,,,,
29759,-4.0,,,,,,,,,,,,,,,,,,
29769,-5.0,,,,,,,,,,,,,,,,,,
29772,-4.0,,,,,,,,,,,,,,,,,,
29775,-4.0,,,,,,,,,,,,,,,,,,
29784,-5.0,,,,,,,,,,,,,,,,,,
29788,-5.0,,,,,,,,,,,,,,,,,,
29792,-4.0,,,,,,,,,,,,,,,,,,
29795,-4.0,,,,,,,,,,,,,,,,,,
29796,-5.0,,,,,,,,,,,,,,,,,,
29799,-4.0,,,,,,,,,,,,,,,,,,
29802,-4.0,,,,,,,,,,,,,,,,,,
29812,-4.0,,,,,,,,,,,,,,,,,,
29825,-4.0,,,,,,,,,,,,,,,,,,
29830,-4.0,,,,,,,,,,,,,,,,,,
29839,-4.0,,,,,,,,,,,,,,,,,,
29843,-4.0,,,,,,,,,,,,,,,,,,
29847,-5.0,,,,,,,,,,,,,,,,,,
29853,-4.0,,,,,,,,,,,,,,,,,,
29854,-4.0,,,,,,,,,,,,,,,,,,
29856,-5.0,,,,,,,,,,,,,,,,,,
29858,-5.0,,,,,,,,,,,,,,,,,,
29864,-4.0,,,,,,,,,,,,,,,,,,
29867,-5.0,,,,,,,,,,,,,,,,,,
29869,-4.0,,,,,,,,,,,,,,,,,,
29872,-4.0,,,,,,,,,,,,,,,,,,
29873,-4.0,,,,,,,,,,,,,,,,,,
29887,-4.0,,,,,,,,,,,,,,,,,,
29893,-4.0,,,,,,,,,,,,,,,,,,
29894,-5.0,,,,,,,,,,,,,,,,,,
29896,-4.0,,,,,,,,,,,,,,,,,,
29897,-4.0,,,,,,,,,,,,,,,,,,
29900,-4.0,,,,,,,,,,,,,,,,,,
29902,-4.0,,,,,,,,,,,,,,,,,,
29907,-5.0,,,,,,,,,,,,,,,,,,
29908,-4.0,,,,,,,,,,,,,,,,,,
29909,-5.0,,,,,,,,,,,,,,,,,,
29911,-5.0,,,,,,,,,,,,,,,,,,
29912,-5.0,,,,,,,,,,,,,,,,,,
29921,-4.0,,,,,,,,,,,,,,,,,,
29923,-4.0,,,,,,,,,,,,,,,,,,
29924,-4.0,,,,,,,,,,,,,,,,,,
29925,-4.0,,,,,,,,,,,,,,,,,,
29935,-4.0,,,,,,,,,,,,,,,,,,
29957,-4.0,,,,,,,,,,,,,,,,,,
29959,-5.0,,,,,,,,,,,,,,,,,,
29962,-5.0,,,,,,,,,,,,,,,,,,
29968,-4.0,,,,,,,,,,,,,,,,,,
29971,-5.0,,,,,,,,,,,,,,,,,,
29972,-4.0,,,,,,,,,,,,,,,,,,
29974,-6.0,,,,,,,,,,,,,,,,,,
29975,-5.0,,,,,,,,,,,,,,,,,,
29983,-4.0,,,,,,,,,,,,,,,,,,
29988,-4.0,,,,,,,,,,,,,,,,,,
29996,-5.0,,,,,,,,,,,,,,,,,,
29999,-4.0,,,,,,,,,,,,,,,,,,
30003,-5.0,,,,,,,,,,,,,,,,,,
30006,-4.0,,,,,,,,,,,,,,,,,,
30009,-5.0,,,,,,,,,,,,,,,,,,
30012,-5.0,,,,,,,,,,,,,,,,,,
30013,-4.0,,,,,,,,,,,,,,,,,,
30019,-5.0,,,,,,,,,,,,,,,,,,
30020,-4.0,,,,,,,,,,,,,,,,,,
30021,-4.0,,,,,,,,,,,,,,,,,,
30026,-4.0,,,,,,,,,,,,,,,,,,
30027,-4.0,,,,,,,,,,,,,,,,,,
30028,-5.0,,,,,,,,,,,,,,,,,,
30031,-4.0,,,,,,,,,,,,,,,,,,
30032,-4.0,,,,,,,,,,,,,,,,,,
30035,-4.0,,,,,,,,,,,,,,,,,,
30036,-4.0,,,,,,,,,,,,,,,,,,
30044,-4.0,,,,,,,,,,,,,,,,,,
30046,-4.0,,,,,,,,,,,,,,,,,,
30047,-5.0,,,,,,,,,,,,,,,,,,
30052,-4.0,,,,,,,,,,,,,,,,,,
30054,-4.0,,,,,,,,,,,,,,,,,,
30055,-4.0,,,,,,,,,,,,,,,,,,
30057,-4.0,,,,,,,,,,,,,,,,,,
30059,-5.0,,,,,,,,,,,,,,,,,,
30068,-4.0,,,,,,,,,,,,,,,,,,
30078,-4.0,,,,,,,,,,,,,,,,,,
30080,-5.0,,,,,,,,,,,,,,,,,,
30093,-5.0,,,,,,,,,,,,,,,,,,
30095,-4.0,,,,,,,,,,,,,,,,,,
30096,-4.0,,,,,,,,,,,,,,,,,,
30102,-5.0,,,,,,,,,,,,,,,,,,
30109,-4.0,,,,,,,,,,,,,,,,,,
30110,-4.0,,,,,,,,,,,,,,,,,,
30121,-4.0,,,,,,,,,,,,,,,,,,
30125,-4.0,,,,,,,,,,,,,,,,,,
30131,-4.0,,,,,,,,,,,,,,,,,,
30134,-4.0,,,,,,,,,,,,,,,,,,
30136,-4.0,,,,,,,,,,,,,,,,,,
30143,-4.0,,,,,,,,,,,,,,,,,,
30147,-4.0,,,,,,,,,,,,,,,,,,
30150,-5.0,,,,,,,,,,,,,,,,,,
30151,-4.0,,,,,,,,,,,,,,,,,,
30153,-4.0,,,,,,,,,,,,,,,,,,
30154,-4.0,,,,,,,,,,,,,,,,,,
30165,-4.0,,,,,,,,,,,,,,,,,,
30167,-6.0,,,,,,,,,,,,,,,,,,
30168,-4.0,,,,,,,,,,,,,,,,,,
30171,-4.0,,,,,,,,,,,,,,,,,,
30181,-5.0,,,,,,,,,,,,,,,,,,
30184,-4.0,,,,,,,,,,,,,,,,,,
30185,-4.0,,,,,,,,,,,,,,,,,,
30187,-4.0,,,,,,,,,,,,,,,,,,
30190,-5.0,,,,,,,,,,,,,,,,,,
30200,-5.0,,,,,,,,,,,,,,,,,,
30202,-4.0,,,,,,,,,,,,,,,,,,
30205,-5.0,,,,,,,,,,,,,,,,,,
30206,-7.0,,,,,,,,,,,,,,,,,,
30210,-4.0,,,,,,,,,,,,,,,,,,
30214,-5.0,,,,,,,,,,,,,,,,,,
30215,-5.0,,,,,,,,,,,,,,,,,,
30223,-4.0,,,,,,,,,,,,,,,,,,
30225,-4.0,,,,,,,,,,,,,,,,,,
30230,-5.0,,,,,,,,,,,,,,,,,,
30232,-4.0,,,,,,,,,,,,,,,,,,
30237,-4.0,,,,,,,,,,,,,,,,,,
30245,-4.0,,,,,,,,,,,,,,,,,,
30259,-4.0,,,,,,,,,,,,,,,,,,
30262,-5.0,,,,,,,,,,,,,,,,,,
30271,-4.0,,,,,,,,,,,,,,,,,,
30292,-5.0,,,,,,,,,,,,,,,,,,
30296,-5.0,,,,,,,,,,,,,,,,,,
30301,-4.0,,,,,,,,,,,,,,,,,,
30311,-14.0,,,,,,,,,,,,,,,,,,
30314,-5.0,,,,,,,,,,,,,,,,,,
30316,-5.0,,,,,,,,,,,,,,,,,,
30319,-4.0,,,,,,,,,,,,,,,,,,
30320,-4.0,,,,,,,,,,,,,,,,,,
30321,-4.0,,,,,,,,,,,,,,,,,,
30322,-4.0,,,,,,,,,,,,,,,,,,
30323,-4.0,,,,,,,,,,,,,,,,,,
30326,-4.0,,,,,,,,,,,,,,,,,,
30327,-5.0,,,,,,,,,,,,,,,,,,
30329,-6.0,,,,,,,,,,,,,,,,,,
30332,-4.0,,,,,,,,,,,,,,,,,,
30342,-4.0,,,,,,,,,,,,,,,,,,
30343,-4.0,,,,,,,,,,,,,,,,,,
30345,-4.0,,,,,,,,,,,,,,,,,,
30347,-4.0,,,,,,,,,,,,,,,,,,
30353,-4.0,,,,,,,,,,,,,,,,,,
30356,-4.0,,,,,,,,,,,,,,,,,,
30360,-4.0,,,,,,,,,,,,,,,,,,
30363,-4.0,,,,,,,,,,,,,,,,,,
30367,-4.0,,,,,,,,,,,,,,,,,,
30368,-4.0,,,,,,,,,,,,,,,,,,
30370,-4.0,,,,,,,,,,,,,,,,,,
30371,-4.0,,,,,,,,,,,,,,,,,,
30374,-4.0,,,,,,,,,,,,,,,,,,
30382,-5.0,,,,,,,,,,,,,,,,,,
30384,-5.0,,,,,,,,,,,,,,,,,,
30396,-5.0,,,,,,,,,,,,,,,,,,
30404,-4.0,,,,,,,,,,,,,,,,,,
30409,-4.0,,,,,,,,,,,,,,,,,,
30410,-5.0,,,,,,,,,,,,,,,,,,
30411,-4.0,,,,,,,,,,,,,,,,,,
30418,-4.0,,,,,,,,,,,,,,,,,,
30420,-4.0,,,,,,,,,,,,,,,,,,
30446,-5.0,,,,,,,,,,,,,,,,,,
30450,-4.0,,,,,,,,,,,,,,,,,,
30457,-4.0,,,,,,,,,,,,,,,,,,
30458,-5.0,,,,,,,,,,,,,,,,,,
30461,-5.0,,,,,,,,,,,,,,,,,,
30462,-5.0,,,,,,,,,,,,,,,,,,
30467,-4.0,,,,,,,,,,,,,,,,,,
30469,-4.0,,,,,,,,,,,,,,,,,,
30476,-5.0,,,,,,,,,,,,,,,,,,
30484,-4.0,,,,,,,,,,,,,,,,,,
30489,-4.0,,,,,,,,,,,,,,,,,,
30495,-5.0,,,,,,,,,,,,,,,,,,
30499,-4.0,,,,,,,,,,,,,,,,,,
30502,-4.0,,,,,,,,,,,,,,,,,,
30503,-5.0,,,,,,,,,,,,,,,,,,
30504,-4.0,,,,,,,,,,,,,,,,,,
30507,-4.0,,,,,,,,,,,,,,,,,,
30509,-4.0,,,,,,,,,,,,,,,,,,
30510,-4.0,,,,,,,,,,,,,,,,,,
30521,-4.0,,,,,,,,,,,,,,,,,,
30532,-4.0,,,,,,,,,,,,,,,,,,
30533,-4.0,,,,,,,,,,,,,,,,,,
30543,-4.0,,,,,,,,,,,,,,,,,,
30547,-4.0,,,,,,,,,,,,,,,,,,
30554,-5.0,,,,,,,,,,,,,,,,,,
30563,-5.0,,,,,,,,,,,,,,,,,,
30565,-4.0,,,,,,,,,,,,,,,,,,
30568,-5.0,,,,,,,,,,,,,,,,,,
30576,-5.0,,,,,,,,,,,,,,,,,,
30591,-5.0,,,,,,,,,,,,,,,,,,
30600,-4.0,,,,,,,,,,,,,,,,,,
30601,-4.0,,,,,,,,,,,,,,,,,,
30603,-5.0,,,,,,,,,,,,,,,,,,
30605,-4.0,,,,,,,,,,,,,,,,,,
30606,-5.0,,,,,,,,,,,,,,,,,,
30608,-5.0,,,,,,,,,,,,,,,,,,
30610,-4.0,,,,,,,,,,,,,,,,,,
30615,-4.0,,,,,,,,,,,,,,,,,,
30623,-4.0,,,,,,,,,,,,,,,,,,
30624,-4.0,,,,,,,,,,,,,,,,,,
30626,-4.0,,,,,,,,,,,,,,,,,,
30627,-4.0,,,,,,,,,,,,,,,,,,
30630,-5.0,,,,,,,,,,,,,,,,,,
30637,-4.0,,,,,,,,,,,,,,,,,,
30638,-4.0,,,,,,,,,,,,,,,,,,
30643,-4.0,,,,,,,,,,,,,,,,,,
30645,-4.0,,,,,,,,,,,,,,,,,,
30648,-4.0,,,,,,,,,,,,,,,,,,
30664,-5.0,,,,,,,,,,,,,,,,,,
30673,-4.0,,,,,,,,,,,,,,,,,,
30686,-4.0,,,,,,,,,,,,,,,,,,
30692,-4.0,,,,,,,,,,,,,,,,,,
30697,-4.0,,,,,,,,,,,,,,,,,,
30698,-5.0,,,,,,,,,,,,,,,,,,
30702,-4.0,,,,,,,,,,,,,,,,,,
30705,-4.0,,,,,,,,,,,,,,,,,,
30707,-5.0,,,,,,,,,,,,,,,,,,
30712,-4.0,,,,,,,,,,,,,,,,,,
30714,-5.0,,,,,,,,,,,,,,,,,,
30717,-4.0,,,,,,,,,,,,,,,,,,
30722,-4.0,,,,,,,,,,,,,,,,,,
30724,-5.0,,,,,,,,,,,,,,,,,,
30725,-4.0,,,,,,,,,,,,,,,,,,
30729,-4.0,,,,,,,,,,,,,,,,,,
30730,-4.0,,,,,,,,,,,,,,,,,,
30731,-4.0,,,,,,,,,,,,,,,,,,
30734,-4.0,,,,,,,,,,,,,,,,,,
30736,-4.0,,,,,,,,,,,,,,,,,,
30739,-5.0,,,,,,,,,,,,,,,,,,
30748,-4.0,,,,,,,,,,,,,,,,,,
30749,-4.0,,,,,,,,,,,,,,,,,,
30750,-4.0,,,,,,,,,,,,,,,,,,
30752,-5.0,,,,,,,,,,,,,,,,,,
30754,-4.0,,,,,,,,,,,,,,,,,,
30756,-4.0,,,,,,,,,,,,,,,,,,
30759,-5.0,,,,,,,,,,,,,,,,,,
30764,-5.0,,,,,,,,,,,,,,,,,,
30766,-4.0,,,,,,,,,,,,,,,,,,
30770,-4.0,,,,,,,,,,,,,,,,,,
30782,-4.0,,,,,,,,,,,,,,,,,,
30783,-5.0,,,,,,,,,,,,,,,,,,
30785,-4.0,,,,,,,,,,,,,,,,,,
30796,-5.0,,,,,,,,,,,,,,,,,,
30801,-5.0,,,,,,,,,,,,,,,,,,
30805,-4.0,,,,,,,,,,,,,,,,,,
30807,-4.0,,,,,,,,,,,,,,,,,,
30814,-5.0,,,,,,,,,,,,,,,,,,
30816,-4.0,,,,,,,,,,,,,,,,,,
30820,-4.0,,,,,,,,,,,,,,,,,,
30824,-4.0,,,,,,,,,,,,,,,,,,
30826,-4.0,,,,,,,,,,,,,,,,,,
30828,-4.0,,,,,,,,,,,,,,,,,,
30831,-5.0,,,,,,,,,,,,,,,,,,
30837,-4.0,,,,,,,,,,,,,,,,,,
30838,-4.0,,,,,,,,,,,,,,,,,,
30845,-4.0,,,,,,,,,,,,,,,,,,
30846,-4.0,,,,,,,,,,,,,,,,,,
30860,-4.0,,,,,,,,,,,,,,,,,,
30875,-5.0,,,,,,,,,,,,,,,,,,
30883,-4.0,,,,,,,,,,,,,,,,,,
30886,-5.0,,,,,,,,,,,,,,,,,,
30889,-4.0,,,,,,,,,,,,,,,,,,
30890,-5.0,,,,,,,,,,,,,,,,,,
30893,-5.0,,,,,,,,,,,,,,,,,,
30894,-5.0,,,,,,,,,,,,,,,,,,
30899,-5.0,,,,,,,,,,,,,,,,,,
30900,-4.0,,,,,,,,,,,,,,,,,,
30903,-5.0,,,,,,,,,,,,,,,,,,
30904,-5.0,,,,,,,,,,,,,,,,,,
30910,-4.0,,,,,,,,,,,,,,,,,,
30913,-4.0,,,,,,,,,,,,,,,,,,
30914,-4.0,,,,,,,,,,,,,,,,,,
30917,-4.0,,,,,,,,,,,,,,,,,,
30918,-4.0,,,,,,,,,,,,,,,,,,
30924,-4.0,,,,,,,,,,,,,,,,,,
30933,-5.0,,,,,,,,,,,,,,,,,,
30935,-4.0,,,,,,,,,,,,,,,,,,
30947,-5.0,,,,,,,,,,,,,,,,,,
30948,-4.0,,,,,,,,,,,,,,,,,,
30952,-4.0,,,,,,,,,,,,,,,,,,
30954,-4.0,,,,,,,,,,,,,,,,,,
30962,-4.0,,,,,,,,,,,,,,,,,,
30963,-5.0,,,,,,,,,,,,,,,,,,
30965,-5.0,,,,,,,,,,,,,,,,,,
30974,-4.0,,,,,,,,,,,,,,,,,,
30976,-5.0,,,,,,,,,,,,,,,,,,
30983,-4.0,,,,,,,,,,,,,,,,,,
30989,-4.0,,,,,,,,,,,,,,,,,,
30990,-4.0,,,,,,,,,,,,,,,,,,
30994,-4.0,,,,,,,,,,,,,,,,,,
30998,-4.0,,,,,,,,,,,,,,,,,,
31004,-4.0,,,,,,,,,,,,,,,,,,
31008,-4.0,,,,,,,,,,,,,,,,,,
31012,-4.0,,,,,,,,,,,,,,,,,,
31013,-5.0,,,,,,,,,,,,,,,,,,
31015,-5.0,,,,,,,,,,,,,,,,,,
31018,-4.0,,,,,,,,,,,,,,,,,,
31019,-4.0,,,,,,,,,,,,,,,,,,
31021,-4.0,,,,,,,,,,,,,,,,,,
31035,-4.0,,,,,,,,,,,,,,,,,,
31036,-5.0,,,,,,,,,,,,,,,,,,
31042,-5.0,,,,,,,,,,,,,,,,,,
31045,-5.0,,,,,,,,,,,,,,,,,,
31051,-4.0,,,,,,,,,,,,,,,,,,
31061,-4.0,,,,,,,,,,,,,,,,,,
31064,-5.0,,,,,,,,,,,,,,,,,,
31075,-5.0,,,,,,,,,,,,,,,,,,
31083,-4.0,,,,,,,,,,,,,,,,,,
31092,-5.0,,,,,,,,,,,,,,,,,,
31096,-4.0,,,,,,,,,,,,,,,,,,
31098,-5.0,,,,,,,,,,,,,,,,,,
31099,-4.0,,,,,,,,,,,,,,,,,,
31104,-4.0,,,,,,,,,,,,,,,,,,
31107,-5.0,,,,,,,,,,,,,,,,,,
31111,-5.0,,,,,,,,,,,,,,,,,,
31115,-4.0,,,,,,,,,,,,,,,,,,
31116,-5.0,,,,,,,,,,,,,,,,,,
31117,-4.0,,,,,,,,,,,,,,,,,,
31118,-4.0,,,,,,,,,,,,,,,,,,
31121,-4.0,,,,,,,,,,,,,,,,,,
31123,-4.0,,,,,,,,,,,,,,,,,,
31126,-4.0,,,,,,,,,,,,,,,,,,
31129,-4.0,,,,,,,,,,,,,,,,,,
31135,-4.0,,,,,,,,,,,,,,,,,,
31142,-4.0,,,,,,,,,,,,,,,,,,
31146,-5.0,,,,,,,,,,,,,,,,,,
31151,-4.0,,,,,,,,,,,,,,,,,,
31157,-4.0,,,,,,,,,,,,,,,,,,
31159,-5.0,,,,,,,,,,,,,,,,,,
31160,-4.0,,,,,,,,,,,,,,,,,,
31161,-6.0,,,,,,,,,,,,,,,,,,
31166,-4.0,,,,,,,,,,,,,,,,,,
31167,-4.0,,,,,,,,,,,,,,,,,,
31168,-4.0,,,,,,,,,,,,,,,,,,
31172,-4.0,,,,,,,,,,,,,,,,,,
31175,-4.0,,,,,,,,,,,,,,,,,,
31178,-4.0,,,,,,,,,,,,,,,,,,
31186,-6.0,,,,,,,,,,,,,,,,,,
31189,-4.0,,,,,,,,,,,,,,,,,,
31192,-4.0,,,,,,,,,,,,,,,,,,
31200,-4.0,,,,,,,,,,,,,,,,,,
31209,-5.0,,,,,,,,,,,,,,,,,,
31210,-5.0,,,,,,,,,,,,,,,,,,
31213,-5.0,,,,,,,,,,,,,,,,,,
31216,-5.0,,,,,,,,,,,,,,,,,,
31226,-4.0,,,,,,,,,,,,,,,,,,
31227,-4.0,,,,,,,,,,,,,,,,,,
31230,-4.0,,,,,,,,,,,,,,,,,,
31233,-4.0,,,,,,,,,,,,,,,,,,
31234,-4.0,,,,,,,,,,,,,,,,,,
31240,-8.0,,,,,,,,,,,,,,,,,,
31243,-4.0,,,,,,,,,,,,,,,,,,
31249,-5.0,,,,,,,,,,,,,,,,,,
31253,-5.0,,,,,,,,,,,,,,,,,,
31254,-4.0,,,,,,,,,,,,,,,,,,
31264,-5.0,,,,,,,,,,,,,,,,,,
31266,-4.0,,,,,,,,,,,,,,,,,,
31271,-4.0,,,,,,,,,,,,,,,,,,
31278,-4.0,,,,,,,,,,,,,,,,,,
31285,-4.0,,,,,,,,,,,,,,,,,,
31287,-5.0,,,,,,,,,,,,,,,,,,
31288,-4.0,,,,,,,,,,,,,,,,,,
31292,-5.0,,,,,,,,,,,,,,,,,,
31295,-5.0,,,,,,,,,,,,,,,,,,
31297,-4.0,,,,,,,,,,,,,,,,,,
31298,-4.0,,,,,,,,,,,,,,,,,,
31299,-5.0,,,,,,,,,,,,,,,,,,
31301,-4.0,,,,,,,,,,,,,,,,,,
31314,-4.0,,,,,,,,,,,,,,,,,,
31316,-4.0,,,,,,,,,,,,,,,,,,
31317,-4.0,,,,,,,,,,,,,,,,,,
31320,-5.0,,,,,,,,,,,,,,,,,,
31321,-5.0,,,,,,,,,,,,,,,,,,
31324,-4.0,,,,,,,,,,,,,,,,,,
31326,-4.0,,,,,,,,,,,,,,,,,,
31328,-4.0,,,,,,,,,,,,,,,,,,
31335,-4.0,,,,,,,,,,,,,,,,,,
31339,-4.0,,,,,,,,,,,,,,,,,,
31346,-5.0,,,,,,,,,,,,,,,,,,
31347,-5.0,,,,,,,,,,,,,,,,,,
31349,-4.0,,,,,,,,,,,,,,,,,,
31356,-4.0,,,,,,,,,,,,,,,,,,
31372,-5.0,,,,,,,,,,,,,,,,,,
31373,-4.0,,,,,,,,,,,,,,,,,,
31377,-4.0,,,,,,,,,,,,,,,,,,
31378,-4.0,,,,,,,,,,,,,,,,,,
31380,-4.0,,,,,,,,,,,,,,,,,,
31382,-4.0,,,,,,,,,,,,,,,,,,
31389,-5.0,,,,,,,,,,,,,,,,,,
31390,-5.0,,,,,,,,,,,,,,,,,,
31400,-4.0,,,,,,,,,,,,,,,,,,
31401,-4.0,,,,,,,,,,,,,,,,,,
31405,-5.0,,,,,,,,,,,,,,,,,,
31406,-4.0,,,,,,,,,,,,,,,,,,
31415,-4.0,,,,,,,,,,,,,,,,,,
31424,-5.0,,,,,,,,,,,,,,,,,,
31425,-4.0,,,,,,,,,,,,,,,,,,
31427,-4.0,,,,,,,,,,,,,,,,,,
31428,-4.0,,,,,,,,,,,,,,,,,,
31429,-4.0,,,,,,,,,,,,,,,,,,
31430,-4.0,,,,,,,,,,,,,,,,,,
31442,-4.0,,,,,,,,,,,,,,,,,,
31443,-4.0,,,,,,,,,,,,,,,,,,
31448,-4.0,,,,,,,,,,,,,,,,,,
31451,-4.0,,,,,,,,,,,,,,,,,,
31464,-4.0,,,,,,,,,,,,,,,,,,
31485,-5.0,,,,,,,,,,,,,,,,,,
31487,-4.0,,,,,,,,,,,,,,,,,,
31489,-5.0,,,,,,,,,,,,,,,,,,
31491,-4.0,,,,,,,,,,,,,,,,,,
31495,-4.0,,,,,,,,,,,,,,,,,,
31498,-4.0,,,,,,,,,,,,,,,,,,
31500,-4.0,,,,,,,,,,,,,,,,,,
31509,-5.0,,,,,,,,,,,,,,,,,,
31516,-5.0,,,,,,,,,,,,,,,,,,
31517,-5.0,,,,,,,,,,,,,,,,,,
31521,-5.0,,,,,,,,,,,,,,,,,,
31525,-4.0,,,,,,,,,,,,,,,,,,
31526,-4.0,,,,,,,,,,,,,,,,,,
31528,-4.0,,,,,,,,,,,,,,,,,,
31540,-4.0,,,,,,,,,,,,,,,,,,
31541,-4.0,,,,,,,,,,,,,,,,,,
31542,-5.0,,,,,,,,,,,,,,,,,,
31543,-5.0,,,,,,,,,,,,,,,,,,
31544,-4.0,,,,,,,,,,,,,,,,,,
31547,-4.0,,,,,,,,,,,,,,,,,,
31550,-4.0,,,,,,,,,,,,,,,,,,
31551,-4.0,,,,,,,,,,,,,,,,,,
31554,-4.0,,,,,,,,,,,,,,,,,,
31555,-5.0,,,,,,,,,,,,,,,,,,
31557,-4.0,,,,,,,,,,,,,,,,,,
31558,-4.0,,,,,,,,,,,,,,,,,,
31567,-5.0,,,,,,,,,,,,,,,,,,
31568,-6.0,,,,,,,,,,,,,,,,,,
31569,-5.0,,,,,,,,,,,,,,,,,,
31572,-5.0,,,,,,,,,,,,,,,,,,
31574,-5.0,,,,,,,,,,,,,,,,,,
31585,-4.0,,,,,,,,,,,,,,,,,,
31590,-5.0,,,,,,,,,,,,,,,,,,
31591,-5.0,,,,,,,,,,,,,,,,,,
31592,-4.0,,,,,,,,,,,,,,,,,,
31593,-4.0,,,,,,,,,,,,,,,,,,
31596,-4.0,,,,,,,,,,,,,,,,,,
31597,-4.0,,,,,,,,,,,,,,,,,,
31602,-4.0,,,,,,,,,,,,,,,,,,
31604,-5.0,,,,,,,,,,,,,,,,,,
31605,-4.0,,,,,,,,,,,,,,,,,,
31611,-4.0,,,,,,,,,,,,,,,,,,
31612,-5.0,,,,,,,,,,,,,,,,,,
31617,-5.0,,,,,,,,,,,,,,,,,,
31620,-5.0,,,,,,,,,,,,,,,,,,
31622,-5.0,,,,,,,,,,,,,,,,,,
31626,-4.0,,,,,,,,,,,,,,,,,,
31636,-4.0,,,,,,,,,,,,,,,,,,
31647,-4.0,,,,,,,,,,,,,,,,,,
31649,-4.0,,,,,,,,,,,,,,,,,,
31652,-5.0,,,,,,,,,,,,,,,,,,
31653,-4.0,,,,,,,,,,,,,,,,,,
31654,-5.0,,,,,,,,,,,,,,,,,,
31655,-4.0,,,,,,,,,,,,,,,,,,
31659,-5.0,,,,,,,,,,,,,,,,,,
31662,-6.0,,,,,,,,,,,,,,,,,,
31671,-4.0,,,,,,,,,,,,,,,,,,
31672,-4.0,,,,,,,,,,,,,,,,,,
31673,-5.0,,,,,,,,,,,,,,,,,,
31681,-4.0,,,,,,,,,,,,,,,,,,
31682,-6.0,,,,,,,,,,,,,,,,,,
31683,-4.0,,,,,,,,,,,,,,,,,,
31692,-5.0,,,,,,,,,,,,,,,,,,
31693,-5.0,,,,,,,,,,,,,,,,,,
31696,-4.0,,,,,,,,,,,,,,,,,,
31702,-4.0,,,,,,,,,,,,,,,,,,
31705,-4.0,,,,,,,,,,,,,,,,,,
31706,-4.0,,,,,,,,,,,,,,,,,,
31713,-6.0,,,,,,,,,,,,,,,,,,
31728,-4.0,,,,,,,,,,,,,,,,,,
31729,-5.0,,,,,,,,,,,,,,,,,,
31730,-4.0,,,,,,,,,,,,,,,,,,
31733,-4.0,,,,,,,,,,,,,,,,,,
31737,-4.0,,,,,,,,,,,,,,,,,,
31739,-4.0,,,,,,,,,,,,,,,,,,
31742,-5.0,,,,,,,,,,,,,,,,,,
31745,-4.0,,,,,,,,,,,,,,,,,,
31748,-5.0,,,,,,,,,,,,,,,,,,
31755,-4.0,,,,,,,,,,,,,,,,,,
31761,-5.0,,,,,,,,,,,,,,,,,,
31769,-4.0,,,,,,,,,,,,,,,,,,
31770,-5.0,,,,,,,,,,,,,,,,,,
31774,-4.0,,,,,,,,,,,,,,,,,,
31782,-4.0,,,,,,,,,,,,,,,,,,
31787,-4.0,,,,,,,,,,,,,,,,,,
31788,-4.0,,,,,,,,,,,,,,,,,,
31789,-4.0,,,,,,,,,,,,,,,,,,
31793,-4.0,,,,,,,,,,,,,,,,,,
31796,-4.0,,,,,,,,,,,,,,,,,,
31798,-4.0,,,,,,,,,,,,,,,,,,
31799,-4.0,,,,,,,,,,,,,,,,,,
31804,-4.0,,,,,,,,,,,,,,,,,,
31805,-5.0,,,,,,,,,,,,,,,,,,
31814,-5.0,,,,,,,,,,,,,,,,,,
31816,-5.0,,,,,,,,,,,,,,,,,,
31823,-5.0,,,,,,,,,,,,,,,,,,
31826,-4.0,,,,,,,,,,,,,,,,,,
31832,-4.0,,,,,,,,,,,,,,,,,,
31839,-4.0,,,,,,,,,,,,,,,,,,
31841,-4.0,,,,,,,,,,,,,,,,,,
31852,-4.0,,,,,,,,,,,,,,,,,,
31853,-4.0,,,,,,,,,,,,,,,,,,
31856,-4.0,,,,,,,,,,,,,,,,,,
31857,-4.0,,,,,,,,,,,,,,,,,,
31858,-4.0,,,,,,,,,,,,,,,,,,
31861,-4.0,,,,,,,,,,,,,,,,,,
31862,-4.0,,,,,,,,,,,,,,,,,,
31866,-4.0,,,,,,,,,,,,,,,,,,
31867,-4.0,,,,,,,,,,,,,,,,,,
31870,-5.0,,,,,,,,,,,,,,,,,,
31872,-4.0,,,,,,,,,,,,,,,,,,
31878,-4.0,,,,,,,,,,,,,,,,,,
31893,-4.0,,,,,,,,,,,,,,,,,,
31898,-4.0,,,,,,,,,,,,,,,,,,
31903,-4.0,,,,,,,,,,,,,,,,,,
31918,-4.0,,,,,,,,,,,,,,,,,,
31925,-4.0,,,,,,,,,,,,,,,,,,
31927,-4.0,,,,,,,,,,,,,,,,,,
31930,-4.0,,,,,,,,,,,,,,,,,,
31932,-4.0,,,,,,,,,,,,,,,,,,
31937,-5.0,,,,,,,,,,,,,,,,,,
31950,-4.0,,,,,,,,,,,,,,,,,,
31953,-5.0,,,,,,,,,,,,,,,,,,
31967,-5.0,,,,,,,,,,,,,,,,,,
31972,-5.0,,,,,,,,,,,,,,,,,,
31980,-4.0,,,,,,,,,,,,,,,,,,
31981,-5.0,,,,,,,,,,,,,,,,,,
31984,-4.0,,,,,,,,,,,,,,,,,,
31989,-4.0,,,,,,,,,,,,,,,,,,
31991,-4.0,,,,,,,,,,,,,,,,,,
31996,-4.0,,,,,,,,,,,,,,,,,,
31997,-4.0,,,,,,,,,,,,,,,,,,
32002,-5.0,,,,,,,,,,,,,,,,,,
32003,-5.0,,,,,,,,,,,,,,,,,,
32004,-5.0,,,,,,,,,,,,,,,,,,
32007,-5.0,,,,,,,,,,,,,,,,,,
32010,-5.0,,,,,,,,,,,,,,,,,,
32012,-5.0,,,,,,,,,,,,,,,,,,
32019,-4.0,,,,,,,,,,,,,,,,,,
32023,-4.0,,,,,,,,,,,,,,,,,,
32025,-5.0,,,,,,,,,,,,,,,,,,
32031,-5.0,,,,,,,,,,,,,,,,,,
32039,-5.0,,,,,,,,,,,,,,,,,,
32040,-4.0,,,,,,,,,,,,,,,,,,
32041,-4.0,,,,,,,,,,,,,,,,,,
32043,-4.0,,,,,,,,,,,,,,,,,,
32045,-5.0,,,,,,,,,,,,,,,,,,
32051,-4.0,,,,,,,,,,,,,,,,,,
32052,-5.0,,,,,,,,,,,,,,,,,,
32056,-4.0,,,,,,,,,,,,,,,,,,
32058,-4.0,,,,,,,,,,,,,,,,,,
32062,-5.0,,,,,,,,,,,,,,,,,,
32063,-4.0,,,,,,,,,,,,,,,,,,
32068,-5.0,,,,,,,,,,,,,,,,,,
32069,-4.0,,,,,,,,,,,,,,,,,,
32075,-4.0,,,,,,,,,,,,,,,,,,
32078,-5.0,,,,,,,,,,,,,,,,,,
32086,-5.0,,,,,,,,,,,,,,,,,,
32090,-4.0,,,,,,,,,,,,,,,,,,
32093,-5.0,,,,,,,,,,,,,,,,,,
32094,-4.0,,,,,,,,,,,,,,,,,,
32100,-4.0,,,,,,,,,,,,,,,,,,
32102,-5.0,,,,,,,,,,,,,,,,,,
32110,-4.0,,,,,,,,,,,,,,,,,,
32112,-5.0,,,,,,,,,,,,,,,,,,
32121,-5.0,,,,,,,,,,,,,,,,,,
32123,-4.0,,,,,,,,,,,,,,,,,,
32125,-4.0,,,,,,,,,,,,,,,,,,
32140,-5.0,,,,,,,,,,,,,,,,,,
32142,-4.0,,,,,,,,,,,,,,,,,,
32145,-4.0,,,,,,,,,,,,,,,,,,
32146,-4.0,,,,,,,,,,,,,,,,,,
32147,-5.0,,,,,,,,,,,,,,,,,,
32149,-5.0,,,,,,,,,,,,,,,,,,
32150,-4.0,,,,,,,,,,,,,,,,,,
32158,-4.0,,,,,,,,,,,,,,,,,,
32159,-4.0,,,,,,,,,,,,,,,,,,
32165,-4.0,,,,,,,,,,,,,,,,,,
32172,-5.0,,,,,,,,,,,,,,,,,,
32174,-4.0,,,,,,,,,,,,,,,,,,
32175,-4.0,,,,,,,,,,,,,,,,,,
32177,-4.0,,,,,,,,,,,,,,,,,,
32201,-5.0,,,,,,,,,,,,,,,,,,
32208,-4.0,,,,,,,,,,,,,,,,,,
32216,-5.0,,,,,,,,,,,,,,,,,,
32225,-5.0,,,,,,,,,,,,,,,,,,
32231,-4.0,,,,,,,,,,,,,,,,,,
32232,-4.0,,,,,,,,,,,,,,,,,,
32233,-5.0,,,,,,,,,,,,,,,,,,
32234,-4.0,,,,,,,,,,,,,,,,,,
32238,-4.0,,,,,,,,,,,,,,,,,,
32242,-5.0,,,,,,,,,,,,,,,,,,
32244,-4.0,,,,,,,,,,,,,,,,,,
32245,-5.0,,,,,,,,,,,,,,,,,,
32246,-5.0,,,,,,,,,,,,,,,,,,
32249,-4.0,,,,,,,,,,,,,,,,,,
32261,-5.0,,,,,,,,,,,,,,,,,,
32270,-5.0,,,,,,,,,,,,,,,,,,
32271,-4.0,,,,,,,,,,,,,,,,,,
32273,-4.0,,,,,,,,,,,,,,,,,,
32274,-4.0,,,,,,,,,,,,,,,,,,
32275,-4.0,,,,,,,,,,,,,,,,,,
32276,-5.0,,,,,,,,,,,,,,,,,,
32278,-4.0,,,,,,,,,,,,,,,,,,
32285,-4.0,,,,,,,,,,,,,,,,,,
32299,-4.0,,,,,,,,,,,,,,,,,,
32311,-5.0,,,,,,,,,,,,,,,,,,
32331,-4.0,,,,,,,,,,,,,,,,,,
32333,-5.0,,,,,,,,,,,,,,,,,,
32335,-4.0,,,,,,,,,,,,,,,,,,
32336,-4.0,,,,,,,,,,,,,,,,,,
32344,-5.0,,,,,,,,,,,,,,,,,,
32348,-6.0,,,,,,,,,,,,,,,,,,
32350,-4.0,,,,,,,,,,,,,,,,,,
32351,-5.0,,,,,,,,,,,,,,,,,,
32352,-4.0,,,,,,,,,,,,,,,,,,
32355,-4.0,,,,,,,,,,,,,,,,,,
32372,-4.0,,,,,,,,,,,,,,,,,,
32375,-4.0,,,,,,,,,,,,,,,,,,
32377,-5.0,,,,,,,,,,,,,,,,,,
32384,-4.0,,,,,,,,,,,,,,,,,,
32390,-5.0,,,,,,,,,,,,,,,,,,
32396,-4.0,,,,,,,,,,,,,,,,,,
32398,-4.0,,,,,,,,,,,,,,,,,,
32399,-4.0,,,,,,,,,,,,,,,,,,
32402,-4.0,,,,,,,,,,,,,,,,,,
32411,-4.0,,,,,,,,,,,,,,,,,,
32413,-4.0,,,,,,,,,,,,,,,,,,
32420,-4.0,,,,,,,,,,,,,,,,,,
32421,-4.0,,,,,,,,,,,,,,,,,,
32423,-4.0,,,,,,,,,,,,,,,,,,
32429,-4.0,,,,,,,,,,,,,,,,,,
32430,-4.0,,,,,,,,,,,,,,,,,,
32431,-5.0,,,,,,,,,,,,,,,,,,
32437,-4.0,,,,,,,,,,,,,,,,,,
32447,-5.0,,,,,,,,,,,,,,,,,,
32450,-4.0,,,,,,,,,,,,,,,,,,
32452,-4.0,,,,,,,,,,,,,,,,,,
32454,-4.0,,,,,,,,,,,,,,,,,,
32455,-5.0,,,,,,,,,,,,,,,,,,
32460,-4.0,,,,,,,,,,,,,,,,,,
32462,-4.0,,,,,,,,,,,,,,,,,,
32468,-4.0,,,,,,,,,,,,,,,,,,
32469,-4.0,,,,,,,,,,,,,,,,,,
32473,-4.0,,,,,,,,,,,,,,,,,,
32479,-4.0,,,,,,,,,,,,,,,,,,
32481,-4.0,,,,,,,,,,,,,,,,,,
32486,-4.0,,,,,,,,,,,,,,,,,,
32490,-8.0,,,,,,,,,,,,,,,,,,
32492,-4.0,,,,,,,,,,,,,,,,,,
32493,-4.0,,,,,,,,,,,,,,,,,,
32494,-5.0,,,,,,,,,,,,,,,,,,
32498,-4.0,,,,,,,,,,,,,,,,,,
32504,-4.0,,,,,,,,,,,,,,,,,,
32506,-4.0,,,,,,,,,,,,,,,,,,
32507,-4.0,,,,,,,,,,,,,,,,,,
32509,-4.0,,,,,,,,,,,,,,,,,,
32516,-4.0,,,,,,,,,,,,,,,,,,
32524,-4.0,,,,,,,,,,,,,,,,,,
32527,-4.0,,,,,,,,,,,,,,,,,,
32534,-5.0,,,,,,,,,,,,,,,,,,
32535,-4.0,,,,,,,,,,,,,,,,,,
32536,-5.0,,,,,,,,,,,,,,,,,,
32539,-4.0,,,,,,,,,,,,,,,,,,
32550,-14.0,,,,,,,,,,,,,,,,,,
32553,-4.0,,,,,,,,,,,,,,,,,,
32554,-4.0,,,,,,,,,,,,,,,,,,
32562,-5.0,,,,,,,,,,,,,,,,,,
32565,-4.0,,,,,,,,,,,,,,,,,,
32571,-5.0,,,,,,,,,,,,,,,,,,
32582,-5.0,,,,,,,,,,,,,,,,,,
32590,-4.0,,,,,,,,,,,,,,,,,,
32592,-5.0,,,,,,,,,,,,,,,,,,
32594,-4.0,,,,,,,,,,,,,,,,,,
32595,-7.0,,,,,,,,,,,,,,,,,,
32603,-4.0,,,,,,,,,,,,,,,,,,
32612,-4.0,,,,,,,,,,,,,,,,,,
32625,-4.0,,,,,,,,,,,,,,,,,,
32627,-5.0,,,,,,,,,,,,,,,,,,
32630,-5.0,,,,,,,,,,,,,,,,,,
32638,-5.0,,,,,,,,,,,,,,,,,,
32646,-5.0,,,,,,,,,,,,,,,,,,
32658,-4.0,,,,,,,,,,,,,,,,,,
32659,-4.0,,,,,,,,,,,,,,,,,,
32662,-4.0,,,,,,,,,,,,,,,,,,
32665,-5.0,,,,,,,,,,,,,,,,,,
32668,-4.0,,,,,,,,,,,,,,,,,,
32683,-7.0,,,,,,,,,,,,,,,,,,
32684,-5.0,,,,,,,,,,,,,,,,,,
32688,-4.0,,,,,,,,,,,,,,,,,,
32690,-4.0,,,,,,,,,,,,,,,,,,
32692,-4.0,,,,,,,,,,,,,,,,,,
32696,-4.0,,,,,,,,,,,,,,,,,,
32711,-4.0,,,,,,,,,,,,,,,,,,
32718,-4.0,,,,,,,,,,,,,,,,,,
32719,-4.0,,,,,,,,,,,,,,,,,,
32721,-5.0,,,,,,,,,,,,,,,,,,
32722,-5.0,,,,,,,,,,,,,,,,,,
32724,-5.0,,,,,,,,,,,,,,,,,,
32726,-5.0,,,,,,,,,,,,,,,,,,
32735,-4.0,,,,,,,,,,,,,,,,,,
32737,-4.0,,,,,,,,,,,,,,,,,,
32741,-4.0,,,,,,,,,,,,,,,,,,
32744,-4.0,,,,,,,,,,,,,,,,,,
32745,-5.0,,,,,,,,,,,,,,,,,,
32746,-4.0,,,,,,,,,,,,,,,,,,
32747,-4.0,,,,,,,,,,,,,,,,,,
32750,-4.0,,,,,,,,,,,,,,,,,,
32754,-4.0,,,,,,,,,,,,,,,,,,
32756,-4.0,,,,,,,,,,,,,,,,,,
32757,-4.0,,,,,,,,,,,,,,,,,,
32760,-4.0,,,,,,,,,,,,,,,,,,
32763,-4.0,,,,,,,,,,,,,,,,,,
32765,-4.0,,,,,,,,,,,,,,,,,,
32766,-4.0,,,,,,,,,,,,,,,,,,
32767,-5.0,,,,,,,,,,,,,,,,,,
32769,-4.0,,,,,,,,,,,,,,,,,,
32774,-4.0,,,,,,,,,,,,,,,,,,
32775,-4.0,,,,,,,,,,,,,,,,,,
32776,-4.0,,,,,,,,,,,,,,,,,,
32779,-4.0,,,,,,,,,,,,,,,,,,
32786,-4.0,,,,,,,,,,,,,,,,,,
32787,-4.0,,,,,,,,,,,,,,,,,,
32790,-4.0,,,,,,,,,,,,,,,,,,
32794,-4.0,,,,,,,,,,,,,,,,,,
32796,-5.0,,,,,,,,,,,,,,,,,,
32797,-5.0,,,,,,,,,,,,,,,,,,
32802,-4.0,,,,,,,,,,,,,,,,,,
32804,-5.0,,,,,,,,,,,,,,,,,,
32806,-4.0,,,,,,,,,,,,,,,,,,
32810,-5.0,,,,,,,,,,,,,,,,,,
32819,-5.0,,,,,,,,,,,,,,,,,,
32822,-4.0,,,,,,,,,,,,,,,,,,
32826,-4.0,,,,,,,,,,,,,,,,,,
32831,-4.0,,,,,,,,,,,,,,,,,,
32837,-4.0,,,,,,,,,,,,,,,,,,
32838,-4.0,,,,,,,,,,,,,,,,,,
32844,-5.0,,,,,,,,,,,,,,,,,,
32846,-5.0,,,,,,,,,,,,,,,,,,
32849,-5.0,,,,,,,,,,,,,,,,,,
32851,-4.0,,,,,,,,,,,,,,,,,,
32858,-4.0,,,,,,,,,,,,,,,,,,
32860,-5.0,,,,,,,,,,,,,,,,,,
32864,-4.0,,,,,,,,,,,,,,,,,,
32871,-5.0,,,,,,,,,,,,,,,,,,
32872,-4.0,,,,,,,,,,,,,,,,,,
32874,-4.0,,,,,,,,,,,,,,,,,,
32887,-4.0,,,,,,,,,,,,,,,,,,
32892,-5.0,,,,,,,,,,,,,,,,,,
32894,-4.0,,,,,,,,,,,,,,,,,,
32896,-5.0,,,,,,,,,,,,,,,,,,
32908,-4.0,,,,,,,,,,,,,,,,,,
32926,-4.0,,,,,,,,,,,,,,,,,,
32927,-4.0,,,,,,,,,,,,,,,,,,
32932,-5.0,,,,,,,,,,,,,,,,,,
32936,-4.0,,,,,,,,,,,,,,,,,,
32939,-4.0,,,,,,,,,,,,,,,,,,
32942,-4.0,,,,,,,,,,,,,,,,,,
32943,-4.0,,,,,,,,,,,,,,,,,,
32946,-4.0,,,,,,,,,,,,,,,,,,
32949,-5.0,,,,,,,,,,,,,,,,,,
32953,-4.0,,,,,,,,,,,,,,,,,,
32961,-5.0,,,,,,,,,,,,,,,,,,
32964,-4.0,,,,,,,,,,,,,,,,,,
32969,-5.0,,,,,,,,,,,,,,,,,,
32971,-5.0,,,,,,,,,,,,,,,,,,
32976,-5.0,,,,,,,,,,,,,,,,,,
32988,-5.0,,,,,,,,,,,,,,,,,,
32991,-4.0,,,,,,,,,,,,,,,,,,
32997,-4.0,,,,,,,,,,,,,,,,,,
32999,-5.0,,,,,,,,,,,,,,,,,,
33010,-5.0,,,,,,,,,,,,,,,,,,
33015,-5.0,,,,,,,,,,,,,,,,,,
33021,-4.0,,,,,,,,,,,,,,,,,,
33025,-4.0,,,,,,,,,,,,,,,,,,
33027,-5.0,,,,,,,,,,,,,,,,,,
33028,-4.0,,,,,,,,,,,,,,,,,,
33029,-5.0,,,,,,,,,,,,,,,,,,
33034,-4.0,,,,,,,,,,,,,,,,,,
33037,-4.0,,,,,,,,,,,,,,,,,,
33045,-5.0,,,,,,,,,,,,,,,,,,
33049,-4.0,,,,,,,,,,,,,,,,,,
33051,-4.0,,,,,,,,,,,,,,,,,,
33053,-4.0,,,,,,,,,,,,,,,,,,
33054,-5.0,,,,,,,,,,,,,,,,,,
33055,-5.0,,,,,,,,,,,,,,,,,,
33062,-4.0,,,,,,,,,,,,,,,,,,
33064,-5.0,,,,,,,,,,,,,,,,,,
33066,-4.0,,,,,,,,,,,,,,,,,,
33068,-4.0,,,,,,,,,,,,,,,,,,
33075,-4.0,,,,,,,,,,,,,,,,,,
33087,-4.0,,,,,,,,,,,,,,,,,,
33091,-4.0,,,,,,,,,,,,,,,,,,
33092,-5.0,,,,,,,,,,,,,,,,,,
33105,-4.0,,,,,,,,,,,,,,,,,,
33125,-4.0,,,,,,,,,,,,,,,,,,
33126,-4.0,,,,,,,,,,,,,,,,,,
33133,-4.0,,,,,,,,,,,,,,,,,,
33135,-4.0,,,,,,,,,,,,,,,,,,
33136,-4.0,,,,,,,,,,,,,,,,,,
33148,-5.0,,,,,,,,,,,,,,,,,,
33152,-4.0,,,,,,,,,,,,,,,,,,
33154,-4.0,,,,,,,,,,,,,,,,,,
33156,-4.0,,,,,,,,,,,,,,,,,,
33157,-4.0,,,,,,,,,,,,,,,,,,
33160,-4.0,,,,,,,,,,,,,,,,,,
33162,-4.0,,,,,,,,,,,,,,,,,,
33165,-5.0,,,,,,,,,,,,,,,,,,
33170,-5.0,,,,,,,,,,,,,,,,,,
33175,-4.0,,,,,,,,,,,,,,,,,,
33176,-4.0,,,,,,,,,,,,,,,,,,
33182,-4.0,,,,,,,,,,,,,,,,,,
33186,-4.0,,,,,,,,,,,,,,,,,,
33187,-5.0,,,,,,,,,,,,,,,,,,
33189,-4.0,,,,,,,,,,,,,,,,,,
33199,-4.0,,,,,,,,,,,,,,,,,,
33204,-9.0,,,,,,,,,,,,,,,,,,
33210,-5.0,,,,,,,,,,,,,,,,,,
33211,-4.0,,,,,,,,,,,,,,,,,,
33220,-7.0,,,,,,,,,,,,,,,,,,
33221,-4.0,,,,,,,,,,,,,,,,,,
33227,-4.0,,,,,,,,,,,,,,,,,,
33233,-5.0,,,,,,,,,,,,,,,,,,
33235,-5.0,,,,,,,,,,,,,,,,,,
33239,-5.0,,,,,,,,,,,,,,,,,,
33254,-4.0,,,,,,,,,,,,,,,,,,
33261,-5.0,,,,,,,,,,,,,,,,,,
33265,-4.0,,,,,,,,,,,,,,,,,,
33267,-4.0,,,,,,,,,,,,,,,,,,
33268,-4.0,,,,,,,,,,,,,,,,,,
33271,-5.0,,,,,,,,,,,,,,,,,,
33272,-4.0,,,,,,,,,,,,,,,,,,
33279,-4.0,,,,,,,,,,,,,,,,,,
33286,-5.0,,,,,,,,,,,,,,,,,,
33287,-4.0,,,,,,,,,,,,,,,,,,
33288,-5.0,,,,,,,,,,,,,,,,,,
33290,-7.0,,,,,,,,,,,,,,,,,,
33307,-4.0,,,,,,,,,,,,,,,,,,
33309,-5.0,,,,,,,,,,,,,,,,,,
33317,-4.0,,,,,,,,,,,,,,,,,,
33321,-5.0,,,,,,,,,,,,,,,,,,
33335,-4.0,,,,,,,,,,,,,,,,,,
33336,-4.0,,,,,,,,,,,,,,,,,,
33337,-4.0,,,,,,,,,,,,,,,,,,
33338,-4.0,,,,,,,,,,,,,,,,,,
33345,-5.0,,,,,,,,,,,,,,,,,,
33349,-4.0,,,,,,,,,,,,,,,,,,
33350,-5.0,,,,,,,,,,,,,,,,,,
33351,-4.0,,,,,,,,,,,,,,,,,,
33353,-4.0,,,,,,,,,,,,,,,,,,
33358,-4.0,,,,,,,,,,,,,,,,,,
33359,-5.0,,,,,,,,,,,,,,,,,,
33366,-5.0,,,,,,,,,,,,,,,,,,
33367,-4.0,,,,,,,,,,,,,,,,,,
33369,-4.0,,,,,,,,,,,,,,,,,,
33378,-5.0,,,,,,,,,,,,,,,,,,
33379,-4.0,,,,,,,,,,,,,,,,,,
33384,-5.0,,,,,,,,,,,,,,,,,,
33385,-6.0,,,,,,,,,,,,,,,,,,
33394,-5.0,,,,,,,,,,,,,,,,,,
33395,-4.0,,,,,,,,,,,,,,,,,,
33396,-4.0,,,,,,,,,,,,,,,,,,
33400,-4.0,,,,,,,,,,,,,,,,,,
33401,-5.0,,,,,,,,,,,,,,,,,,
33407,-5.0,,,,,,,,,,,,,,,,,,
33415,-5.0,,,,,,,,,,,,,,,,,,
33417,-4.0,,,,,,,,,,,,,,,,,,
33426,-4.0,,,,,,,,,,,,,,,,,,
33433,-5.0,,,,,,,,,,,,,,,,,,
33436,-6.0,,,,,,,,,,,,,,,,,,
33438,-4.0,,,,,,,,,,,,,,,,,,
33440,-4.0,,,,,,,,,,,,,,,,,,
33442,-5.0,,,,,,,,,,,,,,,,,,
33445,-4.0,,,,,,,,,,,,,,,,,,
33454,-4.0,,,,,,,,,,,,,,,,,,
33465,-4.0,,,,,,,,,,,,,,,,,,
33468,-5.0,,,,,,,,,,,,,,,,,,
33474,-4.0,,,,,,,,,,,,,,,,,,
33481,-4.0,,,,,,,,,,,,,,,,,,
33483,-4.0,,,,,,,,,,,,,,,,,,
33490,-4.0,,,,,,,,,,,,,,,,,,
33492,-4.0,,,,,,,,,,,,,,,,,,
33503,-4.0,,,,,,,,,,,,,,,,,,
33506,-4.0,,,,,,,,,,,,,,,,,,
33509,-5.0,,,,,,,,,,,,,,,,,,
33515,-4.0,,,,,,,,,,,,,,,,,,
33521,-4.0,,,,,,,,,,,,,,,,,,
33536,-4.0,,,,,,,,,,,,,,,,,,
33541,-12.0,,,,,,,,,,,,,,,,,,
33547,-5.0,,,,,,,,,,,,,,,,,,
33549,-5.0,,,,,,,,,,,,,,,,,,
33552,-4.0,,,,,,,,,,,,,,,,,,
33554,-5.0,,,,,,,,,,,,,,,,,,
33557,-4.0,,,,,,,,,,,,,,,,,,
33565,-4.0,,,,,,,,,,,,,,,,,,
33571,-5.0,,,,,,,,,,,,,,,,,,
33573,-5.0,,,,,,,,,,,,,,,,,,
33579,-4.0,,,,,,,,,,,,,,,,,,
33580,-4.0,,,,,,,,,,,,,,,,,,
33583,-5.0,,,,,,,,,,,,,,,,,,
33584,-4.0,,,,,,,,,,,,,,,,,,
33587,-5.0,,,,,,,,,,,,,,,,,,
33595,-4.0,,,,,,,,,,,,,,,,,,
33597,-4.0,,,,,,,,,,,,,,,,,,
33598,-4.0,,,,,,,,,,,,,,,,,,
33621,-4.0,,,,,,,,,,,,,,,,,,
33631,-4.0,,,,,,,,,,,,,,,,,,
33644,-4.0,,,,,,,,,,,,,,,,,,
33646,-4.0,,,,,,,,,,,,,,,,,,
33647,-5.0,,,,,,,,,,,,,,,,,,
33653,-5.0,,,,,,,,,,,,,,,,,,
33654,-5.0,,,,,,,,,,,,,,,,,,
33658,-4.0,,,,,,,,,,,,,,,,,,
33664,-4.0,,,,,,,,,,,,,,,,,,
33671,-5.0,,,,,,,,,,,,,,,,,,
33673,-5.0,,,,,,,,,,,,,,,,,,
33674,-4.0,,,,,,,,,,,,,,,,,,
33677,-4.0,,,,,,,,,,,,,,,,,,
33679,-4.0,,,,,,,,,,,,,,,,,,
33683,-4.0,,,,,,,,,,,,,,,,,,
33685,-4.0,,,,,,,,,,,,,,,,,,
33687,-5.0,,,,,,,,,,,,,,,,,,
33689,-4.0,,,,,,,,,,,,,,,,,,
33691,-5.0,,,,,,,,,,,,,,,,,,
33700,-5.0,,,,,,,,,,,,,,,,,,
33703,-4.0,,,,,,,,,,,,,,,,,,
33707,-4.0,,,,,,,,,,,,,,,,,,
33712,-4.0,,,,,,,,,,,,,,,,,,
33713,-4.0,,,,,,,,,,,,,,,,,,
33722,-4.0,,,,,,,,,,,,,,,,,,
33726,-5.0,,,,,,,,,,,,,,,,,,
33728,-4.0,,,,,,,,,,,,,,,,,,
33731,-4.0,,,,,,,,,,,,,,,,,,
33733,-5.0,,,,,,,,,,,,,,,,,,
33737,-4.0,,,,,,,,,,,,,,,,,,
33739,-5.0,,,,,,,,,,,,,,,,,,
33744,-5.0,,,,,,,,,,,,,,,,,,
33745,-4.0,,,,,,,,,,,,,,,,,,
33753,-4.0,,,,,,,,,,,,,,,,,,
33756,-5.0,,,,,,,,,,,,,,,,,,
33757,-4.0,,,,,,,,,,,,,,,,,,
33758,-4.0,,,,,,,,,,,,,,,,,,
33769,-5.0,,,,,,,,,,,,,,,,,,
33778,-5.0,,,,,,,,,,,,,,,,,,
33782,-4.0,,,,,,,,,,,,,,,,,,
33787,-4.0,,,,,,,,,,,,,,,,,,
33790,-4.0,,,,,,,,,,,,,,,,,,
33793,-4.0,,,,,,,,,,,,,,,,,,
33796,-4.0,,,,,,,,,,,,,,,,,,
33797,-4.0,,,,,,,,,,,,,,,,,,
33799,-4.0,,,,,,,,,,,,,,,,,,
33800,-5.0,,,,,,,,,,,,,,,,,,
33804,-5.0,,,,,,,,,,,,,,,,,,
33806,-4.0,,,,,,,,,,,,,,,,,,
33808,-5.0,,,,,,,,,,,,,,,,,,
33809,-4.0,,,,,,,,,,,,,,,,,,
33812,-4.0,,,,,,,,,,,,,,,,,,
33816,-4.0,,,,,,,,,,,,,,,,,,
33819,-4.0,,,,,,,,,,,,,,,,,,
33826,-5.0,,,,,,,,,,,,,,,,,,
33828,-5.0,,,,,,,,,,,,,,,,,,
33834,-4.0,,,,,,,,,,,,,,,,,,
33846,-5.0,,,,,,,,,,,,,,,,,,
33848,-5.0,,,,,,,,,,,,,,,,,,
33851,-4.0,,,,,,,,,,,,,,,,,,
33855,-4.0,,,,,,,,,,,,,,,,,,
33863,-4.0,,,,,,,,,,,,,,,,,,
33864,-5.0,,,,,,,,,,,,,,,,,,
33866,-4.0,,,,,,,,,,,,,,,,,,
33870,-5.0,,,,,,,,,,,,,,,,,,
33875,-4.0,,,,,,,,,,,,,,,,,,
33883,-5.0,,,,,,,,,,,,,,,,,,
33885,-4.0,,,,,,,,,,,,,,,,,,
33888,-5.0,,,,,,,,,,,,,,,,,,
33897,-6.0,,,,,,,,,,,,,,,,,,
33899,-5.0,,,,,,,,,,,,,,,,,,
33901,-4.0,,,,,,,,,,,,,,,,,,
33903,-5.0,,,,,,,,,,,,,,,,,,
33906,-5.0,,,,,,,,,,,,,,,,,,
33907,-5.0,,,,,,,,,,,,,,,,,,
33909,-4.0,,,,,,,,,,,,,,,,,,
33910,-4.0,,,,,,,,,,,,,,,,,,
33919,-4.0,,,,,,,,,,,,,,,,,,
33924,-4.0,,,,,,,,,,,,,,,,,,
33928,-4.0,,,,,,,,,,,,,,,,,,
33937,-4.0,,,,,,,,,,,,,,,,,,
33941,-5.0,,,,,,,,,,,,,,,,,,
33945,-5.0,,,,,,,,,,,,,,,,,,
33954,-4.0,,,,,,,,,,,,,,,,,,
33955,-4.0,,,,,,,,,,,,,,,,,,
33956,-5.0,,,,,,,,,,,,,,,,,,
33961,-4.0,,,,,,,,,,,,,,,,,,
33963,-5.0,,,,,,,,,,,,,,,,,,
33967,-4.0,,,,,,,,,,,,,,,,,,
33974,-4.0,,,,,,,,,,,,,,,,,,
33976,-4.0,,,,,,,,,,,,,,,,,,
33981,-4.0,,,,,,,,,,,,,,,,,,
33984,-4.0,,,,,,,,,,,,,,,,,,
33997,-5.0,,,,,,,,,,,,,,,,,,
34001,-4.0,,,,,,,,,,,,,,,,,,
34006,-5.0,,,,,,,,,,,,,,,,,,
34007,-4.0,,,,,,,,,,,,,,,,,,
34009,-4.0,,,,,,,,,,,,,,,,,,
34011,-4.0,,,,,,,,,,,,,,,,,,
34013,-5.0,,,,,,,,,,,,,,,,,,
34020,-5.0,,,,,,,,,,,,,,,,,,
34021,-4.0,,,,,,,,,,,,,,,,,,
34023,-6.0,,,,,,,,,,,,,,,,,,
34025,-4.0,,,,,,,,,,,,,,,,,,
34028,-4.0,,,,,,,,,,,,,,,,,,
34030,-4.0,,,,,,,,,,,,,,,,,,
34047,-4.0,,,,,,,,,,,,,,,,,,
34051,-6.0,,,,,,,,,,,,,,,,,,
34053,-4.0,,,,,,,,,,,,,,,,,,
34076,-5.0,,,,,,,,,,,,,,,,,,
34077,-4.0,,,,,,,,,,,,,,,,,,
34088,-7.0,,,,,,,,,,,,,,,,,,
34092,-5.0,,,,,,,,,,,,,,,,,,
34097,-4.0,,,,,,,,,,,,,,,,,,
34098,-4.0,,,,,,,,,,,,,,,,,,
34100,-5.0,,,,,,,,,,,,,,,,,,
34105,-5.0,,,,,,,,,,,,,,,,,,
34121,-4.0,,,,,,,,,,,,,,,,,,
34128,-4.0,,,,,,,,,,,,,,,,,,
34130,-4.0,,,,,,,,,,,,,,,,,,
34132,-4.0,,,,,,,,,,,,,,,,,,
34135,-4.0,,,,,,,,,,,,,,,,,,
34139,-4.0,,,,,,,,,,,,,,,,,,
34140,-4.0,,,,,,,,,,,,,,,,,,
34146,-4.0,,,,,,,,,,,,,,,,,,
34149,-4.0,,,,,,,,,,,,,,,,,,
34165,-4.0,,,,,,,,,,,,,,,,,,
34175,-4.0,,,,,,,,,,,,,,,,,,
34176,-4.0,,,,,,,,,,,,,,,,,,
34180,-5.0,,,,,,,,,,,,,,,,,,
34186,-5.0,,,,,,,,,,,,,,,,,,
34187,-4.0,,,,,,,,,,,,,,,,,,
34189,-5.0,,,,,,,,,,,,,,,,,,
34191,-4.0,,,,,,,,,,,,,,,,,,
34195,-4.0,,,,,,,,,,,,,,,,,,
34197,-4.0,,,,,,,,,,,,,,,,,,
34203,-4.0,,,,,,,,,,,,,,,,,,
34208,-4.0,,,,,,,,,,,,,,,,,,
34211,-5.0,,,,,,,,,,,,,,,,,,
34215,-4.0,,,,,,,,,,,,,,,,,,
34216,-4.0,,,,,,,,,,,,,,,,,,
34219,-4.0,,,,,,,,,,,,,,,,,,
34220,-4.0,,,,,,,,,,,,,,,,,,
34228,-4.0,,,,,,,,,,,,,,,,,,
34233,-5.0,,,,,,,,,,,,,,,,,,
34234,-4.0,,,,,,,,,,,,,,,,,,
34241,-5.0,,,,,,,,,,,,,,,,,,
34242,-4.0,,,,,,,,,,,,,,,,,,
34246,-5.0,,,,,,,,,,,,,,,,,,
34271,-5.0,,,,,,,,,,,,,,,,,,
34279,-4.0,,,,,,,,,,,,,,,,,,
34280,-5.0,,,,,,,,,,,,,,,,,,
34286,-4.0,,,,,,,,,,,,,,,,,,
34296,-4.0,,,,,,,,,,,,,,,,,,
34298,-4.0,,,,,,,,,,,,,,,,,,
34305,-4.0,,,,,,,,,,,,,,,,,,
34309,-4.0,,,,,,,,,,,,,,,,,,
34317,-4.0,,,,,,,,,,,,,,,,,,
34320,-5.0,,,,,,,,,,,,,,,,,,
34345,-4.0,,,,,,,,,,,,,,,,,,
34347,-4.0,,,,,,,,,,,,,,,,,,
34349,-5.0,,,,,,,,,,,,,,,,,,
34352,-4.0,,,,,,,,,,,,,,,,,,
34356,-5.0,,,,,,,,,,,,,,,,,,
34361,-5.0,,,,,,,,,,,,,,,,,,
34366,-5.0,,,,,,,,,,,,,,,,,,
34367,-4.0,,,,,,,,,,,,,,,,,,
34370,-4.0,,,,,,,,,,,,,,,,,,
34373,-4.0,,,,,,,,,,,,,,,,,,
34374,-5.0,,,,,,,,,,,,,,,,,,
34376,-4.0,,,,,,,,,,,,,,,,,,
34381,-4.0,,,,,,,,,,,,,,,,,,
34386,-4.0,,,,,,,,,,,,,,,,,,
34403,-4.0,,,,,,,,,,,,,,,,,,
34404,-4.0,,,,,,,,,,,,,,,,,,
34418,-5.0,,,,,,,,,,,,,,,,,,
34429,-5.0,,,,,,,,,,,,,,,,,,
34431,-4.0,,,,,,,,,,,,,,,,,,
34438,-5.0,,,,,,,,,,,,,,,,,,
34440,-4.0,,,,,,,,,,,,,,,,,,
34441,-4.0,,,,,,,,,,,,,,,,,,
34442,-4.0,,,,,,,,,,,,,,,,,,
34443,-4.0,,,,,,,,,,,,,,,,,,
34444,-4.0,,,,,,,,,,,,,,,,,,
34449,-4.0,,,,,,,,,,,,,,,,,,
34453,-4.0,,,,,,,,,,,,,,,,,,
34459,-5.0,,,,,,,,,,,,,,,,,,
34465,-4.0,,,,,,,,,,,,,,,,,,
34469,-5.0,,,,,,,,,,,,,,,,,,
34475,-4.0,,,,,,,,,,,,,,,,,,
34477,-4.0,,,,,,,,,,,,,,,,,,
34478,-5.0,,,,,,,,,,,,,,,,,,
34481,-4.0,,,,,,,,,,,,,,,,,,
34500,-4.0,,,,,,,,,,,,,,,,,,
34503,-4.0,,,,,,,,,,,,,,,,,,
34504,-4.0,,,,,,,,,,,,,,,,,,
34505,-4.0,,,,,,,,,,,,,,,,,,
34509,-4.0,,,,,,,,,,,,,,,,,,
34510,-4.0,,,,,,,,,,,,,,,,,,
34512,-4.0,,,,,,,,,,,,,,,,,,
34513,-4.0,,,,,,,,,,,,,,,,,,
34514,-4.0,,,,,,,,,,,,,,,,,,
34518,-4.0,,,,,,,,,,,,,,,,,,
34530,-4.0,,,,,,,,,,,,,,,,,,
34532,-6.0,,,,,,,,,,,,,,,,,,
34535,-4.0,,,,,,,,,,,,,,,,,,
34538,-5.0,,,,,,,,,,,,,,,,,,
34550,-4.0,,,,,,,,,,,,,,,,,,
34556,-4.0,,,,,,,,,,,,,,,,,,
34560,-4.0,,,,,,,,,,,,,,,,,,
34562,-4.0,,,,,,,,,,,,,,,,,,
34563,-5.0,,,,,,,,,,,,,,,,,,
34572,-5.0,,,,,,,,,,,,,,,,,,
34582,-4.0,,,,,,,,,,,,,,,,,,
34583,-5.0,,,,,,,,,,,,,,,,,,
34586,-4.0,,,,,,,,,,,,,,,,,,
34589,-4.0,,,,,,,,,,,,,,,,,,
34597,-4.0,,,,,,,,,,,,,,,,,,
34602,-4.0,,,,,,,,,,,,,,,,,,
34613,-4.0,,,,,,,,,,,,,,,,,,
34614,-4.0,,,,,,,,,,,,,,,,,,
34619,-5.0,,,,,,,,,,,,,,,,,,
34620,-4.0,,,,,,,,,,,,,,,,,,
34626,-4.0,,,,,,,,,,,,,,,,,,
34632,-5.0,,,,,,,,,,,,,,,,,,
34633,-4.0,,,,,,,,,,,,,,,,,,
34637,-5.0,,,,,,,,,,,,,,,,,,
34640,-4.0,,,,,,,,,,,,,,,,,,
34641,-4.0,,,,,,,,,,,,,,,,,,
34643,-4.0,,,,,,,,,,,,,,,,,,
34648,-4.0,,,,,,,,,,,,,,,,,,
34650,-4.0,,,,,,,,,,,,,,,,,,
34651,-4.0,,,,,,,,,,,,,,,,,,
34663,-4.0,,,,,,,,,,,,,,,,,,
34665,-4.0,,,,,,,,,,,,,,,,,,
34666,-5.0,,,,,,,,,,,,,,,,,,
34668,-5.0,,,,,,,,,,,,,,,,,,
34669,-4.0,,,,,,,,,,,,,,,,,,
34671,-4.0,,,,,,,,,,,,,,,,,,
34673,-4.0,,,,,,,,,,,,,,,,,,
34679,-4.0,,,,,,,,,,,,,,,,,,
34686,-4.0,,,,,,,,,,,,,,,,,,
34691,-4.0,,,,,,,,,,,,,,,,,,
34702,-5.0,,,,,,,,,,,,,,,,,,
34703,-5.0,,,,,,,,,,,,,,,,,,
34708,-4.0,,,,,,,,,,,,,,,,,,
34710,-4.0,,,,,,,,,,,,,,,,,,
34714,-7.0,,,,,,,,,,,,,,,,,,
34716,-5.0,,,,,,,,,,,,,,,,,,
34717,-4.0,,,,,,,,,,,,,,,,,,
34718,-4.0,,,,,,,,,,,,,,,,,,
34721,-4.0,,,,,,,,,,,,,,,,,,
34723,-4.0,,,,,,,,,,,,,,,,,,
34732,-5.0,,,,,,,,,,,,,,,,,,
34736,-5.0,,,,,,,,,,,,,,,,,,
34737,-4.0,,,,,,,,,,,,,,,,,,
34738,-5.0,,,,,,,,,,,,,,,,,,
34744,-4.0,,,,,,,,,,,,,,,,,,
34746,-4.0,,,,,,,,,,,,,,,,,,
34766,-5.0,,,,,,,,,,,,,,,,,,
34770,-4.0,,,,,,,,,,,,,,,,,,
34776,-5.0,,,,,,,,,,,,,,,,,,
34777,-4.0,,,,,,,,,,,,,,,,,,
34778,-4.0,,,,,,,,,,,,,,,,,,
34789,-4.0,,,,,,,,,,,,,,,,,,
34790,-4.0,,,,,,,,,,,,,,,,,,
34793,-4.0,,,,,,,,,,,,,,,,,,
34795,-4.0,,,,,,,,,,,,,,,,,,
34799,-4.0,,,,,,,,,,,,,,,,,,
34811,-5.0,,,,,,,,,,,,,,,,,,
34820,-4.0,,,,,,,,,,,,,,,,,,
34822,-5.0,,,,,,,,,,,,,,,,,,
34823,-4.0,,,,,,,,,,,,,,,,,,
34826,-4.0,,,,,,,,,,,,,,,,,,
34836,-4.0,,,,,,,,,,,,,,,,,,
34838,-4.0,,,,,,,,,,,,,,,,,,
34842,-5.0,,,,,,,,,,,,,,,,,,
34843,-5.0,,,,,,,,,,,,,,,,,,
34847,-5.0,,,,,,,,,,,,,,,,,,
34848,-5.0,,,,,,,,,,,,,,,,,,
34855,-4.0,,,,,,,,,,,,,,,,,,
34858,-5.0,,,,,,,,,,,,,,,,,,
34861,-4.0,,,,,,,,,,,,,,,,,,
34862,-4.0,,,,,,,,,,,,,,,,,,
34867,-4.0,,,,,,,,,,,,,,,,,,
34879,-6.0,,,,,,,,,,,,,,,,,,
34882,-4.0,,,,,,,,,,,,,,,,,,
34885,-4.0,,,,,,,,,,,,,,,,,,
34900,-4.0,,,,,,,,,,,,,,,,,,
34904,-4.0,,,,,,,,,,,,,,,,,,
34907,-5.0,,,,,,,,,,,,,,,,,,
34912,-4.0,,,,,,,,,,,,,,,,,,
34913,-4.0,,,,,,,,,,,,,,,,,,
34914,-4.0,,,,,,,,,,,,,,,,,,
34917,-4.0,,,,,,,,,,,,,,,,,,
34920,-4.0,,,,,,,,,,,,,,,,,,
34923,-4.0,,,,,,,,,,,,,,,,,,
34924,-5.0,,,,,,,,,,,,,,,,,,
34931,-5.0,,,,,,,,,,,,,,,,,,
34935,-5.0,,,,,,,,,,,,,,,,,,
34938,-4.0,,,,,,,,,,,,,,,,,,
34955,-5.0,,,,,,,,,,,,,,,,,,
34959,-4.0,,,,,,,,,,,,,,,,,,
34965,-5.0,,,,,,,,,,,,,,,,,,
34966,-4.0,,,,,,,,,,,,,,,,,,
34967,-4.0,,,,,,,,,,,,,,,,,,
34968,-4.0,,,,,,,,,,,,,,,,,,
34979,-4.0,,,,,,,,,,,,,,,,,,
34984,-4.0,,,,,,,,,,,,,,,,,,
34985,-6.0,,,,,,,,,,,,,,,,,,
34988,-5.0,,,,,,,,,,,,,,,,,,
34990,-5.0,,,,,,,,,,,,,,,,,,
34991,-5.0,,,,,,,,,,,,,,,,,,
34993,-4.0,,,,,,,,,,,,,,,,,,
34996,-4.0,,,,,,,,,,,,,,,,,,
35001,-4.0,,,,,,,,,,,,,,,,,,
35011,-4.0,,,,,,,,,,,,,,,,,,
35015,-4.0,,,,,,,,,,,,,,,,,,
35017,-4.0,,,,,,,,,,,,,,,,,,
35018,-4.0,,,,,,,,,,,,,,,,,,
35019,-5.0,,,,,,,,,,,,,,,,,,
35022,-4.0,,,,,,,,,,,,,,,,,,
35036,-4.0,,,,,,,,,,,,,,,,,,
35043,-4.0,,,,,,,,,,,,,,,,,,
35045,-4.0,,,,,,,,,,,,,,,,,,
35046,-5.0,,,,,,,,,,,,,,,,,,
35052,-4.0,,,,,,,,,,,,,,,,,,
35058,-5.0,,,,,,,,,,,,,,,,,,
35064,-5.0,,,,,,,,,,,,,,,,,,
35066,-4.0,,,,,,,,,,,,,,,,,,
35070,-4.0,,,,,,,,,,,,,,,,,,
35074,-4.0,,,,,,,,,,,,,,,,,,
35077,-5.0,,,,,,,,,,,,,,,,,,
35080,-4.0,,,,,,,,,,,,,,,,,,
35087,-4.0,,,,,,,,,,,,,,,,,,
35088,-7.0,,,,,,,,,,,,,,,,,,
35092,-4.0,,,,,,,,,,,,,,,,,,
35098,-5.0,,,,,,,,,,,,,,,,,,
35108,-5.0,,,,,,,,,,,,,,,,,,
35114,-4.0,,,,,,,,,,,,,,,,,,
35119,-5.0,,,,,,,,,,,,,,,,,,
35122,-4.0,,,,,,,,,,,,,,,,,,
35125,-4.0,,,,,,,,,,,,,,,,,,
35128,-4.0,,,,,,,,,,,,,,,,,,
35133,-4.0,,,,,,,,,,,,,,,,,,
35139,-5.0,,,,,,,,,,,,,,,,,,
35141,-5.0,,,,,,,,,,,,,,,,,,
35144,-4.0,,,,,,,,,,,,,,,,,,
35147,-4.0,,,,,,,,,,,,,,,,,,
35150,-4.0,,,,,,,,,,,,,,,,,,
35154,-7.0,,,,,,,,,,,,,,,,,,
35158,-4.0,,,,,,,,,,,,,,,,,,
35160,-4.0,,,,,,,,,,,,,,,,,,
35183,-5.0,,,,,,,,,,,,,,,,,,
35187,-4.0,,,,,,,,,,,,,,,,,,
35190,-4.0,,,,,,,,,,,,,,,,,,
35192,-5.0,,,,,,,,,,,,,,,,,,
35195,-5.0,,,,,,,,,,,,,,,,,,
35202,-4.0,,,,,,,,,,,,,,,,,,
35203,-5.0,,,,,,,,,,,,,,,,,,
35206,-5.0,,,,,,,,,,,,,,,,,,
35210,-4.0,,,,,,,,,,,,,,,,,,
35212,-4.0,,,,,,,,,,,,,,,,,,
35217,-4.0,,,,,,,,,,,,,,,,,,
35228,-4.0,,,,,,,,,,,,,,,,,,
35229,-4.0,,,,,,,,,,,,,,,,,,
35230,-4.0,,,,,,,,,,,,,,,,,,
35231,-5.0,,,,,,,,,,,,,,,,,,
35232,-4.0,,,,,,,,,,,,,,,,,,
35233,-4.0,,,,,,,,,,,,,,,,,,
35239,-4.0,,,,,,,,,,,,,,,,,,
35246,-4.0,,,,,,,,,,,,,,,,,,
35250,-4.0,,,,,,,,,,,,,,,,,,
35253,-5.0,,,,,,,,,,,,,,,,,,
35255,-4.0,,,,,,,,,,,,,,,,,,
35258,-5.0,,,,,,,,,,,,,,,,,,
35261,-4.0,,,,,,,,,,,,,,,,,,
35267,-4.0,,,,,,,,,,,,,,,,,,
35269,-4.0,,,,,,,,,,,,,,,,,,
35272,-4.0,,,,,,,,,,,,,,,,,,
35273,-5.0,,,,,,,,,,,,,,,,,,
35278,-5.0,,,,,,,,,,,,,,,,,,
35280,-5.0,,,,,,,,,,,,,,,,,,
35282,-5.0,,,,,,,,,,,,,,,,,,
35293,-4.0,,,,,,,,,,,,,,,,,,
35294,-4.0,,,,,,,,,,,,,,,,,,
35295,-4.0,,,,,,,,,,,,,,,,,,
35298,-4.0,,,,,,,,,,,,,,,,,,
35299,-4.0,,,,,,,,,,,,,,,,,,
35300,-4.0,,,,,,,,,,,,,,,,,,
35303,-4.0,,,,,,,,,,,,,,,,,,
35307,-4.0,,,,,,,,,,,,,,,,,,
35309,-4.0,,,,,,,,,,,,,,,,,,
35310,-5.0,,,,,,,,,,,,,,,,,,
35311,-4.0,,,,,,,,,,,,,,,,,,
35322,-4.0,,,,,,,,,,,,,,,,,,
35326,-4.0,,,,,,,,,,,,,,,,,,
35336,-5.0,,,,,,,,,,,,,,,,,,
35338,-4.0,,,,,,,,,,,,,,,,,,
35347,-4.0,,,,,,,,,,,,,,,,,,
35348,-4.0,,,,,,,,,,,,,,,,,,
35352,-4.0,,,,,,,,,,,,,,,,,,
35354,-4.0,,,,,,,,,,,,,,,,,,
35356,-4.0,,,,,,,,,,,,,,,,,,
35358,-4.0,,,,,,,,,,,,,,,,,,
35361,-4.0,,,,,,,,,,,,,,,,,,
35364,-4.0,,,,,,,,,,,,,,,,,,
35369,-5.0,,,,,,,,,,,,,,,,,,
35377,-4.0,,,,,,,,,,,,,,,,,,
35386,-5.0,,,,,,,,,,,,,,,,,,
35394,-4.0,,,,,,,,,,,,,,,,,,
35398,-5.0,,,,,,,,,,,,,,,,,,
35400,-4.0,,,,,,,,,,,,,,,,,,
35401,-4.0,,,,,,,,,,,,,,,,,,
35402,-5.0,,,,,,,,,,,,,,,,,,
35403,-4.0,,,,,,,,,,,,,,,,,,
35406,-5.0,,,,,,,,,,,,,,,,,,
35409,-10.0,,,,,,,,,,,,,,,,,,
35412,-5.0,,,,,,,,,,,,,,,,,,
35413,-5.0,,,,,,,,,,,,,,,,,,
35417,-4.0,,,,,,,,,,,,,,,,,,
35425,-5.0,,,,,,,,,,,,,,,,,,
35447,-5.0,,,,,,,,,,,,,,,,,,
35448,-4.0,,,,,,,,,,,,,,,,,,
35449,-4.0,,,,,,,,,,,,,,,,,,
35452,-4.0,,,,,,,,,,,,,,,,,,
35458,-4.0,,,,,,,,,,,,,,,,,,
35460,-4.0,,,,,,,,,,,,,,,,,,
35463,-5.0,,,,,,,,,,,,,,,,,,
35470,-4.0,,,,,,,,,,,,,,,,,,
35474,-4.0,,,,,,,,,,,,,,,,,,
35476,-5.0,,,,,,,,,,,,,,,,,,
35478,-4.0,,,,,,,,,,,,,,,,,,
35479,-5.0,,,,,,,,,,,,,,,,,,
35481,-4.0,,,,,,,,,,,,,,,,,,
35487,-4.0,,,,,,,,,,,,,,,,,,
35490,-4.0,,,,,,,,,,,,,,,,,,
35492,-4.0,,,,,,,,,,,,,,,,,,
35505,-4.0,,,,,,,,,,,,,,,,,,
35515,-4.0,,,,,,,,,,,,,,,,,,
35516,-5.0,,,,,,,,,,,,,,,,,,
35526,-4.0,,,,,,,,,,,,,,,,,,
35527,-4.0,,,,,,,,,,,,,,,,,,
35528,-4.0,,,,,,,,,,,,,,,,,,
35530,-5.0,,,,,,,,,,,,,,,,,,
35543,-4.0,,,,,,,,,,,,,,,,,,
35544,-5.0,,,,,,,,,,,,,,,,,,
35546,-4.0,,,,,,,,,,,,,,,,,,
35548,-4.0,,,,,,,,,,,,,,,,,,
35556,-4.0,,,,,,,,,,,,,,,,,,
35562,-5.0,,,,,,,,,,,,,,,,,,
35564,-5.0,,,,,,,,,,,,,,,,,,
35565,-4.0,,,,,,,,,,,,,,,,,,
35566,-5.0,,,,,,,,,,,,,,,,,,
35567,-4.0,,,,,,,,,,,,,,,,,,
35574,-4.0,,,,,,,,,,,,,,,,,,
35584,-4.0,,,,,,,,,,,,,,,,,,
35586,-5.0,,,,,,,,,,,,,,,,,,
35589,-5.0,,,,,,,,,,,,,,,,,,
35592,-5.0,,,,,,,,,,,,,,,,,,
35606,-4.0,,,,,,,,,,,,,,,,,,
35609,-4.0,,,,,,,,,,,,,,,,,,
35610,-5.0,,,,,,,,,,,,,,,,,,
35611,-4.0,,,,,,,,,,,,,,,,,,
35617,-4.0,,,,,,,,,,,,,,,,,,
35619,-4.0,,,,,,,,,,,,,,,,,,
35624,-4.0,,,,,,,,,,,,,,,,,,
35626,-4.0,,,,,,,,,,,,,,,,,,
35634,-4.0,,,,,,,,,,,,,,,,,,
35636,-4.0,,,,,,,,,,,,,,,,,,
35637,-4.0,,,,,,,,,,,,,,,,,,
35640,-4.0,,,,,,,,,,,,,,,,,,
35642,-4.0,,,,,,,,,,,,,,,,,,
35649,-4.0,,,,,,,,,,,,,,,,,,
35662,-4.0,,,,,,,,,,,,,,,,,,
35667,-4.0,,,,,,,,,,,,,,,,,,
35669,-4.0,,,,,,,,,,,,,,,,,,
35671,-4.0,,,,,,,,,,,,,,,,,,
35672,-4.0,,,,,,,,,,,,,,,,,,
35675,-4.0,,,,,,,,,,,,,,,,,,
35690,-5.0,,,,,,,,,,,,,,,,,,
35692,-4.0,,,,,,,,,,,,,,,,,,
35693,-5.0,,,,,,,,,,,,,,,,,,
35694,-4.0,,,,,,,,,,,,,,,,,,
35696,-4.0,,,,,,,,,,,,,,,,,,
35698,-4.0,,,,,,,,,,,,,,,,,,
35709,-5.0,,,,,,,,,,,,,,,,,,
35713,-5.0,,,,,,,,,,,,,,,,,,
35714,-4.0,,,,,,,,,,,,,,,,,,
35716,-4.0,,,,,,,,,,,,,,,,,,
35724,-5.0,,,,,,,,,,,,,,,,,,
35725,-4.0,,,,,,,,,,,,,,,,,,
35731,-5.0,,,,,,,,,,,,,,,,,,
35735,-5.0,,,,,,,,,,,,,,,,,,
35740,-4.0,,,,,,,,,,,,,,,,,,
35745,-4.0,,,,,,,,,,,,,,,,,,
35749,-5.0,,,,,,,,,,,,,,,,,,
35753,-4.0,,,,,,,,,,,,,,,,,,
35761,-4.0,,,,,,,,,,,,,,,,,,
35762,-4.0,,,,,,,,,,,,,,,,,,
35763,-4.0,,,,,,,,,,,,,,,,,,
35765,-4.0,,,,,,,,,,,,,,,,,,
35771,-4.0,,,,,,,,,,,,,,,,,,
35772,-5.0,,,,,,,,,,,,,,,,,,
35774,-5.0,,,,,,,,,,,,,,,,,,
35780,-4.0,,,,,,,,,,,,,,,,,,
35784,-4.0,,,,,,,,,,,,,,,,,,
35789,-5.0,,,,,,,,,,,,,,,,,,
35802,-5.0,,,,,,,,,,,,,,,,,,
35804,-4.0,,,,,,,,,,,,,,,,,,
35805,-5.0,,,,,,,,,,,,,,,,,,
35807,-4.0,,,,,,,,,,,,,,,,,,
35809,-5.0,,,,,,,,,,,,,,,,,,
35811,-4.0,,,,,,,,,,,,,,,,,,
35815,-5.0,,,,,,,,,,,,,,,,,,
35820,-4.0,,,,,,,,,,,,,,,,,,
35827,-5.0,,,,,,,,,,,,,,,,,,
35829,-4.0,,,,,,,,,,,,,,,,,,
35840,-5.0,,,,,,,,,,,,,,,,,,
35849,-5.0,,,,,,,,,,,,,,,,,,
35852,-4.0,,,,,,,,,,,,,,,,,,
35853,-4.0,,,,,,,,,,,,,,,,,,
35854,-4.0,,,,,,,,,,,,,,,,,,
35856,-4.0,,,,,,,,,,,,,,,,,,
35863,-4.0,,,,,,,,,,,,,,,,,,
35868,-4.0,,,,,,,,,,,,,,,,,,
35869,-7.0,,,,,,,,,,,,,,,,,,
35877,-5.0,,,,,,,,,,,,,,,,,,
35879,-4.0,,,,,,,,,,,,,,,,,,
35881,-4.0,,,,,,,,,,,,,,,,,,
35882,-4.0,,,,,,,,,,,,,,,,,,
35883,-5.0,,,,,,,,,,,,,,,,,,
35884,-4.0,,,,,,,,,,,,,,,,,,
35885,-4.0,,,,,,,,,,,,,,,,,,
35892,-4.0,,,,,,,,,,,,,,,,,,
35893,-4.0,,,,,,,,,,,,,,,,,,
35894,-4.0,,,,,,,,,,,,,,,,,,
35920,-4.0,,,,,,,,,,,,,,,,,,
35921,-6.0,,,,,,,,,,,,,,,,,,
35923,-5.0,,,,,,,,,,,,,,,,,,
35927,-4.0,,,,,,,,,,,,,,,,,,
35931,-4.0,,,,,,,,,,,,,,,,,,
35934,-4.0,,,,,,,,,,,,,,,,,,
35936,-5.0,,,,,,,,,,,,,,,,,,
35939,-7.0,,,,,,,,,,,,,,,,,,
35947,-5.0,,,,,,,,,,,,,,,,,,
35950,-5.0,,,,,,,,,,,,,,,,,,
35954,-5.0,,,,,,,,,,,,,,,,,,
35956,-4.0,,,,,,,,,,,,,,,,,,
35967,-4.0,,,,,,,,,,,,,,,,,,
35969,-4.0,,,,,,,,,,,,,,,,,,
35971,-5.0,,,,,,,,,,,,,,,,,,
35978,-4.0,,,,,,,,,,,,,,,,,,
35979,-5.0,,,,,,,,,,,,,,,,,,
35985,-4.0,,,,,,,,,,,,,,,,,,
35993,-4.0,,,,,,,,,,,,,,,,,,
36000,-5.0,,,,,,,,,,,,,,,,,,
36001,-5.0,,,,,,,,,,,,,,,,,,
36003,-5.0,,,,,,,,,,,,,,,,,,
36010,-4.0,,,,,,,,,,,,,,,,,,
36011,-4.0,,,,,,,,,,,,,,,,,,
36015,-5.0,,,,,,,,,,,,,,,,,,
36016,-4.0,,,,,,,,,,,,,,,,,,
36017,-4.0,,,,,,,,,,,,,,,,,,
36018,-4.0,,,,,,,,,,,,,,,,,,
36020,-4.0,,,,,,,,,,,,,,,,,,
36023,-4.0,,,,,,,,,,,,,,,,,,
36026,-4.0,,,,,,,,,,,,,,,,,,
36029,-4.0,,,,,,,,,,,,,,,,,,
36035,-4.0,,,,,,,,,,,,,,,,,,
36041,-5.0,,,,,,,,,,,,,,,,,,
36045,-5.0,,,,,,,,,,,,,,,,,,
36047,-5.0,,,,,,,,,,,,,,,,,,
36048,-4.0,,,,,,,,,,,,,,,,,,
36058,-4.0,,,,,,,,,,,,,,,,,,
36072,-4.0,,,,,,,,,,,,,,,,,,
36073,-4.0,,,,,,,,,,,,,,,,,,
36074,-4.0,,,,,,,,,,,,,,,,,,
36079,-5.0,,,,,,,,,,,,,,,,,,
36081,-5.0,,,,,,,,,,,,,,,,,,
36083,-4.0,,,,,,,,,,,,,,,,,,
36086,-4.0,,,,,,,,,,,,,,,,,,
36087,-5.0,,,,,,,,,,,,,,,,,,
36090,-4.0,,,,,,,,,,,,,,,,,,
36092,-4.0,,,,,,,,,,,,,,,,,,
36093,-4.0,,,,,,,,,,,,,,,,,,
36094,-4.0,,,,,,,,,,,,,,,,,,
36100,-4.0,,,,,,,,,,,,,,,,,,
36104,-4.0,,,,,,,,,,,,,,,,,,
36123,-5.0,,,,,,,,,,,,,,,,,,
36124,-5.0,,,,,,,,,,,,,,,,,,
36132,-4.0,,,,,,,,,,,,,,,,,,
36143,-4.0,,,,,,,,,,,,,,,,,,
36147,-4.0,,,,,,,,,,,,,,,,,,
36154,-5.0,,,,,,,,,,,,,,,,,,
36157,-4.0,,,,,,,,,,,,,,,,,,
36161,-4.0,,,,,,,,,,,,,,,,,,
36170,-4.0,,,,,,,,,,,,,,,,,,
36173,-5.0,,,,,,,,,,,,,,,,,,
36174,-4.0,,,,,,,,,,,,,,,,,,
36181,-4.0,,,,,,,,,,,,,,,,,,
36182,-4.0,,,,,,,,,,,,,,,,,,
36190,-4.0,,,,,,,,,,,,,,,,,,
36195,-4.0,,,,,,,,,,,,,,,,,,
36197,-5.0,,,,,,,,,,,,,,,,,,
36203,-4.0,,,,,,,,,,,,,,,,,,
36205,-4.0,,,,,,,,,,,,,,,,,,
36209,-4.0,,,,,,,,,,,,,,,,,,
36223,-4.0,,,,,,,,,,,,,,,,,,
36225,-4.0,,,,,,,,,,,,,,,,,,
36232,-4.0,,,,,,,,,,,,,,,,,,
36235,-4.0,,,,,,,,,,,,,,,,,,
36237,-4.0,,,,,,,,,,,,,,,,,,
36240,-4.0,,,,,,,,,,,,,,,,,,
36245,-4.0,,,,,,,,,,,,,,,,,,
36266,-4.0,,,,,,,,,,,,,,,,,,
36267,-5.0,,,,,,,,,,,,,,,,,,
36270,-5.0,,,,,,,,,,,,,,,,,,
36278,-4.0,,,,,,,,,,,,,,,,,,
36280,-4.0,,,,,,,,,,,,,,,,,,
36296,-5.0,,,,,,,,,,,,,,,,,,
36297,-4.0,,,,,,,,,,,,,,,,,,
36298,-4.0,,,,,,,,,,,,,,,,,,
36309,-5.0,,,,,,,,,,,,,,,,,,
36311,-4.0,,,,,,,,,,,,,,,,,,
36314,-4.0,,,,,,,,,,,,,,,,,,
36317,-4.0,,,,,,,,,,,,,,,,,,
36325,-4.0,,,,,,,,,,,,,,,,,,
36326,-4.0,,,,,,,,,,,,,,,,,,
36333,-4.0,,,,,,,,,,,,,,,,,,
36337,-4.0,,,,,,,,,,,,,,,,,,
36339,-4.0,,,,,,,,,,,,,,,,,,
36340,-4.0,,,,,,,,,,,,,,,,,,
36341,-5.0,,,,,,,,,,,,,,,,,,
36347,-4.0,,,,,,,,,,,,,,,,,,
36352,-4.0,,,,,,,,,,,,,,,,,,
36358,-4.0,,,,,,,,,,,,,,,,,,
36366,-4.0,,,,,,,,,,,,,,,,,,
36370,-4.0,,,,,,,,,,,,,,,,,,
36388,-4.0,,,,,,,,,,,,,,,,,,
36389,-4.0,,,,,,,,,,,,,,,,,,
36390,-4.0,,,,,,,,,,,,,,,,,,
36397,-4.0,,,,,,,,,,,,,,,,,,
36402,-4.0,,,,,,,,,,,,,,,,,,
36403,-4.0,,,,,,,,,,,,,,,,,,
36407,-4.0,,,,,,,,,,,,,,,,,,
36413,-5.0,,,,,,,,,,,,,,,,,,
36417,-4.0,,,,,,,,,,,,,,,,,,
36419,-4.0,,,,,,,,,,,,,,,,,,
36427,-4.0,,,,,,,,,,,,,,,,,,
36443,-5.0,,,,,,,,,,,,,,,,,,
36445,-4.0,,,,,,,,,,,,,,,,,,
36450,-4.0,,,,,,,,,,,,,,,,,,
36451,-5.0,,,,,,,,,,,,,,,,,,
36452,-5.0,,,,,,,,,,,,,,,,,,
36464,-4.0,,,,,,,,,,,,,,,,,,
36466,-4.0,,,,,,,,,,,,,,,,,,
36477,-4.0,,,,,,,,,,,,,,,,,,
36478,-5.0,,,,,,,,,,,,,,,,,,
36490,-4.0,,,,,,,,,,,,,,,,,,
36492,-5.0,,,,,,,,,,,,,,,,,,
36493,-4.0,,,,,,,,,,,,,,,,,,
36494,-5.0,,,,,,,,,,,,,,,,,,
36499,-5.0,,,,,,,,,,,,,,,,,,
36503,-5.0,,,,,,,,,,,,,,,,,,
36504,-4.0,,,,,,,,,,,,,,,,,,
36507,-5.0,,,,,,,,,,,,,,,,,,
36515,-4.0,,,,,,,,,,,,,,,,,,
36516,-4.0,,,,,,,,,,,,,,,,,,
36518,-5.0,,,,,,,,,,,,,,,,,,
36522,-5.0,,,,,,,,,,,,,,,,,,
36524,-4.0,,,,,,,,,,,,,,,,,,
36526,-4.0,,,,,,,,,,,,,,,,,,
36527,-5.0,,,,,,,,,,,,,,,,,,
36528,-4.0,,,,,,,,,,,,,,,,,,
36536,-4.0,,,,,,,,,,,,,,,,,,
36550,-4.0,,,,,,,,,,,,,,,,,,
36556,-4.0,,,,,,,,,,,,,,,,,,
36559,-4.0,,,,,,,,,,,,,,,,,,
36560,-6.0,,,,,,,,,,,,,,,,,,
36568,-5.0,,,,,,,,,,,,,,,,,,
36570,-4.0,,,,,,,,,,,,,,,,,,
36571,-4.0,,,,,,,,,,,,,,,,,,
36577,-5.0,,,,,,,,,,,,,,,,,,
36578,-4.0,,,,,,,,,,,,,,,,,,
36580,-5.0,,,,,,,,,,,,,,,,,,
36581,-4.0,,,,,,,,,,,,,,,,,,
36583,-5.0,,,,,,,,,,,,,,,,,,
36584,-5.0,,,,,,,,,,,,,,,,,,
36588,-4.0,,,,,,,,,,,,,,,,,,
36589,-4.0,,,,,,,,,,,,,,,,,,
36590,-5.0,,,,,,,,,,,,,,,,,,
36599,-4.0,,,,,,,,,,,,,,,,,,
36600,-4.0,,,,,,,,,,,,,,,,,,
36601,-4.0,,,,,,,,,,,,,,,,,,
36602,-4.0,,,,,,,,,,,,,,,,,,
36613,-4.0,,,,,,,,,,,,,,,,,,
36616,-4.0,,,,,,,,,,,,,,,,,,
36631,-4.0,,,,,,,,,,,,,,,,,,
36632,-4.0,,,,,,,,,,,,,,,,,,
36640,-4.0,,,,,,,,,,,,,,,,,,
36643,-4.0,,,,,,,,,,,,,,,,,,
36646,-4.0,,,,,,,,,,,,,,,,,,
36650,-5.0,,,,,,,,,,,,,,,,,,
36655,-4.0,,,,,,,,,,,,,,,,,,
36656,-5.0,,,,,,,,,,,,,,,,,,
36657,-5.0,,,,,,,,,,,,,,,,,,
36669,-4.0,,,,,,,,,,,,,,,,,,
36672,-4.0,,,,,,,,,,,,,,,,,,
36673,-5.0,,,,,,,,,,,,,,,,,,
36676,-5.0,,,,,,,,,,,,,,,,,,
36680,-4.0,,,,,,,,,,,,,,,,,,
36683,-5.0,,,,,,,,,,,,,,,,,,
36691,-5.0,,,,,,,,,,,,,,,,,,
36703,-4.0,,,,,,,,,,,,,,,,,,
36704,-5.0,,,,,,,,,,,,,,,,,,
36705,-5.0,,,,,,,,,,,,,,,,,,
36713,-5.0,,,,,,,,,,,,,,,,,,
36714,-4.0,,,,,,,,,,,,,,,,,,
36717,-4.0,,,,,,,,,,,,,,,,,,
36727,-4.0,,,,,,,,,,,,,,,,,,
36731,-4.0,,,,,,,,,,,,,,,,,,
36734,-5.0,,,,,,,,,,,,,,,,,,
36746,-4.0,,,,,,,,,,,,,,,,,,
36748,-4.0,,,,,,,,,,,,,,,,,,
36750,-4.0,,,,,,,,,,,,,,,,,,
36756,-4.0,,,,,,,,,,,,,,,,,,
36762,-4.0,,,,,,,,,,,,,,,,,,
36763,-6.0,,,,,,,,,,,,,,,,,,
36768,-4.0,,,,,,,,,,,,,,,,,,
36775,-4.0,,,,,,,,,,,,,,,,,,
36780,-4.0,,,,,,,,,,,,,,,,,,
36787,-4.0,,,,,,,,,,,,,,,,,,
36792,-5.0,,,,,,,,,,,,,,,,,,
36800,-4.0,,,,,,,,,,,,,,,,,,
36803,-4.0,,,,,,,,,,,,,,,,,,
36805,-5.0,,,,,,,,,,,,,,,,,,
36808,-4.0,,,,,,,,,,,,,,,,,,
36815,-5.0,,,,,,,,,,,,,,,,,,
36816,-4.0,,,,,,,,,,,,,,,,,,
36817,-4.0,,,,,,,,,,,,,,,,,,
36820,-4.0,,,,,,,,,,,,,,,,,,
36823,-9.0,,,,,,,,,,,,,,,,,,
36831,-4.0,,,,,,,,,,,,,,,,,,
36835,-4.0,,,,,,,,,,,,,,,,,,
36836,-5.0,,,,,,,,,,,,,,,,,,
36838,-4.0,,,,,,,,,,,,,,,,,,
36843,-4.0,,,,,,,,,,,,,,,,,,
36848,-5.0,,,,,,,,,,,,,,,,,,
36851,-4.0,,,,,,,,,,,,,,,,,,
36856,-4.0,,,,,,,,,,,,,,,,,,
36857,-5.0,,,,,,,,,,,,,,,,,,
36858,-4.0,,,,,,,,,,,,,,,,,,
36859,-4.0,,,,,,,,,,,,,,,,,,
36861,-4.0,,,,,,,,,,,,,,,,,,
36865,-5.0,,,,,,,,,,,,,,,,,,
36868,-5.0,,,,,,,,,,,,,,,,,,
36871,-4.0,,,,,,,,,,,,,,,,,,
36875,-4.0,,,,,,,,,,,,,,,,,,
36876,-4.0,,,,,,,,,,,,,,,,,,
36879,-4.0,,,,,,,,,,,,,,,,,,
36880,-4.0,,,,,,,,,,,,,,,,,,
36882,-5.0,,,,,,,,,,,,,,,,,,
36883,-5.0,,,,,,,,,,,,,,,,,,
36886,-4.0,,,,,,,,,,,,,,,,,,
36888,-4.0,,,,,,,,,,,,,,,,,,
36895,-5.0,,,,,,,,,,,,,,,,,,
36898,-4.0,,,,,,,,,,,,,,,,,,
36902,-4.0,,,,,,,,,,,,,,,,,,
36904,-4.0,,,,,,,,,,,,,,,,,,
36905,-4.0,,,,,,,,,,,,,,,,,,
36920,-4.0,,,,,,,,,,,,,,,,,,
36923,-5.0,,,,,,,,,,,,,,,,,,
36928,-4.0,,,,,,,,,,,,,,,,,,
36933,-4.0,,,,,,,,,,,,,,,,,,
36935,-4.0,,,,,,,,,,,,,,,,,,
36940,-5.0,,,,,,,,,,,,,,,,,,
36947,-4.0,,,,,,,,,,,,,,,,,,
36949,-4.0,,,,,,,,,,,,,,,,,,
36951,-4.0,,,,,,,,,,,,,,,,,,
36954,-4.0,,,,,,,,,,,,,,,,,,
36959,-4.0,,,,,,,,,,,,,,,,,,
36963,-5.0,,,,,,,,,,,,,,,,,,
36972,-4.0,,,,,,,,,,,,,,,,,,
36973,-4.0,,,,,,,,,,,,,,,,,,
36979,-4.0,,,,,,,,,,,,,,,,,,
36980,-4.0,,,,,,,,,,,,,,,,,,
36984,-5.0,,,,,,,,,,,,,,,,,,
36986,-4.0,,,,,,,,,,,,,,,,,,
36989,-5.0,,,,,,,,,,,,,,,,,,
36990,-5.0,,,,,,,,,,,,,,,,,,
36992,-4.0,,,,,,,,,,,,,,,,,,
37000,-5.0,,,,,,,,,,,,,,,,,,
37012,-5.0,,,,,,,,,,,,,,,,,,
37013,-5.0,,,,,,,,,,,,,,,,,,
37029,-4.0,,,,,,,,,,,,,,,,,,
37031,-4.0,,,,,,,,,,,,,,,,,,
37035,-5.0,,,,,,,,,,,,,,,,,,
37036,-4.0,,,,,,,,,,,,,,,,,,
37048,-4.0,,,,,,,,,,,,,,,,,,
37049,-4.0,,,,,,,,,,,,,,,,,,
37055,-4.0,,,,,,,,,,,,,,,,,,
37056,-5.0,,,,,,,,,,,,,,,,,,
37058,-4.0,,,,,,,,,,,,,,,,,,
37061,-4.0,,,,,,,,,,,,,,,,,,
37062,-4.0,,,,,,,,,,,,,,,,,,
37064,-4.0,,,,,,,,,,,,,,,,,,
37074,-4.0,,,,,,,,,,,,,,,,,,
37075,-4.0,,,,,,,,,,,,,,,,,,
37082,-5.0,,,,,,,,,,,,,,,,,,
37086,-4.0,,,,,,,,,,,,,,,,,,
37089,-4.0,,,,,,,,,,,,,,,,,,
37097,-4.0,,,,,,,,,,,,,,,,,,
37102,-4.0,,,,,,,,,,,,,,,,,,
37104,-4.0,,,,,,,,,,,,,,,,,,
37105,-5.0,,,,,,,,,,,,,,,,,,
37109,-5.0,,,,,,,,,,,,,,,,,,
37111,-4.0,,,,,,,,,,,,,,,,,,
37118,-4.0,,,,,,,,,,,,,,,,,,
37120,-4.0,,,,,,,,,,,,,,,,,,
37127,-5.0,,,,,,,,,,,,,,,,,,
37129,-4.0,,,,,,,,,,,,,,,,,,
37147,-4.0,,,,,,,,,,,,,,,,,,
37149,-4.0,,,,,,,,,,,,,,,,,,
37150,-5.0,,,,,,,,,,,,,,,,,,
37151,-4.0,,,,,,,,,,,,,,,,,,
37164,-4.0,,,,,,,,,,,,,,,,,,
37175,-5.0,,,,,,,,,,,,,,,,,,
37179,-4.0,,,,,,,,,,,,,,,,,,
37183,-5.0,,,,,,,,,,,,,,,,,,
37187,-4.0,,,,,,,,,,,,,,,,,,
37188,-4.0,,,,,,,,,,,,,,,,,,
37190,-5.0,,,,,,,,,,,,,,,,,,
37194,-4.0,,,,,,,,,,,,,,,,,,
37197,-4.0,,,,,,,,,,,,,,,,,,
37198,-5.0,,,,,,,,,,,,,,,,,,
37200,-6.0,,,,,,,,,,,,,,,,,,
37204,-5.0,,,,,,,,,,,,,,,,,,
37206,-4.0,,,,,,,,,,,,,,,,,,
37207,-4.0,,,,,,,,,,,,,,,,,,
37209,-4.0,,,,,,,,,,,,,,,,,,
37215,-4.0,,,,,,,,,,,,,,,,,,
37220,-4.0,,,,,,,,,,,,,,,,,,
37224,-4.0,,,,,,,,,,,,,,,,,,
37233,-4.0,,,,,,,,,,,,,,,,,,
37235,-5.0,,,,,,,,,,,,,,,,,,
37254,-4.0,,,,,,,,,,,,,,,,,,
37255,-5.0,,,,,,,,,,,,,,,,,,
37260,-4.0,,,,,,,,,,,,,,,,,,
37264,-5.0,,,,,,,,,,,,,,,,,,
37274,-5.0,,,,,,,,,,,,,,,,,,
37276,-5.0,,,,,,,,,,,,,,,,,,
37278,-4.0,,,,,,,,,,,,,,,,,,
37279,-4.0,,,,,,,,,,,,,,,,,,
37284,-4.0,,,,,,,,,,,,,,,,,,
37290,-4.0,,,,,,,,,,,,,,,,,,
37297,-4.0,,,,,,,,,,,,,,,,,,
37299,-5.0,,,,,,,,,,,,,,,,,,
37302,-5.0,,,,,,,,,,,,,,,,,,
37303,-4.0,,,,,,,,,,,,,,,,,,
37319,-4.0,,,,,,,,,,,,,,,,,,
37322,-5.0,,,,,,,,,,,,,,,,,,
37323,-4.0,,,,,,,,,,,,,,,,,,
37328,-5.0,,,,,,,,,,,,,,,,,,
37329,-4.0,,,,,,,,,,,,,,,,,,
37331,-4.0,,,,,,,,,,,,,,,,,,
37340,-5.0,,,,,,,,,,,,,,,,,,
37344,-5.0,,,,,,,,,,,,,,,,,,
37346,-5.0,,,,,,,,,,,,,,,,,,
37350,-5.0,,,,,,,,,,,,,,,,,,
37359,-4.0,,,,,,,,,,,,,,,,,,
37364,-4.0,,,,,,,,,,,,,,,,,,
37366,-5.0,,,,,,,,,,,,,,,,,,
37368,-5.0,,,,,,,,,,,,,,,,,,
37369,-4.0,,,,,,,,,,,,,,,,,,
37374,-4.0,,,,,,,,,,,,,,,,,,
37378,-4.0,,,,,,,,,,,,,,,,,,
37387,-4.0,,,,,,,,,,,,,,,,,,
37396,-4.0,,,,,,,,,,,,,,,,,,
37401,-4.0,,,,,,,,,,,,,,,,,,
37403,-4.0,,,,,,,,,,,,,,,,,,
37406,-4.0,,,,,,,,,,,,,,,,,,
37408,-4.0,,,,,,,,,,,,,,,,,,
37410,-5.0,,,,,,,,,,,,,,,,,,
37411,-4.0,,,,,,,,,,,,,,,,,,
37412,-7.0,,,,,,,,,,,,,,,,,,
37418,-4.0,,,,,,,,,,,,,,,,,,
37419,-5.0,,,,,,,,,,,,,,,,,,
37424,-4.0,,,,,,,,,,,,,,,,,,
37425,-4.0,,,,,,,,,,,,,,,,,,
37426,-5.0,,,,,,,,,,,,,,,,,,
37429,-4.0,,,,,,,,,,,,,,,,,,
37434,-4.0,,,,,,,,,,,,,,,,,,
37442,-5.0,,,,,,,,,,,,,,,,,,
37451,-4.0,,,,,,,,,,,,,,,,,,
37453,-4.0,,,,,,,,,,,,,,,,,,
37455,-4.0,,,,,,,,,,,,,,,,,,
37459,-4.0,,,,,,,,,,,,,,,,,,
37470,-4.0,,,,,,,,,,,,,,,,,,
37474,-5.0,,,,,,,,,,,,,,,,,,
37475,-5.0,,,,,,,,,,,,,,,,,,
37476,-4.0,,,,,,,,,,,,,,,,,,
37477,-5.0,,,,,,,,,,,,,,,,,,
37478,-5.0,,,,,,,,,,,,,,,,,,
37491,-4.0,,,,,,,,,,,,,,,,,,
37492,-4.0,,,,,,,,,,,,,,,,,,
37497,-5.0,,,,,,,,,,,,,,,,,,
37507,-5.0,,,,,,,,,,,,,,,,,,
37508,-4.0,,,,,,,,,,,,,,,,,,
37514,-4.0,,,,,,,,,,,,,,,,,,
37518,-4.0,,,,,,,,,,,,,,,,,,
37519,-4.0,,,,,,,,,,,,,,,,,,
37520,-5.0,,,,,,,,,,,,,,,,,,
37522,-4.0,,,,,,,,,,,,,,,,,,
37524,-4.0,,,,,,,,,,,,,,,,,,
37531,-4.0,,,,,,,,,,,,,,,,,,
37532,-4.0,,,,,,,,,,,,,,,,,,
37533,-4.0,,,,,,,,,,,,,,,,,,
37535,-4.0,,,,,,,,,,,,,,,,,,
37546,-4.0,,,,,,,,,,,,,,,,,,
37551,-4.0,,,,,,,,,,,,,,,,,,
37553,-4.0,,,,,,,,,,,,,,,,,,
37554,-5.0,,,,,,,,,,,,,,,,,,
37559,-4.0,,,,,,,,,,,,,,,,,,
37564,-5.0,,,,,,,,,,,,,,,,,,
37565,-4.0,,,,,,,,,,,,,,,,,,
37573,-4.0,,,,,,,,,,,,,,,,,,
37578,-5.0,,,,,,,,,,,,,,,,,,
37584,-5.0,,,,,,,,,,,,,,,,,,
37585,-5.0,,,,,,,,,,,,,,,,,,
37587,-4.0,,,,,,,,,,,,,,,,,,
37590,-5.0,,,,,,,,,,,,,,,,,,
37594,-5.0,,,,,,,,,,,,,,,,,,
37599,-4.0,,,,,,,,,,,,,,,,,,
37605,-4.0,,,,,,,,,,,,,,,,,,
37612,-4.0,,,,,,,,,,,,,,,,,,
37614,-5.0,,,,,,,,,,,,,,,,,,
37617,-5.0,,,,,,,,,,,,,,,,,,
37619,-4.0,,,,,,,,,,,,,,,,,,
37621,-4.0,,,,,,,,,,,,,,,,,,
37624,-4.0,,,,,,,,,,,,,,,,,,
37625,-4.0,,,,,,,,,,,,,,,,,,
37628,-5.0,,,,,,,,,,,,,,,,,,
37632,-4.0,,,,,,,,,,,,,,,,,,
37635,-4.0,,,,,,,,,,,,,,,,,,
37641,-4.0,,,,,,,,,,,,,,,,,,
37648,-5.0,,,,,,,,,,,,,,,,,,
37650,-4.0,,,,,,,,,,,,,,,,,,
37657,-4.0,,,,,,,,,,,,,,,,,,
37658,-5.0,,,,,,,,,,,,,,,,,,
37661,-5.0,,,,,,,,,,,,,,,,,,
37674,-5.0,,,,,,,,,,,,,,,,,,
37676,-4.0,,,,,,,,,,,,,,,,,,
37679,-4.0,,,,,,,,,,,,,,,,,,
37683,-5.0,,,,,,,,,,,,,,,,,,
37690,-5.0,,,,,,,,,,,,,,,,,,
37693,-5.0,,,,,,,,,,,,,,,,,,
37699,-5.0,,,,,,,,,,,,,,,,,,
37719,-5.0,,,,,,,,,,,,,,,,,,
37733,-5.0,,,,,,,,,,,,,,,,,,
37738,-5.0,,,,,,,,,,,,,,,,,,
37749,-5.0,,,,,,,,,,,,,,,,,,
37750,-4.0,,,,,,,,,,,,,,,,,,
37766,-4.0,,,,,,,,,,,,,,,,,,
37770,-5.0,,,,,,,,,,,,,,,,,,
37775,-5.0,,,,,,,,,,,,,,,,,,
37788,-4.0,,,,,,,,,,,,,,,,,,
37794,-4.0,,,,,,,,,,,,,,,,,,
37795,-4.0,,,,,,,,,,,,,,,,,,
37803,-5.0,,,,,,,,,,,,,,,,,,
37804,-5.0,,,,,,,,,,,,,,,,,,
37814,-5.0,,,,,,,,,,,,,,,,,,
37819,-4.0,,,,,,,,,,,,,,,,,,
37824,-4.0,,,,,,,,,,,,,,,,,,
37826,-4.0,,,,,,,,,,,,,,,,,,
37834,-4.0,,,,,,,,,,,,,,,,,,
37836,-5.0,,,,,,,,,,,,,,,,,,
37838,-4.0,,,,,,,,,,,,,,,,,,
37845,-4.0,,,,,,,,,,,,,,,,,,
37852,-5.0,,,,,,,,,,,,,,,,,,
37855,-4.0,,,,,,,,,,,,,,,,,,
37857,-4.0,,,,,,,,,,,,,,,,,,
37861,-4.0,,,,,,,,,,,,,,,,,,
37865,-4.0,,,,,,,,,,,,,,,,,,
37869,-5.0,,,,,,,,,,,,,,,,,,
37871,-4.0,,,,,,,,,,,,,,,,,,
37873,-5.0,,,,,,,,,,,,,,,,,,
37876,-5.0,,,,,,,,,,,,,,,,,,
37878,-5.0,,,,,,,,,,,,,,,,,,
37883,-4.0,,,,,,,,,,,,,,,,,,
37893,-4.0,,,,,,,,,,,,,,,,,,
37902,-4.0,,,,,,,,,,,,,,,,,,
37905,-4.0,,,,,,,,,,,,,,,,,,
37907,-4.0,,,,,,,,,,,,,,,,,,
37913,-5.0,,,,,,,,,,,,,,,,,,
37918,-4.0,,,,,,,,,,,,,,,,,,
37933,-4.0,,,,,,,,,,,,,,,,,,
37935,-4.0,,,,,,,,,,,,,,,,,,
37937,-4.0,,,,,,,,,,,,,,,,,,
37939,-4.0,,,,,,,,,,,,,,,,,,
37955,-4.0,,,,,,,,,,,,,,,,,,
37956,-4.0,,,,,,,,,,,,,,,,,,
37957,-4.0,,,,,,,,,,,,,,,,,,
37960,-4.0,,,,,,,,,,,,,,,,,,
37961,-4.0,,,,,,,,,,,,,,,,,,
37962,-4.0,,,,,,,,,,,,,,,,,,
37965,-4.0,,,,,,,,,,,,,,,,,,
37967,-4.0,,,,,,,,,,,,,,,,,,
37969,-4.0,,,,,,,,,,,,,,,,,,
37972,-5.0,,,,,,,,,,,,,,,,,,
37977,-5.0,,,,,,,,,,,,,,,,,,
37978,-4.0,,,,,,,,,,,,,,,,,,
37984,-5.0,,,,,,,,,,,,,,,,,,
37987,-5.0,,,,,,,,,,,,,,,,,,
38000,-4.0,,,,,,,,,,,,,,,,,,
38004,-4.0,,,,,,,,,,,,,,,,,,
38005,-5.0,,,,,,,,,,,,,,,,,,
38010,-5.0,,,,,,,,,,,,,,,,,,
38018,-4.0,,,,,,,,,,,,,,,,,,
38023,-4.0,,,,,,,,,,,,,,,,,,
38026,-4.0,,,,,,,,,,,,,,,,,,
38028,-5.0,,,,,,,,,,,,,,,,,,
38036,-4.0,,,,,,,,,,,,,,,,,,
38041,-4.0,,,,,,,,,,,,,,,,,,
38051,-5.0,,,,,,,,,,,,,,,,,,
38052,-4.0,,,,,,,,,,,,,,,,,,
38067,-4.0,,,,,,,,,,,,,,,,,,
38083,-4.0,,,,,,,,,,,,,,,,,,
38084,-5.0,,,,,,,,,,,,,,,,,,
38087,-4.0,,,,,,,,,,,,,,,,,,
38088,-4.0,,,,,,,,,,,,,,,,,,
38091,-4.0,,,,,,,,,,,,,,,,,,
38097,-4.0,,,,,,,,,,,,,,,,,,
38098,-4.0,,,,,,,,,,,,,,,,,,
38100,-5.0,,,,,,,,,,,,,,,,,,
38101,-4.0,,,,,,,,,,,,,,,,,,
38104,-4.0,,,,,,,,,,,,,,,,,,
38105,-4.0,,,,,,,,,,,,,,,,,,
38106,-4.0,,,,,,,,,,,,,,,,,,
38113,-4.0,,,,,,,,,,,,,,,,,,
38114,-4.0,,,,,,,,,,,,,,,,,,
38120,-5.0,,,,,,,,,,,,,,,,,,
38126,-4.0,,,,,,,,,,,,,,,,,,
38128,-4.0,,,,,,,,,,,,,,,,,,
38131,-4.0,,,,,,,,,,,,,,,,,,
38134,-4.0,,,,,,,,,,,,,,,,,,
38140,-4.0,,,,,,,,,,,,,,,,,,
38147,-4.0,,,,,,,,,,,,,,,,,,
38151,-5.0,,,,,,,,,,,,,,,,,,
38152,-4.0,,,,,,,,,,,,,,,,,,
38153,-5.0,,,,,,,,,,,,,,,,,,
38154,-4.0,,,,,,,,,,,,,,,,,,
38158,-4.0,,,,,,,,,,,,,,,,,,
38172,-4.0,,,,,,,,,,,,,,,,,,
38177,-4.0,,,,,,,,,,,,,,,,,,
38178,-4.0,,,,,,,,,,,,,,,,,,
38182,-5.0,,,,,,,,,,,,,,,,,,
38183,-4.0,,,,,,,,,,,,,,,,,,
38189,-5.0,,,,,,,,,,,,,,,,,,
38194,-4.0,,,,,,,,,,,,,,,,,,
38195,-4.0,,,,,,,,,,,,,,,,,,
38196,-4.0,,,,,,,,,,,,,,,,,,
38197,-4.0,,,,,,,,,,,,,,,,,,
38199,-4.0,,,,,,,,,,,,,,,,,,
38200,-5.0,,,,,,,,,,,,,,,,,,
38208,-4.0,,,,,,,,,,,,,,,,,,
38210,-4.0,,,,,,,,,,,,,,,,,,
38211,-4.0,,,,,,,,,,,,,,,,,,
38212,-4.0,,,,,,,,,,,,,,,,,,
38217,-4.0,,,,,,,,,,,,,,,,,,
38218,-5.0,,,,,,,,,,,,,,,,,,
38222,-4.0,,,,,,,,,,,,,,,,,,
38230,-4.0,,,,,,,,,,,,,,,,,,
38232,-4.0,,,,,,,,,,,,,,,,,,
38236,-4.0,,,,,,,,,,,,,,,,,,
38242,-4.0,,,,,,,,,,,,,,,,,,
38243,-5.0,,,,,,,,,,,,,,,,,,
38246,-4.0,,,,,,,,,,,,,,,,,,
38251,-5.0,,,,,,,,,,,,,,,,,,
38259,-5.0,,,,,,,,,,,,,,,,,,
38260,-4.0,,,,,,,,,,,,,,,,,,
38264,-4.0,,,,,,,,,,,,,,,,,,
38276,-4.0,,,,,,,,,,,,,,,,,,
38281,-4.0,,,,,,,,,,,,,,,,,,
38294,-4.0,,,,,,,,,,,,,,,,,,
38304,-5.0,,,,,,,,,,,,,,,,,,
38306,-4.0,,,,,,,,,,,,,,,,,,
38307,-4.0,,,,,,,,,,,,,,,,,,
38308,-5.0,,,,,,,,,,,,,,,,,,
38309,-4.0,,,,,,,,,,,,,,,,,,
38312,-4.0,,,,,,,,,,,,,,,,,,
38313,-4.0,,,,,,,,,,,,,,,,,,
38326,-5.0,,,,,,,,,,,,,,,,,,
38329,-4.0,,,,,,,,,,,,,,,,,,
38333,-4.0,,,,,,,,,,,,,,,,,,
38335,-4.0,,,,,,,,,,,,,,,,,,
38336,-4.0,,,,,,,,,,,,,,,,,,
38341,-4.0,,,,,,,,,,,,,,,,,,
38345,-4.0,,,,,,,,,,,,,,,,,,
38346,-9.0,,,,,,,,,,,,,,,,,,
38350,-4.0,,,,,,,,,,,,,,,,,,
38351,-5.0,,,,,,,,,,,,,,,,,,
38355,-4.0,,,,,,,,,,,,,,,,,,
38358,-4.0,,,,,,,,,,,,,,,,,,
38366,-4.0,,,,,,,,,,,,,,,,,,
38369,-4.0,,,,,,,,,,,,,,,,,,
38372,-4.0,,,,,,,,,,,,,,,,,,
38378,-4.0,,,,,,,,,,,,,,,,,,
38379,-4.0,,,,,,,,,,,,,,,,,,
38380,-5.0,,,,,,,,,,,,,,,,,,
38383,-4.0,,,,,,,,,,,,,,,,,,
38388,-4.0,,,,,,,,,,,,,,,,,,
38389,-4.0,,,,,,,,,,,,,,,,,,
38390,-5.0,,,,,,,,,,,,,,,,,,
38392,-4.0,,,,,,,,,,,,,,,,,,
38396,-4.0,,,,,,,,,,,,,,,,,,
38399,-5.0,,,,,,,,,,,,,,,,,,
38411,-4.0,,,,,,,,,,,,,,,,,,
38414,-4.0,,,,,,,,,,,,,,,,,,
38415,-5.0,,,,,,,,,,,,,,,,,,
38419,-4.0,,,,,,,,,,,,,,,,,,
38426,-4.0,,,,,,,,,,,,,,,,,,
38434,-5.0,,,,,,,,,,,,,,,,,,
38435,-4.0,,,,,,,,,,,,,,,,,,
38436,-4.0,,,,,,,,,,,,,,,,,,
38438,-5.0,,,,,,,,,,,,,,,,,,
38442,-5.0,,,,,,,,,,,,,,,,,,
38454,-5.0,,,,,,,,,,,,,,,,,,
38456,-4.0,,,,,,,,,,,,,,,,,,
38457,-4.0,,,,,,,,,,,,,,,,,,
38460,-4.0,,,,,,,,,,,,,,,,,,
38470,-4.0,,,,,,,,,,,,,,,,,,
38471,-4.0,,,,,,,,,,,,,,,,,,
38479,-4.0,,,,,,,,,,,,,,,,,,
38485,-5.0,,,,,,,,,,,,,,,,,,
38486,-4.0,,,,,,,,,,,,,,,,,,
38487,-4.0,,,,,,,,,,,,,,,,,,
38488,-4.0,,,,,,,,,,,,,,,,,,
38495,-5.0,,,,,,,,,,,,,,,,,,
38502,-4.0,,,,,,,,,,,,,,,,,,
38509,-4.0,,,,,,,,,,,,,,,,,,
38515,-4.0,,,,,,,,,,,,,,,,,,
38517,-4.0,,,,,,,,,,,,,,,,,,
38522,-4.0,,,,,,,,,,,,,,,,,,
38523,-5.0,,,,,,,,,,,,,,,,,,
38526,-4.0,,,,,,,,,,,,,,,,,,
38528,-5.0,,,,,,,,,,,,,,,,,,
38529,-4.0,,,,,,,,,,,,,,,,,,
38534,-5.0,,,,,,,,,,,,,,,,,,
38540,-4.0,,,,,,,,,,,,,,,,,,
38543,-4.0,,,,,,,,,,,,,,,,,,
38545,-4.0,,,,,,,,,,,,,,,,,,
38546,-5.0,,,,,,,,,,,,,,,,,,
38547,-4.0,,,,,,,,,,,,,,,,,,
38559,-5.0,,,,,,,,,,,,,,,,,,
38563,-5.0,,,,,,,,,,,,,,,,,,
38567,-5.0,,,,,,,,,,,,,,,,,,
38570,-4.0,,,,,,,,,,,,,,,,,,
38574,-5.0,,,,,,,,,,,,,,,,,,
38575,-4.0,,,,,,,,,,,,,,,,,,
38576,-4.0,,,,,,,,,,,,,,,,,,
38580,-4.0,,,,,,,,,,,,,,,,,,
38581,-5.0,,,,,,,,,,,,,,,,,,
38599,-4.0,,,,,,,,,,,,,,,,,,
38600,-4.0,,,,,,,,,,,,,,,,,,
38606,-4.0,,,,,,,,,,,,,,,,,,
38608,-4.0,,,,,,,,,,,,,,,,,,
38609,-4.0,,,,,,,,,,,,,,,,,,
38612,-5.0,,,,,,,,,,,,,,,,,,
38614,-5.0,,,,,,,,,,,,,,,,,,
38616,-4.0,,,,,,,,,,,,,,,,,,
38617,-4.0,,,,,,,,,,,,,,,,,,
38623,-5.0,,,,,,,,,,,,,,,,,,
38624,-4.0,,,,,,,,,,,,,,,,,,
38625,-4.0,,,,,,,,,,,,,,,,,,
38627,-4.0,,,,,,,,,,,,,,,,,,
38637,-4.0,,,,,,,,,,,,,,,,,,
38651,-4.0,,,,,,,,,,,,,,,,,,
38652,-4.0,,,,,,,,,,,,,,,,,,
38654,-5.0,,,,,,,,,,,,,,,,,,
38656,-4.0,,,,,,,,,,,,,,,,,,
38671,-4.0,,,,,,,,,,,,,,,,,,
38672,-5.0,,,,,,,,,,,,,,,,,,
38678,-4.0,,,,,,,,,,,,,,,,,,
38683,-4.0,,,,,,,,,,,,,,,,,,
38687,-4.0,,,,,,,,,,,,,,,,,,
38691,-5.0,,,,,,,,,,,,,,,,,,
38692,-4.0,,,,,,,,,,,,,,,,,,
38694,-4.0,,,,,,,,,,,,,,,,,,
38696,-4.0,,,,,,,,,,,,,,,,,,
38698,-5.0,,,,,,,,,,,,,,,,,,
38699,-5.0,,,,,,,,,,,,,,,,,,
38702,-4.0,,,,,,,,,,,,,,,,,,
38704,-4.0,,,,,,,,,,,,,,,,,,
38706,-4.0,,,,,,,,,,,,,,,,,,
38709,-4.0,,,,,,,,,,,,,,,,,,
38716,-4.0,,,,,,,,,,,,,,,,,,
38722,-4.0,,,,,,,,,,,,,,,,,,
38726,-4.0,,,,,,,,,,,,,,,,,,
38732,-4.0,,,,,,,,,,,,,,,,,,
38734,-4.0,,,,,,,,,,,,,,,,,,
38737,-4.0,,,,,,,,,,,,,,,,,,
38743,-5.0,,,,,,,,,,,,,,,,,,
38744,-5.0,,,,,,,,,,,,,,,,,,
38746,-4.0,,,,,,,,,,,,,,,,,,
38751,-4.0,,,,,,,,,,,,,,,,,,
38761,-4.0,,,,,,,,,,,,,,,,,,
38766,-4.0,,,,,,,,,,,,,,,,,,
38771,-4.0,,,,,,,,,,,,,,,,,,
38773,-5.0,,,,,,,,,,,,,,,,,,
38777,-4.0,,,,,,,,,,,,,,,,,,
38784,-4.0,,,,,,,,,,,,,,,,,,
38785,-5.0,,,,,,,,,,,,,,,,,,
38789,-4.0,,,,,,,,,,,,,,,,,,
38790,-4.0,,,,,,,,,,,,,,,,,,
38794,-5.0,,,,,,,,,,,,,,,,,,
38798,-4.0,,,,,,,,,,,,,,,,,,
38801,-4.0,,,,,,,,,,,,,,,,,,
38812,-5.0,,,,,,,,,,,,,,,,,,
38814,-4.0,,,,,,,,,,,,,,,,,,
38818,-4.0,,,,,,,,,,,,,,,,,,
38824,-4.0,,,,,,,,,,,,,,,,,,
38826,-4.0,,,,,,,,,,,,,,,,,,
38828,-4.0,,,,,,,,,,,,,,,,,,
38838,-4.0,,,,,,,,,,,,,,,,,,
38841,-5.0,,,,,,,,,,,,,,,,,,
38843,-4.0,,,,,,,,,,,,,,,,,,
38846,-4.0,,,,,,,,,,,,,,,,,,
38847,-4.0,,,,,,,,,,,,,,,,,,
38850,-4.0,,,,,,,,,,,,,,,,,,
38851,-4.0,,,,,,,,,,,,,,,,,,
38857,-5.0,,,,,,,,,,,,,,,,,,
38871,-4.0,,,,,,,,,,,,,,,,,,
38875,-5.0,,,,,,,,,,,,,,,,,,
38884,-4.0,,,,,,,,,,,,,,,,,,
38886,-4.0,,,,,,,,,,,,,,,,,,
38888,-4.0,,,,,,,,,,,,,,,,,,
38896,-5.0,,,,,,,,,,,,,,,,,,
38897,-4.0,,,,,,,,,,,,,,,,,,
38898,-4.0,,,,,,,,,,,,,,,,,,
38911,-5.0,,,,,,,,,,,,,,,,,,
38913,-4.0,,,,,,,,,,,,,,,,,,
38917,-5.0,,,,,,,,,,,,,,,,,,
38921,-4.0,,,,,,,,,,,,,,,,,,
38926,-4.0,,,,,,,,,,,,,,,,,,
38927,-5.0,,,,,,,,,,,,,,,,,,
38928,-5.0,,,,,,,,,,,,,,,,,,
38936,-5.0,,,,,,,,,,,,,,,,,,
38938,-4.0,,,,,,,,,,,,,,,,,,
38942,-5.0,,,,,,,,,,,,,,,,,,
38946,-4.0,,,,,,,,,,,,,,,,,,
38949,-5.0,,,,,,,,,,,,,,,,,,
38950,-4.0,,,,,,,,,,,,,,,,,,
38951,-4.0,,,,,,,,,,,,,,,,,,
38952,-5.0,,,,,,,,,,,,,,,,,,
38954,-4.0,,,,,,,,,,,,,,,,,,
38957,-4.0,,,,,,,,,,,,,,,,,,
38958,-4.0,,,,,,,,,,,,,,,,,,
38961,-4.0,,,,,,,,,,,,,,,,,,
38970,-4.0,,,,,,,,,,,,,,,,,,
38974,-5.0,,,,,,,,,,,,,,,,,,
38978,-4.0,,,,,,,,,,,,,,,,,,
38981,-4.0,,,,,,,,,,,,,,,,,,
38983,-5.0,,,,,,,,,,,,,,,,,,
38984,-4.0,,,,,,,,,,,,,,,,,,
38989,-4.0,,,,,,,,,,,,,,,,,,
38990,-5.0,,,,,,,,,,,,,,,,,,
38991,-5.0,,,,,,,,,,,,,,,,,,
39008,-4.0,,,,,,,,,,,,,,,,,,
39009,-5.0,,,,,,,,,,,,,,,,,,
39015,-4.0,,,,,,,,,,,,,,,,,,
39020,-4.0,,,,,,,,,,,,,,,,,,
39022,-5.0,,,,,,,,,,,,,,,,,,
39024,-16.0,,,,,,,,,,,,,,,,,,
39026,-4.0,,,,,,,,,,,,,,,,,,
39040,-5.0,,,,,,,,,,,,,,,,,,
39047,-5.0,,,,,,,,,,,,,,,,,,
39049,-4.0,,,,,,,,,,,,,,,,,,
39057,-5.0,,,,,,,,,,,,,,,,,,
39064,-5.0,,,,,,,,,,,,,,,,,,
39065,-4.0,,,,,,,,,,,,,,,,,,
39067,-7.0,,,,,,,,,,,,,,,,,,
39071,-4.0,,,,,,,,,,,,,,,,,,
39079,-4.0,,,,,,,,,,,,,,,,,,
39085,-5.0,,,,,,,,,,,,,,,,,,
39086,-4.0,,,,,,,,,,,,,,,,,,
39088,-5.0,,,,,,,,,,,,,,,,,,
39097,-4.0,,,,,,,,,,,,,,,,,,
39116,-4.0,,,,,,,,,,,,,,,,,,
39120,-5.0,,,,,,,,,,,,,,,,,,
39124,-5.0,,,,,,,,,,,,,,,,,,
39127,-4.0,,,,,,,,,,,,,,,,,,
39130,-5.0,,,,,,,,,,,,,,,,,,
39135,-5.0,,,,,,,,,,,,,,,,,,
39139,-5.0,,,,,,,,,,,,,,,,,,
39141,-4.0,,,,,,,,,,,,,,,,,,
39145,-4.0,,,,,,,,,,,,,,,,,,
39148,-4.0,,,,,,,,,,,,,,,,,,
39151,-4.0,,,,,,,,,,,,,,,,,,
39156,-4.0,,,,,,,,,,,,,,,,,,
39164,-5.0,,,,,,,,,,,,,,,,,,
39170,-4.0,,,,,,,,,,,,,,,,,,
39172,-4.0,,,,,,,,,,,,,,,,,,
39182,-4.0,,,,,,,,,,,,,,,,,,
39191,-4.0,,,,,,,,,,,,,,,,,,
39197,-5.0,,,,,,,,,,,,,,,,,,
39200,-4.0,,,,,,,,,,,,,,,,,,
39201,-5.0,,,,,,,,,,,,,,,,,,
39202,-4.0,,,,,,,,,,,,,,,,,,
39204,-5.0,,,,,,,,,,,,,,,,,,
39213,-4.0,,,,,,,,,,,,,,,,,,
39216,-4.0,,,,,,,,,,,,,,,,,,
39222,-4.0,,,,,,,,,,,,,,,,,,
39223,-4.0,,,,,,,,,,,,,,,,,,
39230,-5.0,,,,,,,,,,,,,,,,,,
39231,-5.0,,,,,,,,,,,,,,,,,,
39233,-4.0,,,,,,,,,,,,,,,,,,
39234,-4.0,,,,,,,,,,,,,,,,,,
39240,-4.0,,,,,,,,,,,,,,,,,,
39242,-4.0,,,,,,,,,,,,,,,,,,
39243,-4.0,,,,,,,,,,,,,,,,,,
39244,-5.0,,,,,,,,,,,,,,,,,,
39246,-5.0,,,,,,,,,,,,,,,,,,
39249,-4.0,,,,,,,,,,,,,,,,,,
39257,-4.0,,,,,,,,,,,,,,,,,,
39262,-4.0,,,,,,,,,,,,,,,,,,
39267,-5.0,,,,,,,,,,,,,,,,,,
39268,-4.0,,,,,,,,,,,,,,,,,,
39269,-4.0,,,,,,,,,,,,,,,,,,
39284,-4.0,,,,,,,,,,,,,,,,,,
39287,-4.0,,,,,,,,,,,,,,,,,,
39293,-4.0,,,,,,,,,,,,,,,,,,
39299,-4.0,,,,,,,,,,,,,,,,,,
39300,-4.0,,,,,,,,,,,,,,,,,,
39315,-5.0,,,,,,,,,,,,,,,,,,
39322,-4.0,,,,,,,,,,,,,,,,,,
39327,-4.0,,,,,,,,,,,,,,,,,,
39328,-4.0,,,,,,,,,,,,,,,,,,
39334,-4.0,,,,,,,,,,,,,,,,,,
39335,-4.0,,,,,,,,,,,,,,,,,,
39337,-4.0,,,,,,,,,,,,,,,,,,
39342,-4.0,,,,,,,,,,,,,,,,,,
39344,-5.0,,,,,,,,,,,,,,,,,,
39345,-4.0,,,,,,,,,,,,,,,,,,
39346,-4.0,,,,,,,,,,,,,,,,,,
39349,-5.0,,,,,,,,,,,,,,,,,,
39351,-4.0,,,,,,,,,,,,,,,,,,
39355,-8.0,,,,,,,,,,,,,,,,,,
39362,-4.0,,,,,,,,,,,,,,,,,,
39363,-4.0,,,,,,,,,,,,,,,,,,
39364,-5.0,,,,,,,,,,,,,,,,,,
39369,-4.0,,,,,,,,,,,,,,,,,,
39374,-4.0,,,,,,,,,,,,,,,,,,
39377,-5.0,,,,,,,,,,,,,,,,,,
39379,-4.0,,,,,,,,,,,,,,,,,,
39380,-4.0,,,,,,,,,,,,,,,,,,
39381,-4.0,,,,,,,,,,,,,,,,,,
39382,-4.0,,,,,,,,,,,,,,,,,,
39386,-4.0,,,,,,,,,,,,,,,,,,
39387,-4.0,,,,,,,,,,,,,,,,,,
39389,-4.0,,,,,,,,,,,,,,,,,,
39392,-4.0,,,,,,,,,,,,,,,,,,
39394,-5.0,,,,,,,,,,,,,,,,,,
39395,-4.0,,,,,,,,,,,,,,,,,,
39399,-4.0,,,,,,,,,,,,,,,,,,
39406,-5.0,,,,,,,,,,,,,,,,,,
39412,-4.0,,,,,,,,,,,,,,,,,,
39413,-4.0,,,,,,,,,,,,,,,,,,
39428,-4.0,,,,,,,,,,,,,,,,,,
39429,-4.0,,,,,,,,,,,,,,,,,,
39431,-5.0,,,,,,,,,,,,,,,,,,
39435,-5.0,,,,,,,,,,,,,,,,,,
39436,-4.0,,,,,,,,,,,,,,,,,,
39437,-5.0,,,,,,,,,,,,,,,,,,
39439,-4.0,,,,,,,,,,,,,,,,,,
39443,-4.0,,,,,,,,,,,,,,,,,,
39447,-5.0,,,,,,,,,,,,,,,,,,
39452,-4.0,,,,,,,,,,,,,,,,,,
39453,-4.0,,,,,,,,,,,,,,,,,,
39460,-4.0,,,,,,,,,,,,,,,,,,
39468,-4.0,,,,,,,,,,,,,,,,,,
39471,-4.0,,,,,,,,,,,,,,,,,,
39475,-4.0,,,,,,,,,,,,,,,,,,
39478,-4.0,,,,,,,,,,,,,,,,,,
39479,-5.0,,,,,,,,,,,,,,,,,,
39480,-4.0,,,,,,,,,,,,,,,,,,
39483,-4.0,,,,,,,,,,,,,,,,,,
39486,-4.0,,,,,,,,,,,,,,,,,,
39490,-5.0,,,,,,,,,,,,,,,,,,
39493,-4.0,,,,,,,,,,,,,,,,,,
39497,-4.0,,,,,,,,,,,,,,,,,,
39499,-5.0,,,,,,,,,,,,,,,,,,
39501,-4.0,,,,,,,,,,,,,,,,,,
39508,-5.0,,,,,,,,,,,,,,,,,,
39510,-4.0,,,,,,,,,,,,,,,,,,
39512,-4.0,,,,,,,,,,,,,,,,,,
39513,-5.0,,,,,,,,,,,,,,,,,,
39519,-4.0,,,,,,,,,,,,,,,,,,
39520,-4.0,,,,,,,,,,,,,,,,,,
39521,-4.0,,,,,,,,,,,,,,,,,,
39522,-4.0,,,,,,,,,,,,,,,,,,
39535,-4.0,,,,,,,,,,,,,,,,,,
39539,-4.0,,,,,,,,,,,,,,,,,,
39542,-4.0,,,,,,,,,,,,,,,,,,
39544,-5.0,,,,,,,,,,,,,,,,,,
39545,-5.0,,,,,,,,,,,,,,,,,,
39549,-5.0,,,,,,,,,,,,,,,,,,
39551,-4.0,,,,,,,,,,,,,,,,,,
39552,-4.0,,,,,,,,,,,,,,,,,,
39559,-4.0,,,,,,,,,,,,,,,,,,
39560,-4.0,,,,,,,,,,,,,,,,,,
39562,-4.0,,,,,,,,,,,,,,,,,,
39565,-4.0,,,,,,,,,,,,,,,,,,
39566,-5.0,,,,,,,,,,,,,,,,,,
39574,-5.0,,,,,,,,,,,,,,,,,,
39575,-5.0,,,,,,,,,,,,,,,,,,
39576,-4.0,,,,,,,,,,,,,,,,,,
39577,-4.0,,,,,,,,,,,,,,,,,,
39578,-4.0,,,,,,,,,,,,,,,,,,
39580,-4.0,,,,,,,,,,,,,,,,,,
39581,-4.0,,,,,,,,,,,,,,,,,,
39587,-4.0,,,,,,,,,,,,,,,,,,
39594,-4.0,,,,,,,,,,,,,,,,,,
39596,-4.0,,,,,,,,,,,,,,,,,,
39599,-5.0,,,,,,,,,,,,,,,,,,
39610,-4.0,,,,,,,,,,,,,,,,,,
39612,-4.0,,,,,,,,,,,,,,,,,,
39618,-5.0,,,,,,,,,,,,,,,,,,
39619,-5.0,,,,,,,,,,,,,,,,,,
39622,-4.0,,,,,,,,,,,,,,,,,,
39625,-4.0,,,,,,,,,,,,,,,,,,
39626,-5.0,,,,,,,,,,,,,,,,,,
39628,-5.0,,,,,,,,,,,,,,,,,,
39631,-5.0,,,,,,,,,,,,,,,,,,
39642,-4.0,,,,,,,,,,,,,,,,,,
39645,-4.0,,,,,,,,,,,,,,,,,,
39648,-4.0,,,,,,,,,,,,,,,,,,
39655,-4.0,,,,,,,,,,,,,,,,,,
39656,-4.0,,,,,,,,,,,,,,,,,,
39658,-5.0,,,,,,,,,,,,,,,,,,
39660,-4.0,,,,,,,,,,,,,,,,,,
39664,-4.0,,,,,,,,,,,,,,,,,,
39667,-4.0,,,,,,,,,,,,,,,,,,
39678,-5.0,,,,,,,,,,,,,,,,,,
39682,-5.0,,,,,,,,,,,,,,,,,,
39685,-5.0,,,,,,,,,,,,,,,,,,
39692,-5.0,,,,,,,,,,,,,,,,,,
39695,-4.0,,,,,,,,,,,,,,,,,,
39697,-4.0,,,,,,,,,,,,,,,,,,
39699,-5.0,,,,,,,,,,,,,,,,,,
39704,-4.0,,,,,,,,,,,,,,,,,,
39707,-4.0,,,,,,,,,,,,,,,,,,
39713,-4.0,,,,,,,,,,,,,,,,,,
39717,-4.0,,,,,,,,,,,,,,,,,,
39718,-4.0,,,,,,,,,,,,,,,,,,
39725,-4.0,,,,,,,,,,,,,,,,,,
39732,-4.0,,,,,,,,,,,,,,,,,,
39733,-4.0,,,,,,,,,,,,,,,,,,
39736,-5.0,,,,,,,,,,,,,,,,,,
39743,-4.0,,,,,,,,,,,,,,,,,,
39744,-5.0,,,,,,,,,,,,,,,,,,
39756,-4.0,,,,,,,,,,,,,,,,,,
39758,-4.0,,,,,,,,,,,,,,,,,,
39760,-5.0,,,,,,,,,,,,,,,,,,
39764,-4.0,,,,,,,,,,,,,,,,,,
39765,-4.0,,,,,,,,,,,,,,,,,,
39766,-5.0,,,,,,,,,,,,,,,,,,
39773,-4.0,,,,,,,,,,,,,,,,,,
39774,-5.0,,,,,,,,,,,,,,,,,,
39783,-5.0,,,,,,,,,,,,,,,,,,
39789,-4.0,,,,,,,,,,,,,,,,,,
39792,-4.0,,,,,,,,,,,,,,,,,,
39800,-4.0,,,,,,,,,,,,,,,,,,
39808,-5.0,,,,,,,,,,,,,,,,,,
39810,-5.0,,,,,,,,,,,,,,,,,,
39817,-4.0,,,,,,,,,,,,,,,,,,
39818,-4.0,,,,,,,,,,,,,,,,,,
39819,-4.0,,,,,,,,,,,,,,,,,,
39820,-4.0,,,,,,,,,,,,,,,,,,
39826,-4.0,,,,,,,,,,,,,,,,,,
39830,-4.0,,,,,,,,,,,,,,,,,,
39831,-4.0,,,,,,,,,,,,,,,,,,
39836,-4.0,,,,,,,,,,,,,,,,,,
39840,-4.0,,,,,,,,,,,,,,,,,,
39845,-4.0,,,,,,,,,,,,,,,,,,
39850,-4.0,,,,,,,,,,,,,,,,,,
39853,-4.0,,,,,,,,,,,,,,,,,,
39873,-4.0,,,,,,,,,,,,,,,,,,
39879,-4.0,,,,,,,,,,,,,,,,,,
39888,-4.0,,,,,,,,,,,,,,,,,,
39902,-4.0,,,,,,,,,,,,,,,,,,
39903,-4.0,,,,,,,,,,,,,,,,,,
39908,-4.0,,,,,,,,,,,,,,,,,,
39911,-4.0,,,,,,,,,,,,,,,,,,
39915,-4.0,,,,,,,,,,,,,,,,,,
39927,-4.0,,,,,,,,,,,,,,,,,,
39933,-4.0,,,,,,,,,,,,,,,,,,
39934,-4.0,,,,,,,,,,,,,,,,,,
39939,-4.0,,,,,,,,,,,,,,,,,,
39942,-4.0,,,,,,,,,,,,,,,,,,
39944,-4.0,,,,,,,,,,,,,,,,,,
39948,-4.0,,,,,,,,,,,,,,,,,,
39949,-4.0,,,,,,,,,,,,,,,,,,
39953,-4.0,,,,,,,,,,,,,,,,,,
39955,-4.0,,,,,,,,,,,,,,,,,,
39958,-4.0,,,,,,,,,,,,,,,,,,
39961,-4.0,,,,,,,,,,,,,,,,,,
39967,-4.0,,,,,,,,,,,,,,,,,,
39979,-5.0,,,,,,,,,,,,,,,,,,
39982,-5.0,,,,,,,,,,,,,,,,,,
39983,-4.0,,,,,,,,,,,,,,,,,,
39992,-4.0,,,,,,,,,,,,,,,,,,
39996,-5.0,,,,,,,,,,,,,,,,,,
39997,-4.0,,,,,,,,,,,,,,,,,,
39998,-4.0,,,,,,,,,,,,,,,,,,
39999,-4.0,,,,,,,,,,,,,,,,,,
40001,-5.0,,,,,,,,,,,,,,,,,,
40005,-4.0,,,,,,,,,,,,,,,,,,
40015,-4.0,,,,,,,,,,,,,,,,,,
40017,-4.0,,,,,,,,,,,,,,,,,,
40021,-4.0,,,,,,,,,,,,,,,,,,
40022,-4.0,,,,,,,,,,,,,,,,,,
40024,-5.0,,,,,,,,,,,,,,,,,,
40029,-4.0,,,,,,,,,,,,,,,,,,
40033,-4.0,,,,,,,,,,,,,,,,,,
40034,-5.0,,,,,,,,,,,,,,,,,,
40039,-5.0,,,,,,,,,,,,,,,,,,
40048,-4.0,,,,,,,,,,,,,,,,,,
40051,-4.0,,,,,,,,,,,,,,,,,,
40054,-4.0,,,,,,,,,,,,,,,,,,
40056,-4.0,,,,,,,,,,,,,,,,,,
40057,-5.0,,,,,,,,,,,,,,,,,,
40058,-4.0,,,,,,,,,,,,,,,,,,
40064,-4.0,,,,,,,,,,,,,,,,,,
40068,-4.0,,,,,,,,,,,,,,,,,,
40070,-4.0,,,,,,,,,,,,,,,,,,
40073,-5.0,,,,,,,,,,,,,,,,,,
40079,-4.0,,,,,,,,,,,,,,,,,,
40086,-5.0,,,,,,,,,,,,,,,,,,
40092,-4.0,,,,,,,,,,,,,,,,,,
40095,-4.0,,,,,,,,,,,,,,,,,,
40098,-4.0,,,,,,,,,,,,,,,,,,
40100,-5.0,,,,,,,,,,,,,,,,,,
40104,-4.0,,,,,,,,,,,,,,,,,,
40109,-4.0,,,,,,,,,,,,,,,,,,
40113,-4.0,,,,,,,,,,,,,,,,,,
40122,-4.0,,,,,,,,,,,,,,,,,,
40123,-4.0,,,,,,,,,,,,,,,,,,
40129,-5.0,,,,,,,,,,,,,,,,,,
40132,-4.0,,,,,,,,,,,,,,,,,,
40135,-4.0,,,,,,,,,,,,,,,,,,
40137,-5.0,,,,,,,,,,,,,,,,,,
40144,-4.0,,,,,,,,,,,,,,,,,,
40158,-4.0,,,,,,,,,,,,,,,,,,
40165,-5.0,,,,,,,,,,,,,,,,,,
40173,-4.0,,,,,,,,,,,,,,,,,,
40175,-5.0,,,,,,,,,,,,,,,,,,
40181,-5.0,,,,,,,,,,,,,,,,,,
40182,-4.0,,,,,,,,,,,,,,,,,,
40184,-4.0,,,,,,,,,,,,,,,,,,
40185,-4.0,,,,,,,,,,,,,,,,,,
40186,-5.0,,,,,,,,,,,,,,,,,,
40191,-4.0,,,,,,,,,,,,,,,,,,
40195,-4.0,,,,,,,,,,,,,,,,,,
40203,-5.0,,,,,,,,,,,,,,,,,,
40206,-4.0,,,,,,,,,,,,,,,,,,
40208,-5.0,,,,,,,,,,,,,,,,,,
40222,-5.0,,,,,,,,,,,,,,,,,,
40223,-5.0,,,,,,,,,,,,,,,,,,
40228,-4.0,,,,,,,,,,,,,,,,,,
40231,-4.0,,,,,,,,,,,,,,,,,,
40233,-4.0,,,,,,,,,,,,,,,,,,
40252,-4.0,,,,,,,,,,,,,,,,,,
40254,-4.0,,,,,,,,,,,,,,,,,,
40256,-5.0,,,,,,,,,,,,,,,,,,
40264,-4.0,,,,,,,,,,,,,,,,,,
40266,-5.0,,,,,,,,,,,,,,,,,,
40269,-4.0,,,,,,,,,,,,,,,,,,
40272,-4.0,,,,,,,,,,,,,,,,,,
40286,-4.0,,,,,,,,,,,,,,,,,,
40291,-4.0,,,,,,,,,,,,,,,,,,
40293,-4.0,,,,,,,,,,,,,,,,,,
40300,-4.0,,,,,,,,,,,,,,,,,,
40304,-4.0,,,,,,,,,,,,,,,,,,
40310,-5.0,,,,,,,,,,,,,,,,,,
40317,-4.0,,,,,,,,,,,,,,,,,,
40318,-5.0,,,,,,,,,,,,,,,,,,
40320,-5.0,,,,,,,,,,,,,,,,,,
40326,-4.0,,,,,,,,,,,,,,,,,,
40329,-5.0,,,,,,,,,,,,,,,,,,
40338,-4.0,,,,,,,,,,,,,,,,,,
40339,-4.0,,,,,,,,,,,,,,,,,,
40340,-5.0,,,,,,,,,,,,,,,,,,
40344,-5.0,,,,,,,,,,,,,,,,,,
40347,-4.0,,,,,,,,,,,,,,,,,,
40355,-4.0,,,,,,,,,,,,,,,,,,
40357,-5.0,,,,,,,,,,,,,,,,,,
40360,-4.0,,,,,,,,,,,,,,,,,,
40374,-5.0,,,,,,,,,,,,,,,,,,
40378,-5.0,,,,,,,,,,,,,,,,,,
40380,-4.0,,,,,,,,,,,,,,,,,,
40381,-7.0,,,,,,,,,,,,,,,,,,
40387,-4.0,,,,,,,,,,,,,,,,,,
40388,-4.0,,,,,,,,,,,,,,,,,,
40390,-4.0,,,,,,,,,,,,,,,,,,
40391,-4.0,,,,,,,,,,,,,,,,,,
40393,-4.0,,,,,,,,,,,,,,,,,,
40401,-5.0,,,,,,,,,,,,,,,,,,
40405,-4.0,,,,,,,,,,,,,,,,,,
40417,-4.0,,,,,,,,,,,,,,,,,,
40418,-5.0,,,,,,,,,,,,,,,,,,
40422,-5.0,,,,,,,,,,,,,,,,,,
40427,-4.0,,,,,,,,,,,,,,,,,,
40431,-4.0,,,,,,,,,,,,,,,,,,
40432,-4.0,,,,,,,,,,,,,,,,,,
40433,-4.0,,,,,,,,,,,,,,,,,,
40435,-5.0,,,,,,,,,,,,,,,,,,
40440,-4.0,,,,,,,,,,,,,,,,,,
40446,-4.0,,,,,,,,,,,,,,,,,,
40448,-4.0,,,,,,,,,,,,,,,,,,
40451,-4.0,,,,,,,,,,,,,,,,,,
40455,-4.0,,,,,,,,,,,,,,,,,,
40466,-4.0,,,,,,,,,,,,,,,,,,
40468,-4.0,,,,,,,,,,,,,,,,,,
40469,-4.0,,,,,,,,,,,,,,,,,,
40470,-5.0,,,,,,,,,,,,,,,,,,
40474,-6.0,,,,,,,,,,,,,,,,,,
40475,-4.0,,,,,,,,,,,,,,,,,,
40478,-4.0,,,,,,,,,,,,,,,,,,
40481,-5.0,,,,,,,,,,,,,,,,,,
40487,-5.0,,,,,,,,,,,,,,,,,,
40490,-4.0,,,,,,,,,,,,,,,,,,
40491,-4.0,,,,,,,,,,,,,,,,,,
40497,-4.0,,,,,,,,,,,,,,,,,,
40505,-5.0,,,,,,,,,,,,,,,,,,
40509,-4.0,,,,,,,,,,,,,,,,,,
40513,-4.0,,,,,,,,,,,,,,,,,,
40517,-5.0,,,,,,,,,,,,,,,,,,
40519,-5.0,,,,,,,,,,,,,,,,,,
40522,-4.0,,,,,,,,,,,,,,,,,,
40526,-4.0,,,,,,,,,,,,,,,,,,
40528,-4.0,,,,,,,,,,,,,,,,,,
40529,-4.0,,,,,,,,,,,,,,,,,,
40531,-5.0,,,,,,,,,,,,,,,,,,
40534,-4.0,,,,,,,,,,,,,,,,,,
40543,-5.0,,,,,,,,,,,,,,,,,,
40553,-5.0,,,,,,,,,,,,,,,,,,
40563,-5.0,,,,,,,,,,,,,,,,,,
40578,-4.0,,,,,,,,,,,,,,,,,,
40581,-4.0,,,,,,,,,,,,,,,,,,
40587,-5.0,,,,,,,,,,,,,,,,,,
40589,-4.0,,,,,,,,,,,,,,,,,,
40590,-4.0,,,,,,,,,,,,,,,,,,
40593,-4.0,,,,,,,,,,,,,,,,,,
40595,-4.0,,,,,,,,,,,,,,,,,,
40596,-8.0,,,,,,,,,,,,,,,,,,
40603,-5.0,,,,,,,,,,,,,,,,,,
40609,-4.0,,,,,,,,,,,,,,,,,,
40610,-5.0,,,,,,,,,,,,,,,,,,
40611,-4.0,,,,,,,,,,,,,,,,,,
40625,-5.0,,,,,,,,,,,,,,,,,,
40626,-5.0,,,,,,,,,,,,,,,,,,
40629,-4.0,,,,,,,,,,,,,,,,,,
40631,-5.0,,,,,,,,,,,,,,,,,,
40635,-5.0,,,,,,,,,,,,,,,,,,
40636,-4.0,,,,,,,,,,,,,,,,,,
40647,-4.0,,,,,,,,,,,,,,,,,,
40648,-4.0,,,,,,,,,,,,,,,,,,
40654,-4.0,,,,,,,,,,,,,,,,,,
40662,-4.0,,,,,,,,,,,,,,,,,,
40664,-5.0,,,,,,,,,,,,,,,,,,
40668,-4.0,,,,,,,,,,,,,,,,,,
40670,-5.0,,,,,,,,,,,,,,,,,,
40671,-4.0,,,,,,,,,,,,,,,,,,
40672,-5.0,,,,,,,,,,,,,,,,,,
40693,-4.0,,,,,,,,,,,,,,,,,,
40702,-5.0,,,,,,,,,,,,,,,,,,
40705,-4.0,,,,,,,,,,,,,,,,,,
40709,-4.0,,,,,,,,,,,,,,,,,,
40712,-4.0,,,,,,,,,,,,,,,,,,
40713,-4.0,,,,,,,,,,,,,,,,,,
40718,-5.0,,,,,,,,,,,,,,,,,,
40719,-4.0,,,,,,,,,,,,,,,,,,
40728,-4.0,,,,,,,,,,,,,,,,,,
40730,-4.0,,,,,,,,,,,,,,,,,,
40731,-4.0,,,,,,,,,,,,,,,,,,
40736,-4.0,,,,,,,,,,,,,,,,,,
40737,-4.0,,,,,,,,,,,,,,,,,,
40742,-4.0,,,,,,,,,,,,,,,,,,
40743,-4.0,,,,,,,,,,,,,,,,,,
40746,-4.0,,,,,,,,,,,,,,,,,,
40752,-4.0,,,,,,,,,,,,,,,,,,
40753,-4.0,,,,,,,,,,,,,,,,,,
40758,-4.0,,,,,,,,,,,,,,,,,,
40760,-4.0,,,,,,,,,,,,,,,,,,
40761,-5.0,,,,,,,,,,,,,,,,,,
40776,-4.0,,,,,,,,,,,,,,,,,,
40777,-5.0,,,,,,,,,,,,,,,,,,
40779,-4.0,,,,,,,,,,,,,,,,,,
40786,-4.0,,,,,,,,,,,,,,,,,,
40791,-4.0,,,,,,,,,,,,,,,,,,
40800,-4.0,,,,,,,,,,,,,,,,,,
40813,-4.0,,,,,,,,,,,,,,,,,,
40816,-4.0,,,,,,,,,,,,,,,,,,
40817,-4.0,,,,,,,,,,,,,,,,,,
40818,-4.0,,,,,,,,,,,,,,,,,,
40835,-4.0,,,,,,,,,,,,,,,,,,
40836,-4.0,,,,,,,,,,,,,,,,,,
40837,-4.0,,,,,,,,,,,,,,,,,,
40841,-5.0,,,,,,,,,,,,,,,,,,
40843,-5.0,,,,,,,,,,,,,,,,,,
40845,-7.0,,,,,,,,,,,,,,,,,,
40846,-4.0,,,,,,,,,,,,,,,,,,
40850,-4.0,,,,,,,,,,,,,,,,,,
40858,-5.0,,,,,,,,,,,,,,,,,,
40861,-4.0,,,,,,,,,,,,,,,,,,
40866,-4.0,,,,,,,,,,,,,,,,,,
40869,-5.0,,,,,,,,,,,,,,,,,,
40870,-4.0,,,,,,,,,,,,,,,,,,
40872,-4.0,,,,,,,,,,,,,,,,,,
40878,-4.0,,,,,,,,,,,,,,,,,,
40884,-5.0,,,,,,,,,,,,,,,,,,
40897,-4.0,,,,,,,,,,,,,,,,,,
40900,-4.0,,,,,,,,,,,,,,,,,,
40903,-4.0,,,,,,,,,,,,,,,,,,
40908,-4.0,,,,,,,,,,,,,,,,,,
40909,-4.0,,,,,,,,,,,,,,,,,,
40910,-4.0,,,,,,,,,,,,,,,,,,
40911,-4.0,,,,,,,,,,,,,,,,,,
40915,-5.0,,,,,,,,,,,,,,,,,,
40918,-4.0,,,,,,,,,,,,,,,,,,
40922,-4.0,,,,,,,,,,,,,,,,,,
40925,-5.0,,,,,,,,,,,,,,,,,,
40926,-4.0,,,,,,,,,,,,,,,,,,
40928,-4.0,,,,,,,,,,,,,,,,,,
40932,-4.0,,,,,,,,,,,,,,,,,,
40934,-4.0,,,,,,,,,,,,,,,,,,
40936,-4.0,,,,,,,,,,,,,,,,,,
40937,-5.0,,,,,,,,,,,,,,,,,,
40939,-4.0,,,,,,,,,,,,,,,,,,
40969,-4.0,,,,,,,,,,,,,,,,,,
40970,-4.0,,,,,,,,,,,,,,,,,,
40981,-4.0,,,,,,,,,,,,,,,,,,
40982,-4.0,,,,,,,,,,,,,,,,,,
41007,-5.0,,,,,,,,,,,,,,,,,,
41009,-4.0,,,,,,,,,,,,,,,,,,
41011,-4.0,,,,,,,,,,,,,,,,,,
41024,-4.0,,,,,,,,,,,,,,,,,,
41028,-5.0,,,,,,,,,,,,,,,,,,
41035,-4.0,,,,,,,,,,,,,,,,,,
41037,-4.0,,,,,,,,,,,,,,,,,,
41039,-5.0,,,,,,,,,,,,,,,,,,
41047,-4.0,,,,,,,,,,,,,,,,,,
41059,-5.0,,,,,,,,,,,,,,,,,,
41072,-5.0,,,,,,,,,,,,,,,,,,
41083,-5.0,,,,,,,,,,,,,,,,,,
41084,-4.0,,,,,,,,,,,,,,,,,,
41087,-4.0,,,,,,,,,,,,,,,,,,
41093,-5.0,,,,,,,,,,,,,,,,,,
41094,-5.0,,,,,,,,,,,,,,,,,,
41101,-4.0,,,,,,,,,,,,,,,,,,
41102,-5.0,,,,,,,,,,,,,,,,,,
41105,-4.0,,,,,,,,,,,,,,,,,,
41107,-4.0,,,,,,,,,,,,,,,,,,
41115,-4.0,,,,,,,,,,,,,,,,,,
41134,-4.0,,,,,,,,,,,,,,,,,,
41138,-5.0,,,,,,,,,,,,,,,,,,
41139,-4.0,,,,,,,,,,,,,,,,,,
41140,-5.0,,,,,,,,,,,,,,,,,,
41145,-4.0,,,,,,,,,,,,,,,,,,
41147,-4.0,,,,,,,,,,,,,,,,,,
41149,-5.0,,,,,,,,,,,,,,,,,,
41163,-4.0,,,,,,,,,,,,,,,,,,
41164,-5.0,,,,,,,,,,,,,,,,,,
41172,-5.0,,,,,,,,,,,,,,,,,,
41173,-4.0,,,,,,,,,,,,,,,,,,
41174,-4.0,,,,,,,,,,,,,,,,,,
41183,-4.0,,,,,,,,,,,,,,,,,,
41185,-4.0,,,,,,,,,,,,,,,,,,
41187,-4.0,,,,,,,,,,,,,,,,,,
41188,-4.0,,,,,,,,,,,,,,,,,,
41190,-4.0,,,,,,,,,,,,,,,,,,
41202,-4.0,,,,,,,,,,,,,,,,,,
41203,-5.0,,,,,,,,,,,,,,,,,,
41204,-5.0,,,,,,,,,,,,,,,,,,
41208,-5.0,,,,,,,,,,,,,,,,,,
41210,-4.0,,,,,,,,,,,,,,,,,,
41212,-5.0,,,,,,,,,,,,,,,,,,
41215,-5.0,,,,,,,,,,,,,,,,,,
41216,-5.0,,,,,,,,,,,,,,,,,,
41218,-5.0,,,,,,,,,,,,,,,,,,
41220,-4.0,,,,,,,,,,,,,,,,,,
41221,-4.0,,,,,,,,,,,,,,,,,,
41222,-5.0,,,,,,,,,,,,,,,,,,
41223,-4.0,,,,,,,,,,,,,,,,,,
41228,-4.0,,,,,,,,,,,,,,,,,,
41229,-5.0,,,,,,,,,,,,,,,,,,
41241,-5.0,,,,,,,,,,,,,,,,,,
41243,-5.0,,,,,,,,,,,,,,,,,,
41251,-5.0,,,,,,,,,,,,,,,,,,
41257,-5.0,,,,,,,,,,,,,,,,,,
41259,-4.0,,,,,,,,,,,,,,,,,,
41260,-5.0,,,,,,,,,,,,,,,,,,
41262,-5.0,,,,,,,,,,,,,,,,,,
41269,-5.0,,,,,,,,,,,,,,,,,,
41275,-5.0,,,,,,,,,,,,,,,,,,
41279,-4.0,,,,,,,,,,,,,,,,,,
41280,-4.0,,,,,,,,,,,,,,,,,,
41281,-4.0,,,,,,,,,,,,,,,,,,
41289,-4.0,,,,,,,,,,,,,,,,,,
41293,-4.0,,,,,,,,,,,,,,,,,,
41294,-4.0,,,,,,,,,,,,,,,,,,
41302,-4.0,,,,,,,,,,,,,,,,,,
41303,-4.0,,,,,,,,,,,,,,,,,,
41310,-4.0,,,,,,,,,,,,,,,,,,
41314,-4.0,,,,,,,,,,,,,,,,,,
41316,-5.0,,,,,,,,,,,,,,,,,,
41318,-5.0,,,,,,,,,,,,,,,,,,
41324,-4.0,,,,,,,,,,,,,,,,,,
41325,-5.0,,,,,,,,,,,,,,,,,,
41326,-4.0,,,,,,,,,,,,,,,,,,
41328,-4.0,,,,,,,,,,,,,,,,,,
41335,-4.0,,,,,,,,,,,,,,,,,,
41336,-4.0,,,,,,,,,,,,,,,,,,
41338,-4.0,,,,,,,,,,,,,,,,,,
41339,-4.0,,,,,,,,,,,,,,,,,,
41340,-4.0,,,,,,,,,,,,,,,,,,
41342,-4.0,,,,,,,,,,,,,,,,,,
41346,-4.0,,,,,,,,,,,,,,,,,,
41351,-4.0,,,,,,,,,,,,,,,,,,
41363,-5.0,,,,,,,,,,,,,,,,,,
41365,-4.0,,,,,,,,,,,,,,,,,,
41369,-4.0,,,,,,,,,,,,,,,,,,
41375,-4.0,,,,,,,,,,,,,,,,,,
41378,-4.0,,,,,,,,,,,,,,,,,,
41380,-5.0,,,,,,,,,,,,,,,,,,
41383,-4.0,,,,,,,,,,,,,,,,,,
41384,-4.0,,,,,,,,,,,,,,,,,,
41385,-5.0,,,,,,,,,,,,,,,,,,
41386,-4.0,,,,,,,,,,,,,,,,,,
41398,-4.0,,,,,,,,,,,,,,,,,,
41403,-4.0,,,,,,,,,,,,,,,,,,
41404,-5.0,,,,,,,,,,,,,,,,,,
41413,-4.0,,,,,,,,,,,,,,,,,,
41416,-4.0,,,,,,,,,,,,,,,,,,
41419,-4.0,,,,,,,,,,,,,,,,,,
41420,-5.0,,,,,,,,,,,,,,,,,,
41427,-4.0,,,,,,,,,,,,,,,,,,
41432,-4.0,,,,,,,,,,,,,,,,,,
41435,-4.0,,,,,,,,,,,,,,,,,,
41438,-4.0,,,,,,,,,,,,,,,,,,
41441,-4.0,,,,,,,,,,,,,,,,,,
41448,-5.0,,,,,,,,,,,,,,,,,,
41449,-4.0,,,,,,,,,,,,,,,,,,
41453,-4.0,,,,,,,,,,,,,,,,,,
41456,-5.0,,,,,,,,,,,,,,,,,,
41460,-4.0,,,,,,,,,,,,,,,,,,
41472,-5.0,,,,,,,,,,,,,,,,,,
41475,-5.0,,,,,,,,,,,,,,,,,,
41490,-4.0,,,,,,,,,,,,,,,,,,
41494,-4.0,,,,,,,,,,,,,,,,,,
41500,-4.0,,,,,,,,,,,,,,,,,,
41503,-5.0,,,,,,,,,,,,,,,,,,
41505,-5.0,,,,,,,,,,,,,,,,,,
41510,-5.0,,,,,,,,,,,,,,,,,,
41513,-4.0,,,,,,,,,,,,,,,,,,
41517,-5.0,,,,,,,,,,,,,,,,,,
41519,-4.0,,,,,,,,,,,,,,,,,,
41532,-5.0,,,,,,,,,,,,,,,,,,
41536,-5.0,,,,,,,,,,,,,,,,,,
41540,-4.0,,,,,,,,,,,,,,,,,,
41541,-4.0,,,,,,,,,,,,,,,,,,
41545,-4.0,,,,,,,,,,,,,,,,,,
41547,-4.0,,,,,,,,,,,,,,,,,,
41550,-4.0,,,,,,,,,,,,,,,,,,
41552,-4.0,,,,,,,,,,,,,,,,,,
41555,-4.0,,,,,,,,,,,,,,,,,,
41556,-5.0,,,,,,,,,,,,,,,,,,
41560,-4.0,,,,,,,,,,,,,,,,,,
41563,-4.0,,,,,,,,,,,,,,,,,,
41565,-5.0,,,,,,,,,,,,,,,,,,
41569,-4.0,,,,,,,,,,,,,,,,,,
41576,-4.0,,,,,,,,,,,,,,,,,,
41588,-4.0,,,,,,,,,,,,,,,,,,
41591,-4.0,,,,,,,,,,,,,,,,,,
41597,-4.0,,,,,,,,,,,,,,,,,,
41600,-4.0,,,,,,,,,,,,,,,,,,
41603,-4.0,,,,,,,,,,,,,,,,,,
41610,-4.0,,,,,,,,,,,,,,,,,,
41622,-4.0,,,,,,,,,,,,,,,,,,
41629,-4.0,,,,,,,,,,,,,,,,,,
41635,-4.0,,,,,,,,,,,,,,,,,,
41638,-4.0,,,,,,,,,,,,,,,,,,
41641,-4.0,,,,,,,,,,,,,,,,,,
41644,-5.0,,,,,,,,,,,,,,,,,,
41651,-5.0,,,,,,,,,,,,,,,,,,
41653,-4.0,,,,,,,,,,,,,,,,,,
41655,-4.0,,,,,,,,,,,,,,,,,,
41671,-4.0,,,,,,,,,,,,,,,,,,
41676,-4.0,,,,,,,,,,,,,,,,,,
41684,-4.0,,,,,,,,,,,,,,,,,,
41685,-4.0,,,,,,,,,,,,,,,,,,
41687,-5.0,,,,,,,,,,,,,,,,,,
41688,-5.0,,,,,,,,,,,,,,,,,,
41699,-4.0,,,,,,,,,,,,,,,,,,
41700,-4.0,,,,,,,0.0001436428865417838,3.4009437968052225e-06,0.004699064418673515,0.0005973935476504266,0.04385233297944069,0.006537363398820162,0.0017786072567105293,2.092100476147607e-05,0.0002842719841282815,3.139460750389844e-05,0.003228990826755762,0.00040619634091854095
41701,-4.0,,,,,,,,,,,,,,,,,,
41704,-5.0,,,,,,,,,,,,,,,,,,
41707,-5.0,,,,,,,,,,,,,,,,,,
41712,-4.0,,,,,,,,,,,,,,,,,,
41719,-4.0,,,,,,,,,,,,,,,,,,
41727,-5.0,,,,,,,,,,,,,,,,,,
41728,-5.0,,,,,,,,,,,,,,,,,,
41733,-4.0,,,,,,,,,,,,,,,,,,
41748,-4.0,,,,,,,,,,,,,,,,,,
41749,-4.0,,,,,,,,,,,,,,,,,,
41754,-4.0,,,,,,,,,,,,,,,,,,
41756,-4.0,,,,,,,,,,,,,,,,,,
41763,-4.0,,,,,,,,,,,,,,,,,,
41765,-5.0,,,,,,,,,,,,,,,,,,
41766,-4.0,,,,,,,,,,,,,,,,,,
41768,-5.0,,,,,,,,,,,,,,,,,,
41771,-5.0,,,,,,,,,,,,,,,,,,
41773,-4.0,,,,,,,,,,,,,,,,,,
41779,-5.0,,,,,,,,,,,,,,,,,,
41780,-4.0,,,,,,,0.0001436428865417838,3.4009437968052225e-06,0.004699064418673515,0.0005973935476504266,0.04385233297944069,0.006537363398820162,0.0017786072567105293,2.092100476147607e-05,0.0002842719841282815,3.139460750389844e-05,0.003228990826755762,0.00040619634091854095
41783,-4.0,,,,,,,,,,,,,,,,,,
41785,-5.0,,,,,,,,,,,,,,,,,,
41786,-4.0,,,,,,,,,,,,,,,,,,
41787,-5.0,,,,,,,,,,,,,,,,,,
41788,-4.0,,,,,,,,,,,,,,,,,,
41789,-4.0,,,,,,,,,,,,,,,,,,
41793,-4.0,,,,,,,,,,,,,,,,,,
41794,-4.0,,,,,,,,,,,,,,,,,,
41796,-5.0,,,,,,,,,,,,,,,,,,
41797,-5.0,,,,,,,,,,,,,,,,,,
41811,-4.0,,,,,,,,,,,,,,,,,,
41812,-4.0,,,,,,,,,,,,,,,,,,
41816,-4.0,,,,,,,,,,,,,,,,,,
41822,-4.0,,,,,,,,,,,,,,,,,,
41824,-4.0,,,,,,,,,,,,,,,,,,
41825,-5.0,,,,,,,,,,,,,,,,,,
41827,-5.0,,,,,,,,,,,,,,,,,,
41828,-5.0,,,,,,,,,,,,,,,,,,
41838,-4.0,,,,,,,,,,,,,,,,,,
41839,-5.0,,,,,,,,,,,,,,,,,,
41846,-4.0,,,,,,,,,,,,,,,,,,
41851,-4.0,,,,,,,,,,,,,,,,,,
41852,-4.0,,,,,,,,,,,,,,,,,,
41861,-5.0,,,,,,,,,,,,,,,,,,
41863,-4.0,,,,,,,,,,,,,,,,,,
41871,-4.0,,,,,,,,,,,,,,,,,,
41873,-5.0,,,,,,,,,,,,,,,,,,
41874,-5.0,,,,,,,,,,,,,,,,,,
41878,-4.0,,,,,,,,,,,,,,,,,,
41887,-4.0,,,,,,,,,,,,,,,,,,
41889,-5.0,,,,,,,,,,,,,,,,,,
41891,-4.0,,,,,,,,,,,,,,,,,,
41896,-5.0,,,,,,,,,,,,,,,,,,
41907,-5.0,,,,,,,,,,,,,,,,,,
41914,-4.0,,,,,,,,,,,,,,,,,,
41915,-4.0,,,,,,,,,,,,,,,,,,
41926,-4.0,,,,,,,,,,,,,,,,,,
41930,-5.0,,,,,,,,,,,,,,,,,,
41934,-5.0,,,,,,,,,,,,,,,,,,
41937,-4.0,,,,,,,,,,,,,,,,,,
41938,-5.0,,,,,,,,,,,,,,,,,,
41939,-4.0,,,,,,,,,,,,,,,,,,
41948,-5.0,,,,,,,,,,,,,,,,,,
41952,-4.0,,,,,,,,,,,,,,,,,,
41955,-5.0,,,,,,,,,,,,,,,,,,
41956,-4.0,,,,,,,,,,,,,,,,,,
41957,-5.0,,,,,,,,,,,,,,,,,,
41961,-7.0,,,,,,,,,,,,,,,,,,
41963,-4.0,,,,,,,,,,,,,,,,,,
41967,-5.0,,,,,,,,,,,,,,,,,,
0,,0.4496563971042633,-0.025240980088710785,0.4981263279914856,2.3228988647460938,0.020106438547372818,0.3140000104904175,0.03398067504167557,0.0004060807987116277,0.08027201145887375,0.012134517543017864,0.12277070432901382,0.031358543783426285,0.04844120889902115,0.00011872739560203627,0.02089742384850979,0.002652483293786645,0.03736623004078865,0.008603857830166817
1,,0.4458755850791931,-0.02987673319876194,0.4987872242927551,2.303494691848755,0.020346520468592644,0.1965000033378601,0.08688614517450333,0.0004025650559924543,0.05941736325621605,0.006583566311746836,0.08760635554790497,0.016240037977695465,0.026596346870064735,6.83569596731104e-05,0.022368663921952248,0.002564558293670416,0.0387292318046093,0.008439034223556519
2,,0.392587810754776,-0.08778290450572968,0.5032289624214172,2.285827159881592,0.021630462259054184,0.2835000157356262,0.0468975193798542,0.0003816306125372648,0.0648503229022026,0.010557481087744236,0.096333347260952,0.027604248374700546,0.053527362644672394,0.0004211765481159091,0.16662105917930603,0.020081885159015656,0.32146260142326355,0.06922446191310883
3,,0.42456936836242676,-0.050573140382766724,0.497885525226593,2.2743048667907715,0.019337156787514687,0.2665000259876251,0.09305931627750397,0.00039230927359312773,0.06617753952741623,0.0080743208527565,0.09632399678230286,0.02049492485821247,0.10761173814535141,0.0004803482734132558,0.06445159018039703,0.008513114415109158,0.12792569398880005,0.03001692332327366
4,,0.40643569827079773,-0.07139826565980911,0.5004377365112305,2.2603795528411865,0.016237329691648483,0.2695000171661377,0.12273673713207245,0.0004941588267683983,0.07731101661920547,0.011103074066340923,0.10976868867874146,0.028505761176347733,0.07834917306900024,0.00021694818860851228,0.11576706171035767,0.015451055020093918,0.2399989515542984,0.05577391758561134
5,,0.417463093996048,-0.0596354641020298,0.49942895770072937,2.2330403327941895,0.01721123792231083,0.27300000190734863,0.07527369260787964,0.0003437387349549681,0.05622195079922676,0.0086439223960042,0.08375158905982971,0.021936457604169846,0.07614795863628387,0.0002273670252179727,0.08078531175851822,0.011175017803907394,0.1766602247953415,0.04162255674600601
7,,0.4188734292984009,-0.05509348586201668,0.49569112062454224,2.172424793243408,0.02065124921500683,0.359000027179718,0.1991281658411026,0.0005257587181404233,0.0708017647266388,0.006285854149609804,0.11745871603488922,0.019022975116968155,0.17012226581573486,0.00045091132051311433,0.06928475946187973,0.0098401615396142,0.15761062502861023,0.03835313767194748
9,,0.4254398047924042,-0.051742129027843475,0.4985920786857605,2.1410152912139893,0.013642149046063423,0.1770000010728836,0.09106642007827759,0.0006422342848964036,0.05955503508448601,0.007223078515380621,0.08274199068546295,0.017669063061475754,0.0836118757724762,0.0003634557651821524,0.057461269199848175,0.008041533641517162,0.1444658488035202,0.03383711725473404
10,,0.4673658311367035,-0.009455014020204544,0.49777278304100037,2.09519624710083,0.018317319452762604,0.26200002431869507,0.05338727682828903,0.0002322703949175775,0.04298112541437149,0.006024288944900036,0.09663335978984833,0.021339597180485725,0.06337607651948929,0.00015847687609493732,0.017720650881528854,0.0023903604596853256,0.0449349582195282,0.010203370824456215
11,,0.5193557143211365,0.03896350786089897,0.5007861852645874,2.0394015312194824,0.010979770682752132,0.3710000216960907,0.09194257855415344,0.0007876497693359852,0.11588135361671448,0.01744142360985279,0.21881689131259918,0.04989880323410034,0.041772402822971344,0.0001726426708046347,0.09017641097307205,0.01281814370304346,0.2413940578699112,0.056606315076351166
12,,0.5094875693321228,0.030177369713783264,0.4994525611400604,2.014235734939575,0.025087062269449234,0.39400002360343933,0.09873878955841064,0.000654466450214386,0.06614400446414948,0.009679282084107399,0.14335639774799347,0.030309591442346573,0.11321435123682022,0.0004524399701040238,0.08313275128602982,0.010773027315735817,0.24079129099845886,0.05165979266166687
13,,0.49036404490470886,0.011488518677651882,0.49899497628211975,2.011949300765991,0.01584412157535553,0.28950002789497375,0.07228013873100281,0.0004378239973448217,0.04926450178027153,0.006717359647154808,0.0975588858127594,0.02130144089460373,0.05571935698390007,0.00017129020125139505,0.04479031264781952,0.006746443919837475,0.1281566619873047,0.03134840726852417
14,,0.48715823888778687,0.007937478832900524,0.4988372325897217,1.9616491794586182,0.014455732889473438,0.27950000762939453,0.06916042417287827,0.00046544146607629955,0.0863678827881813,0.015577469021081924,0.19125264883041382,0.04844900965690613,0.052820976823568344,0.00023270159726962447,0.07350876182317734,0.004684495739638805,0.20847439765930176,0.024151597172021866
15,,0.5217724442481995,0.04197099059820175,0.49944791197776794,1.964646816253662,0.01661493070423603,0.3685000240802765,0.12212324887514114,0.0008824900723993778,0.07366017252206802,0.011339460499584675,0.16005147993564606,0.03605003282427788,0.07840363681316376,0.0003799718397203833,0.06873812526464462,0.012333715334534645,0.20692996680736542,0.0593033991754055
18,,0.5013335943222046,0.02061234414577484,0.49843642115592957,1.7715188264846802,0.020656384527683258,0.25450000166893005,0.036200203001499176,0.00021496269619092345,0.06428155303001404,0.007292713969945908,0.12078075110912323,0.023574264720082283,0.10667813569307327,0.00022538230405189097,0.04132111743092537,0.006820316426455975,0.14437799155712128,0.037437498569488525
19,,0.5109332203865051,0.030105428770184517,0.4983954131603241,1.7567650079727173,0.018984336405992508,0.2200000137090683,0.07982978969812393,0.0004655525553971529,0.08093922585248947,0.00809216033667326,0.11905357241630554,0.019633380696177483,0.05009809136390686,0.00021746681886725128,0.046902574598789215,0.008916184306144714,0.15093602240085602,0.046396903693675995
20,,0.49282386898994446,0.012345263734459877,0.49749019742012024,1.7011617422103882,0.01861848123371601,0.20400001108646393,0.11678928136825562,0.0008324976661242545,0.04405982047319412,0.005569067317992449,0.0770830512046814,0.014082780107855797,0.09994448721408844,0.00021320641099009663,0.04034361243247986,0.004068904556334019,0.15369239449501038,0.027621975168585777
21,,0.4795694053173065,-0.001960041234269738,0.4981083571910858,1.6578898429870605,0.011518487706780434,0.1730000078678131,0.039114922285079956,0.0009004725143313408,0.07000547647476196,0.005390938837081194,0.11479493975639343,0.011258091777563095,0.0394095703959465,0.00012153328134445474,0.011355778202414513,0.002047882415354252,0.023632794618606567,0.008548175916075706
25,,0.5274174213409424,0.04366442933678627,0.4987179934978485,1.49649977684021,0.0073112137615680695,0.13450001180171967,0.06150444224476814,0.0004407985252328217,0.06026352196931839,0.00800380576401949,0.14899367094039917,0.03015431948006153,0.07293613255023956,0.0004820730537176132,0.04509393498301506,0.007687786128371954,0.18949078023433685,0.05119983106851578
26,,0.45999008417129517,-0.022408276796340942,0.4970567226409912,1.4658377170562744,0.0102461539208889,0.2200000137090683,0.22179143130779266,0.0007979446090757847,0.0895133838057518,0.01092443335801363,0.17472849786281586,0.03050256334245205,0.17320996522903442,0.0003711472963914275,0.017880307510495186,0.002248963573947549,0.07403471320867538,0.013493833132088184
27,,0.4387718737125397,-0.044833648949861526,0.49769455194473267,1.4089062213897705,0.01212382037192583,0.14000000059604645,0.15213437378406525,0.0011759621556848288,0.08696925640106201,0.011234395205974579,0.18443652987480164,0.035309355705976486,0.04261746630072594,0.00034825486363843083,0.02979562059044838,0.0058042025193572044,0.11138854920864105,0.036879926919937134
28,,0.43664470314979553,-0.04881000891327858,0.49879714846611023,1.334247350692749,0.013688032515347004,0.18550001084804535,0.11173982918262482,0.0011286608641967177,0.07164989411830902,0.010638820938766003,0.1427099108695984,0.025455940514802933,0.07661247253417969,0.0004830215184483677,0.038317784667015076,0.004555766470730305,0.1860281080007553,0.03836870938539505
30,,0.4264388680458069,-0.0597732849419117,0.4987384080886841,1.2526293992996216,0.018524212762713432,0.4035000205039978,0.06728255748748779,0.0009927517967298627,0.12250269204378128,0.019181640818715096,0.28597021102905273,0.05142130330204964,0.07028912007808685,0.0005491271149367094,0.03577003628015518,0.00620283093303442,0.175892174243927,0.04784355312585831
32,,0.46371597051620483,-0.022051099687814713,0.4980180859565735,1.2251043319702148,0.01286508608609438,0.26600000262260437,0.1041048988699913,0.0008228931692428887,0.09143690764904022,0.013392872177064419,0.22990316152572632,0.045227859169244766,0.025204341858625412,0.00021115982963237911,0.00979178212583065,0.0017891173483803868,0.05256255716085434,0.01481240801513195
33,,0.45610475540161133,-0.030534829944372177,0.4983969032764435,1.1757352352142334,0.010731663554906845,0.16350001096725464,0.09757783263921738,0.0007956495974212885,0.034774262458086014,0.003390625352039933,0.06387978047132492,0.00845387950539589,0.041498199105262756,0.0002260155015392229,0.016662223264575005,0.0022328225895762444,0.08250638842582703,0.019057774916291237
34,,0.4599791467189789,-0.026816476136446,0.4981807470321655,1.1385114192962646,0.006458318326622248,0.0820000022649765,0.033506445586681366,0.0003284797421656549,0.02556510455906391,0.0023936002980917692,0.07133501768112183,0.009917324408888817,0.007908899337053299,6.359212420647964e-05,0.012031234800815582,0.0020579316187649965,0.0404072068631649,0.013352788053452969
35,,0.5190830230712891,0.03162102401256561,0.498503178358078,1.1041179895401,0.01231140736490488,0.22300000488758087,0.1684214025735855,0.0013681375421583652,0.06139989197254181,0.00899113342165947,0.13618716597557068,0.023452330380678177,0.028865531086921692,0.00024709163699299097,0.02331726625561714,0.004012620076537132,0.15411494672298431,0.03983532637357712
36,,0.5979575514793396,0.10304030030965805,0.5056247711181641,1.0707602500915527,0.008272822946310043,0.1315000057220459,0.10815881192684174,0.0009266716660931706,0.04971174895763397,0.0061531709507107735,0.10248329490423203,0.018670979887247086,0.13388480246067047,0.0009350395994260907,0.06478479504585266,0.010717312805354595,0.4418787360191345,0.10955484956502914
37,,0.47452837228775024,-0.012139592319726944,0.49718764424324036,1.0519704818725586,0.011777183040976524,0.15850000083446503,0.04535159468650818,0.0004557233187370002,0.04637480527162552,0.00569400517269969,0.12802770733833313,0.023209523409605026,0.025683501735329628,5.978972330922261e-05,0.003288386855274439,0.00038467469858005643,0.020320950075984,0.003936784341931343
39,,0.4646449089050293,-0.022686302661895752,0.49691149592399597,0.9580281376838684,0.011543824337422848,0.15900000929832458,0.025456257164478302,0.0002452000917401165,0.032016508281230927,0.0038160926196724176,0.08145887404680252,0.012527300044894218,0.010094236582517624,7.783903856761754e-05,0.00849909707903862,0.0007065528188832104,0.0566786453127861,0.009509043768048286
41,,0.4573485553264618,-0.0317515954375267,0.49838775396347046,0.9287616610527039,0.01091005653142929,0.18300001323223114,0.012605218216776848,0.0001345801865682006,0.043573737144470215,0.00561412563547492,0.12468573451042175,0.019609179347753525,0.03398939594626427,0.00026943490956909955,0.017349911853671074,0.002257848158478737,0.11885323375463486,0.026067912578582764
42,,0.45147445797920227,-0.037286385893821716,0.49833500385284424,0.9574203491210938,0.006174779962748289,0.05350000411272049,0.015773862600326538,0.0002544809249229729,0.04878876730799675,0.006807367317378521,0.10824719816446304,0.01787642389535904,0.04133819043636322,0.0003584102087188512,0.018114538863301277,0.0025873451959341764,0.13183797895908356,0.03050537034869194
44,,0.44980013370513916,-0.03953796997666359,0.49812552332878113,0.8787422776222229,0.0029647545889019966,0.07800000160932541,0.00519653782248497,3.504550477373414e-05,0.023956021293997765,0.00394758116453886,0.07770931720733643,0.010649074800312519,0.06306348741054535,0.0005555346142500639,0.017506273463368416,0.00283067231066525,0.12711898982524872,0.03220771625638008
45,,0.47736024856567383,-0.0116345826536417,0.4976540803909302,0.8659247756004333,0.010772162117064,0.17900000512599945,0.009230648167431355,9.321376273874193e-05,0.0499926432967186,0.005531339440494776,0.10897459834814072,0.015107098035514355,0.008594173938035965,0.00012585596414282918,0.0026487393770366907,0.0004357517755124718,0.016579698771238327,0.004815086722373962
46,,0.4614390432834625,-0.028448428958654404,0.49798884987831116,0.8101400136947632,0.011905575171113014,0.13750000298023224,0.06083127483725548,0.000507319753523916,0.020505283027887344,0.002527461387217045,0.0777946263551712,0.010684549808502197,0.02840588428080082,0.0002340662613278255,0.010552028194069862,0.0018880863208323717,0.0778345987200737,0.021638210862874985
47,,0.4667842984199524,-0.023363567888736725,0.4981539845466614,0.8006152510643005,0.00781289767473936,0.11600000411272049,0.06967967748641968,0.0005364578682929277,0.04717747122049332,0.006480815354734659,0.14509935677051544,0.021123718470335007,0.05071614682674408,0.00041956972563639283,0.01253751665353775,0.0015332413604483008,0.10056611150503159,0.02123563550412655
48,,0.45243653655052185,-0.03773811087012291,0.4981185495853424,0.7943937182426453,0.011335981078445911,0.10250000655651093,0.012410901486873627,0.00013052178837824613,0.03491183742880821,0.0035729617811739445,0.10337921231985092,0.01450783759355545,0.04237876832485199,0.00036402008845470846,0.016400238499045372,0.0025535135064274073,0.12101241946220398,0.030158910900354385
49,,0.4444720149040222,-0.04548920318484306,0.49773454666137695,0.7773392796516418,0.0059102182276546955,0.06050000339746475,0.1159512922167778,0.0006212239968590438,0.04012662172317505,0.005224204622209072,0.13029718399047852,0.020295698195695877,0.08539051562547684,0.0006551893893629313,0.02360251545906067,0.003690616926178336,0.16360171139240265,0.04140381142497063
51,,0.4923158288002014,0.0011930809123441577,0.4984818994998932,0.7359194755554199,0.006201656069606543,0.11600000411272049,0.005035725887864828,4.827732118428685e-05,0.01818620041012764,0.0018838283140212297,0.08742634207010269,0.010471858084201813,0.0019857704173773527,1.7378037227899767e-05,0.003804633626714349,0.0007114676991477609,0.02534889243543148,0.007982641458511353
54,,0.5124563574790955,0.021538279950618744,0.49853065609931946,0.7612553238868713,0.006845560856163502,0.1145000085234642,0.025166379287838936,0.00014636915875598788,0.05868078023195267,0.009628059342503548,0.21215426921844482,0.0342966690659523,0.027952583506703377,0.00021396247029770166,0.009652703069150448,0.0015058150747790933,0.08659268915653229,0.02145448885858059
55,,0.48323115706443787,-0.007983371615409851,0.4981699585914612,0.6955471634864807,0.008730054832994938,0.1705000102519989,0.0021216324530541897,1.913923551910557e-05,0.04077925160527229,0.005045269150286913,0.12470497936010361,0.020325439050793648,0.005341374780982733,1.3385083548200782e-05,0.0011449503945186734,0.0001070162543328479,0.008850794285535812,0.0004848651587963104
56,,0.486113041639328,-0.005710245575755835,0.49848583340644836,0.6662592887878418,0.004022040870040655,0.07400000095367432,0.003972698003053665,3.342329728184268e-05,0.01836845465004444,0.0021492401137948036,0.05245334282517433,0.007568519562482834,0.0015393919311463833,1.5946347048156895e-05,0.00039579314761795104,4.417041418491863e-05,0.00203728093765676,0.0001543266698718071
58,,0.4839192032814026,-0.007868276908993721,0.4983883202075958,0.6600845456123352,0.003307008882984519,0.055000003427267075,0.0005423313123174012,4.7501616791123524e-06,0.03282070904970169,0.0040364651940763,0.11089779436588287,0.01798333041369915,0.0016162000829353929,2.099148514389526e-05,0.0008021225803531706,0.00011436362547101453,0.012649180367588997,0.0025755688548088074
59,,0.45127400755882263,-0.04124504327774048,0.4990134537220001,0.6494447588920593,0.0049651931039988995,0.07300000637769699,0.026237476617097855,0.00023093305935617536,0.029414920136332512,0.0034805000759661198,0.07998120039701462,0.009141693823039532,0.06170310452580452,0.00013729116471949965,0.011752869933843613,0.002013575751334429,0.16280145943164825,0.03671511262655258
60,,0.4831978976726532,-0.009161708876490593,0.4987456798553467,0.6386116147041321,0.006749666761606932,0.07900000363588333,0.004448384046554565,3.786760498769581e-05,0.01475907675921917,0.0019463002681732178,0.054392777383327484,0.00837361067533493,0.002060095313936472,8.123340194288176e-06,0.0012158185709267855,0.00018245220417156816,0.014210435561835766,0.0030981749296188354
61,,0.5101190209388733,0.017595162615180016,0.4983345568180084,0.5810677409172058,0.009827625937759876,0.13750000298023224,0.03714258596301079,0.0003477327118162066,0.03022550791501999,0.003906783182173967,0.09393609315156937,0.012392925098538399,0.027262987568974495,0.00010101844236487523,0.00812083762139082,0.0012283537071198225,0.10498730838298798,0.02329215034842491
62,,0.49905329942703247,0.006567490752786398,0.49822792410850525,0.5742163062095642,0.007613836787641048,0.05450000241398811,0.008951572701334953,8.128311310429126e-05,0.022129548713564873,0.002431050641462207,0.044315263628959656,0.005150392185896635,0.003936867229640484,4.028601688332856e-05,0.0037870958913117647,0.0007104618707671762,0.04576882719993591,0.012110000476241112
63,,0.5056558847427368,0.012872404418885708,0.4984627962112427,0.5679380297660828,0.002075956901535392,0.04200000315904617,0.024084731936454773,0.00019386329222470522,0.01966569386422634,0.0021418090909719467,0.07976578921079636,0.011389607563614845,0.006184880156069994,5.699760004063137e-05,0.00492350198328495,0.0008995707030408084,0.06395640224218369,0.016375314444303513
64,,0.5012016892433167,0.007613238878548145,0.4988761842250824,0.5287765860557556,0.002502009505406022,0.05650000274181366,0.023006554692983627,0.00019217084627598524,0.006908661685883999,0.0008067383896559477,0.023360729217529297,0.002838500076904893,0.01374682318419218,6.718181975884363e-05,0.005240984261035919,0.00044886808609589934,0.08120780438184738,0.013680811040103436
65,,0.5019466876983643,0.008985321037471294,0.49813133478164673,0.5170004963874817,0.005129904020577669,0.036000002175569534,0.00564387533813715,5.305029117153026e-05,0.010084412060678005,0.0015092630637809634,0.0312962532043457,0.0041794138960540295,0.0014707976952195168,1.4394735444511753e-05,0.0046799699775874615,0.0005926768644712865,0.05918985605239868,0.012634973973035812
66,,0.5130012631416321,0.019118381664156914,0.4988500773906708,0.4967211186885834,0.0019878812599927187,0.046000003814697266,0.02792528085410595,0.00023250434605870396,0.016299555078148842,0.0022312982473522425,0.0723426342010498,0.011570939794182777,0.0023713388945907354,2.251724617963191e-05,0.006156911142170429,0.0010187600273638964,0.09920696914196014,0.024117523804306984
69,,0.5166356563568115,0.02234526537358761,0.49889159202575684,0.46012014150619507,0.007317509967833757,0.14900000393390656,0.004943232983350754,4.015602826257236e-05,0.028160925954580307,0.004017169121652842,0.11915804445743561,0.015008818358182907,0.04325228929519653,0.00011690051178447902,0.009021958336234093,0.0010865544900298119,0.12266375869512558,0.025818029418587685
71,,0.47131285071372986,-0.023518921807408333,0.4983169734477997,0.34852150082588196,0.005312838591635227,0.06050000339746475,0.0007696070242673159,6.268634933803696e-06,0.007405410520732403,0.0005528586334548891,0.025021368637681007,0.0031603453680872917,0.028014691546559334,0.00023428980784956366,0.0056533715687692165,0.0009646971593610942,0.07626819610595703,0.020121945068240166
72,,0.49096864461898804,-0.004136974457651377,0.4985949397087097,0.34893447160720825,0.003002581652253866,0.07349999994039536,0.00030717210029251873,2.185082621508627e-06,0.012570002116262913,0.0015928763896226883,0.07054641097784042,0.00999375618994236,0.006896171253174543,3.204166205250658e-05,0.0006584563525393605,9.339063399238512e-05,0.007178429514169693,0.0016601141542196274
74,,0.5093615651130676,0.014553599990904331,0.4984944760799408,0.36865177750587463,0.01484407763928175,0.0215000007301569,0.0005725731607526541,6.121325441199588e-06,0.007092452608048916,0.0010025621159002185,0.025664806365966797,0.003809715621173382,0.014415725134313107,9.185946692014113e-05,0.0049798935651779175,0.0009180675260722637,0.06303732097148895,0.018218528479337692
75,,0.5138387680053711,0.019123177975416183,0.49820655584335327,0.3491010367870331,0.0037331196945160627,0.039000000804662704,0.0004727404739242047,5.005921593692619e-06,0.01941545307636261,0.0026554821524769068,0.08448097109794617,0.012804298661649227,0.028175057843327522,0.00018662033835425973,0.006330670323222876,0.00097555888351053,0.08933906257152557,0.022104760631918907
76,,0.5241149067878723,0.029162878170609474,0.498690664768219,0.37387147545814514,0.002711779670789838,0.030500002205371857,0.0018238173797726631,1.537606840429362e-05,0.00944216176867485,0.0008364294189959764,0.06863490492105484,0.009529574774205685,0.07057550549507141,0.0005811429582536221,0.009032377041876316,0.0014488908927887678,0.12950317561626434,0.03289341554045677
77,,0.5118603706359863,0.017296284437179565,0.498422235250473,0.38581258058547974,0.012515459209680557,0.07150000333786011,0.0010075039463117719,8.84537075762637e-06,0.014479917474091053,0.0017047872534021735,0.052008647471666336,0.006780625786632299,0.013062100857496262,6.775901420041919e-05,0.004910802468657494,0.000916800054255873,0.07344171404838562,0.02080799639225006
78,,0.518304705619812,0.023303642868995667,0.49886608123779297,0.38650715351104736,0.0020991386845707893,0.03100000135600567,0.0007170535391196609,6.3014254010340665e-06,0.0073605990037322044,0.000815036182757467,0.036086950451135635,0.004927057307213545,0.028961095958948135,0.000218869186937809,0.006515071261674166,0.0010501556098461151,0.103153295814991,0.02602197229862213
80,,0.5066720247268677,0.011520439758896828,0.4985429346561432,0.3391318619251251,0.004860900808125734,0.03800000250339508,0.0051758489571511745,4.4686988985631615e-05,0.012254854664206505,0.0017946595326066017,0.08911217004060745,0.012404539622366428,0.006737081799656153,5.2964023780077696e-05,0.0034317420795559883,0.0006227850099094212,0.05147356912493706,0.014166570268571377
81,,0.5097599029541016,0.01489129289984703,0.4985474944114685,0.36789166927337646,0.003315108362585306,0.03500000014901161,0.0005108926561661065,5.232869625615422e-06,0.0045991698279976845,0.00039561622543260455,0.021071232855319977,0.002094275550916791,0.01174077857285738,7.149578595999628e-05,0.004234957508742809,0.0006295341299846768,0.07429646700620651,0.017741963267326355
84,,0.4846324622631073,-0.009681896306574345,0.4983136057853699,0.3999244272708893,0.0032528359442949295,0.06700000166893005,0.0010893570724874735,6.006499916111352e-06,0.007279080338776112,0.0009784173453226686,0.09024565666913986,0.012246973812580109,0.006307714618742466,2.7015146770281717e-05,0.0023988313041627407,0.0003841783618554473,0.03365179896354675,0.008308395743370056
85,,0.5072905421257019,0.012136401608586311,0.49852168560028076,0.33676061034202576,0.003186223329976201,0.06000000238418579,0.0005423676338978112,6.934366865607444e-06,0.011796376667916775,0.0009334872593171895,0.04497528821229935,0.005250356160104275,0.01724517159163952,6.462495366577059e-05,0.003983345814049244,0.0007106299162842333,0.0541369654238224,0.014292602427303791
87,,0.4963145852088928,0.001574444817379117,0.49846261739730835,0.37224844098091125,0.005654817912727594,0.0495000034570694,0.0025348863564431667,6.0406859120121226e-05,0.00452500581741333,0.0006398636032827199,0.05234823748469353,0.007429304998368025,0.0037900644820183516,2.7791849788627587e-05,0.0012720106169581413,0.00022094222367741168,0.015302775427699089,0.004297234117984772
88,,0.5114853978157043,0.016330435872077942,0.49868446588516235,0.3529536724090576,0.007016551215201616,0.03450000286102295,0.0023464602418243885,5.248650995781645e-05,0.005402776878327131,0.000702938181348145,0.051589835435152054,0.007068394683301449,0.01360892690718174,7.328682113438845e-05,0.00475582480430603,0.0005874297930859029,0.08787141740322113,0.018283886834979057
89,,0.5052559971809387,0.010104570537805557,0.4983821213245392,0.32307004928588867,0.005039428826421499,0.036500003188848495,0.0010348118375986814,2.2113437808002345e-05,0.0039591253735125065,0.0005568447522819042,0.025131726637482643,0.003401631722226739,0.005313246976584196,3.518445009831339e-05,0.0033160375896841288,0.0004984490806236863,0.0590757317841053,0.014011716470122337
91,,0.5084797143936157,0.013068018481135368,0.4984286427497864,0.3016945719718933,0.000919138197787106,0.02550000138580799,0.000565090449526906,1.1850566806970164e-05,0.003965750336647034,0.0005169806536287069,0.03817378357052803,0.005445489659905434,0.021267926320433617,0.00017461919924244285,0.004391830414533615,0.0005595078109763563,0.06694933772087097,0.014902974478900433
92,,0.5132637023925781,0.017893994227051735,0.4985823631286621,0.3212648630142212,0.005591758992522955,0.15400001406669617,0.000413883215514943,9.688730642665178e-06,0.010051170364022255,0.0012427548645064235,0.17336374521255493,0.024653825908899307,0.018606802448630333,0.00015026170876808465,0.004728472325950861,0.0007816106081008911,0.07094492763280869,0.019626306369900703
93,,0.5128141045570374,0.017355630174279213,0.49835094809532166,0.28924688696861267,0.003683441551402211,0.06300000101327896,0.0004797462315764278,7.18901310392539e-06,0.004982802551239729,0.0006343983113765717,0.09338714927434921,0.013360717333853245,0.02465198189020157,0.00014989789633546025,0.005077253095805645,0.000744720222428441,0.07779782265424728,0.018909988924860954
94,,0.49890926480293274,0.0031624052207916975,0.4984557628631592,0.2708936333656311,0.004682864993810654,0.02200000174343586,0.0010334841208532453,1.5967723811627366e-05,0.0035604089498519897,0.00044520333176478744,0.02044672891497612,0.0030263045337051153,0.012570329010486603,5.760772182838991e-05,0.0032403438817709684,0.000367616827134043,0.03192194923758507,0.0046483855694532394
97,,0.5088772177696228,0.01349856611341238,0.4986392557621002,0.3260621428489685,0.006274934858083725,0.015000000596046448,0.0003153764409944415,6.930601557542104e-06,0.00641790172085166,0.0010282057337462902,0.07700835913419724,0.010890319012105465,0.015404455363750458,0.00010024480434367433,0.004027954302728176,0.0005527387256734073,0.06522530317306519,0.015356753021478653
98,,0.5201787352561951,0.02413143217563629,0.49889856576919556,0.2851297855377197,0.010403364896774292,0.1770000010728836,0.0007194385398179293,1.2840273484471254e-05,0.007901798002421856,0.000928071211092174,0.16500189900398254,0.023257821798324585,0.03513103723526001,0.00028627339634113014,0.006466540973633528,0.0009359047398902476,0.10535667091608047,0.026334509253501892
99,,0.509817898273468,0.014520919881761074,0.49865254759788513,0.33555272221565247,0.008380258455872536,0.027500001713633537,0.0010791860986500978,1.3444580872601364e-05,0.00452593807131052,0.0007261783466674387,0.04533741995692253,0.006337496917694807,0.014717333018779755,0.00011566533794393763,0.004297483246773481,0.0005751827848143876,0.06980837136507034,0.016075974330306053
100,,0.508025586605072,0.013070088811218739,0.49837279319763184,0.34173429012298584,0.0033109942451119423,0.02250000089406967,0.0030237804166972637,7.060814095893875e-05,0.005936338100582361,0.0005935946828685701,0.07756223529577255,0.010578416287899017,0.02725989557802677,0.00022478733444586396,0.004256433341652155,0.0006045547197572887,0.05360977724194527,0.013151455670595169
101,,0.5163202881813049,0.02115625888109207,0.49852254986763,0.3358529806137085,0.010403492487967014,0.013500000350177288,0.020170658826828003,4.2576455598464236e-05,0.0020417103078216314,0.00020553772628773004,0.022911077365279198,0.0032406961545348167,0.03017311729490757,0.00024578708689659834,0.006379772908985615,0.0009268790599890053,0.09229744970798492,0.0230720192193985
102,,0.513246476650238,0.017825908958911896,0.49854493141174316,0.31243953108787537,0.005141116213053465,0.07100000232458115,0.0007498789927922189,9.796975973586086e-06,0.00595086719840765,0.0008311006822623312,0.09920857846736908,0.014458705671131611,0.02060350961983204,0.00016106563271023333,0.004888557363301516,0.000745830126106739,0.08112656325101852,0.02099204808473587
103,,0.5254703760147095,0.02930993214249611,0.4990432560443878,0.2882862389087677,-5.66557064303197e-05,0.010000000707805157,0.00028926858794875443,6.711064088449348e-06,0.0056438148021698,0.0005523668951354921,0.04627760499715805,0.005277652759104967,0.03441774472594261,0.0002657129371073097,0.00682395463809371,0.001042424002662301,0.12360048294067383,0.031207920983433723
104,,0.5161401629447937,0.020774781703948975,0.4986225962638855,0.3257264792919159,0.0026298747397959232,0.04500000178813934,0.00025162851670756936,5.990885711071314e-06,0.005505845416337252,0.0008318556938320398,0.08294423669576645,0.011943573132157326,0.0325184091925621,0.00026782622444443405,0.005647786892950535,0.0008026998839341104,0.09147384017705917,0.023277603089809418
106,,0.5624909400939941,0.0628887414932251,0.5029760599136353,0.3373897671699524,0.0029387599788606167,0.03550000116229057,0.0022794625256210566,4.6650751755805686e-05,0.006396959535777569,0.0008551163482479751,0.03945867344737053,0.005554470233619213,0.057385627180337906,0.00047935842303559184,0.02782154269516468,0.003569858381524682,0.32752469182014465,0.0657748430967331
109,,0.515606164932251,0.02046310342848301,0.49830162525177,0.31586018204689026,0.003481590421870351,0.007500000298023224,0.00013930069690104574,3.3636417811067076e-06,0.00328949186950922,0.00038531378959305584,0.05175285041332245,0.007281099911779165,0.08633502572774887,0.0007016754825599492,0.011574184522032738,0.0015647864202037454,0.0994371697306633,0.023153457790613174
110,,0.5103104114532471,0.015696944668889046,0.49806642532348633,0.34529659152030945,0.007757190614938736,0.0430000014603138,0.00011812290904344991,2.7977478112006793e-06,0.00521553261205554,0.000636635406408459,0.0939328745007515,0.012406524270772934,0.09379628300666809,0.0007746539195068181,0.008777591399848461,0.001172502408735454,0.08592845499515533,0.019755184650421143
111,,0.4965660274028778,0.001654073828831315,0.4984627068042755,0.35507869720458984,0.004143108613789082,0.02850000187754631,0.00017393549205735326,4.215648004901595e-06,0.004629811737686396,0.0005340786883607507,0.07159753143787384,0.009870341047644615,0.01183613296598196,8.29005366540514e-05,0.0009194692829623818,0.00011766679381253198,0.013754711486399174,0.002934865653514862
113,,0.5004304051399231,0.007520628161728382,0.49839553236961365,0.5485824346542358,0.08555784821510315,0.20200000703334808,0.2940391004085541,0.007123204413801432,0.08622930198907852,0.010737583972513676,0.07219719886779785,0.010945114307105541,0.010161926969885826,4.613198325387202e-05,0.0005655013956129551,8.74618417583406e-05,0.011079746298491955,0.0028012050315737724
114,,0.4720236659049988,-0.023211205378174782,0.4982505440711975,0.3015684187412262,0.007092337589710951,0.057500001043081284,8.865386917022988e-05,2.1487921912921593e-06,0.0032749250531196594,0.0003943837946280837,0.05316174775362015,0.007650683633983135,0.027353834360837936,0.00022072628780733794,0.00471560750156641,0.0007310179062187672,0.08049356192350388,0.020796146243810654
115,,0.4666520059108734,-0.028749750927090645,0.4983629882335663,0.29612815380096436,0.0022089132107794285,0.0215000007301569,0.00019537385378498584,2.1378148176154355e-06,0.0024405019357800484,0.00031181907979771495,0.06874104589223862,0.00986632239073515,0.08395547419786453,0.0007192575722001493,0.008461813442409039,0.0011752850841730833,0.11425109952688217,0.027609065175056458
116,,0.47441330552101135,-0.02093195915222168,0.498465359210968,0.31201401352882385,0.0029388924594968557,0.014000000432133675,0.00011657337745418772,2.8288627618167084e-06,0.004347031936049461,0.0004947626730427146,0.039081692695617676,0.004888774361461401,0.030735725536942482,0.00022814155090600252,0.00466576311737299,0.0006661047809757292,0.07902652770280838,0.019199715927243233
118,,0.4947168529033661,-0.0009039459400810301,0.49840235710144043,0.2781565189361572,0.005975444335490465,0.05100000277161598,0.0001852870045695454,4.511528004513821e-06,0.002867106581106782,0.00035336357541382313,0.026190822944045067,0.0033617049921303988,0.002708910498768091,3.2476320484420285e-05,0.00083075778093189,8.832960156723857e-05,0.006108075380325317,0.0006284434348344803
119,,0.5103104710578918,0.0150309382006526,0.49819424748420715,0.291469931602478,0.0034002915490418673,0.023000001907348633,0.0003483773616608232,8.172094567271415e-06,0.0038653367664664984,0.0005350308492779732,0.10816923528909683,0.01559987012296915,0.02669493295252323,0.000219744659261778,0.0042579565197229385,0.0006367812748067081,0.06289546191692352,0.016880668699741364
120,,0.5081036686897278,0.012196280062198639,0.4986676871776581,0.2760300934314728,0.0018763772677630186,0.013000000268220901,0.00025417248252779245,6.142971415101783e-06,0.0013925813836976886,0.00018067791825160384,0.012878495268523693,0.0017501143738627434,0.008318092674016953,4.336296478868462e-05,0.0019276661332696676,0.0002627199864946306,0.059271108359098434,0.01351420022547245
121,,0.5296953320503235,0.03359972685575485,0.4988465905189514,0.27509835362434387,0.002894714940339327,0.02550000138580799,0.00024748279247432947,5.990446879877709e-06,0.0022129772696644068,0.00027520456933416426,0.03087129443883896,0.004478004761040211,0.027860837057232857,0.00019931599672418088,0.007543688174337149,0.00116251059807837,0.13582487404346466,0.034663017839193344
124,,0.49442532658576965,-0.001515028066933155,0.49864956736564636,0.2709277868270874,0.002574104815721512,0.027000000700354576,0.0001436428865417838,3.4009437968052225e-06,0.004699064418673515,0.0005973935476504266,0.04385233297944069,0.006537363398820162,0.0017786072567105293,2.092100476147607e-05,0.0002842719841282815,3.139460750389844e-05,0.003228990826755762,0.00040619634091854095
41680,,,,,,,,0.0001436428865417838,3.4009437968052225e-06,0.004699064418673515,0.0005973935476504266,0.04385233297944069,0.006537363398820162,0.0017786072567105293,2.092100476147607e-05,0.0002842719841282815,3.139460750389844e-05,0.003228990826755762,0.00040619634091854095
41720,,,,,,,,0.0001436428865417838,3.4009437968052225e-06,0.004699064418673515,0.0005973935476504266,0.04385233297944069,0.006537363398820162,0.0017786072567105293,2.092100476147607e-05,0.0002842719841282815,3.139460750389844e-05,0.003228990826755762,0.00040619634091854095
41740,,,,,,,,0.0001436428865417838,3.4009437968052225e-06,0.004699064418673515,0.0005973935476504266,0.04385233297944069,0.006537363398820162,0.0017786072567105293,2.092100476147607e-05,0.0002842719841282815,3.139460750389844e-05,0.003228990826755762,0.00040619634091854095
41760,,,,,,,,0.0001436428865417838,3.4009437968052225e-06,0.004699064418673515,0.0005973935476504266,0.04385233297944069,0.006537363398820162,0.0017786072567105293,2.092100476147607e-05,0.0002842719841282815,3.139460750389844e-05,0.003228990826755762,0.00040619634091854095
41800,,,,,,,,0.0001436428865417838,3.4009437968052225e-06,0.004699064418673515,0.0005973935476504266,0.04385233297944069,0.006537363398820162,0.0017786072567105293,2.092100476147607e-05,0.0002842719841282815,3.139460750389844e-05,0.003228990826755762,0.00040619634091854095
41820,,,,,,,,0.0001436428865417838,3.4009437968052225e-06,0.004699064418673515,0.0005973935476504266,0.04385233297944069,0.006537363398820162,0.0017786072567105293,2.092100476147607e-05,0.0002842719841282815,3.139460750389844e-05,0.003228990826755762,0.00040619634091854095
41840,,,,,,,,0.0001436428865417838,3.4009437968052225e-06,0.004699064418673515,0.0005973935476504266,0.04385233297944069,0.006537363398820162,0.0017786072567105293,2.092100476147607e-05,0.0002842719841282815,3.139460750389844e-05,0.003228990826755762,0.00040619634091854095
41860,,,,,,,,0.0001436428865417838,3.4009437968052225e-06,0.004699064418673515,0.0005973935476504266,0.04385233297944069,0.006537363398820162,0.0017786072567105293,2.092100476147607e-05,0.0002842719841282815,3.139460750389844e-05,0.003228990826755762,0.00040619634091854095
41880,,,,,,,,0.0001436428865417838,3.4009437968052225e-06,0.004699064418673515,0.0005973935476504266,0.04385233297944069,0.006537363398820162,0.0017786072567105293,2.092100476147607e-05,0.0002842719841282815,3.139460750389844e-05,0.003228990826755762,0.00040619634091854095
41900,,,,,,,,0.0001436428865417838,3.4009437968052225e-06,0.004699064418673515,0.0005973935476504266,0.04385233297944069,0.006537363398820162,0.0017786072567105293,2.092100476147607e-05,0.0002842719841282815,3.139460750389844e-05,0.003228990826755762,0.00040619634091854095
41920,,,,,,,,0.0001436428865417838,3.4009437968052225e-06,0.004699064418673515,0.0005973935476504266,0.04385233297944069,0.006537363398820162,0.0017786072567105293,2.092100476147607e-05,0.0002842719841282815,3.139460750389844e-05,0.003228990826755762,0.00040619634091854095
41940,,,,,,,,0.0001436428865417838,3.4009437968052225e-06,0.004699064418673515,0.0005973935476504266,0.04385233297944069,0.006537363398820162,0.0017786072567105293,2.092100476147607e-05,0.0002842719841282815,3.139460750389844e-05,0.003228990826755762,0.00040619634091854095
41960,,,,,,,,0.0001436428865417838,3.4009437968052225e-06,0.004699064418673515,0.0005973935476504266,0.04385233297944069,0.006537363398820162,0.0017786072567105293,2.092100476147607e-05,0.0002842719841282815,3.139460750389844e-05,0.003228990826755762,0.00040619634091854095
